Timestamp,Device ID,Device Type,Location,CPU %,RAM %,Temperature (°C),Signal (dBm),Uptime (s),Is Anomaly,Hour,Date,Weekday,Signal Quality,Temp Status,CPU Status
2026-05-25 09:03:03.718141,device_001,gateway,warehouse_a,30.5,57.6,51.59,-52,21600,False,9,2026-05-25,Monday,Excellent,Normal,Normal
2026-05-25 09:03:03.718141,device_002,camera,factory_floor_2,72.6,69.1,60.3,-65,21600,False,9,2026-05-25,Monday,Good,Normal,High
2026-05-25 09:03:03.718141,device_003,sensor,warehouse_b,15.9,33.1,44.3,-67,21600,False,9,2026-05-25,Monday,Good,Normal,Normal
2026-05-25 09:03:03.718141,device_004,camera,warehouse_b,67.7,68.1,59.61,-54,21600,False,9,2026-05-25,Monday,Excellent,Normal,Normal
2026-05-25 09:03:03.718141,device_005,gateway,warehouse_a,29.2,48.1,46.26,-54,21600,False,9,2026-05-25,Monday,Excellent,Normal,Normal
2026-05-25 09:03:03.718141,device_006,sensor,factory_floor_2,5.2,36.3,38.96,-59,21600,False,9,2026-05-25,Monday,Excellent,Normal,Normal
2026-05-25 09:03:03.718141,device_007,sensor,warehouse_a,3.5,40.9,37.76,-68,21600,False,9,2026-05-25,Monday,Good,Normal,Normal
2026-05-25 09:03:03.718141,device_008,gateway,loading_bay,26.9,49.3,52.2,-56,21600,False,9,2026-05-25,Monday,Excellent,Normal,Normal
2026-05-25 09:03:03.718141,device_009,sensor,office_block,5.3,30.4,42.33,-68,21600,False,9,2026-05-25,Monday,Good,Normal,Normal
2026-05-25 09:03:03.718141,device_010,camera,warehouse_a,66.9,68.8,59.2,-63,21600,False,9,2026-05-25,Monday,Good,Normal,Normal
2026-05-25 09:03:03.718141,device_011,camera,factory_floor_1,62.0,69.9,66.56,-52,21600,False,9,2026-05-25,Monday,Excellent,Normal,Normal
2026-05-25 09:03:03.718141,device_012,camera,server_room,59.7,65.1,63.47,-55,21600,False,9,2026-05-25,Monday,Excellent,Normal,Normal
2026-05-25 09:03:03.718141,device_013,sensor,factory_floor_2,9.0,29.7,36.12,-59,21600,False,9,2026-05-25,Monday,Excellent,Normal,Normal
2026-05-25 09:03:03.718141,device_014,controller,server_room,19.0,45.7,50.22,-60,21600,False,9,2026-05-25,Monday,Excellent,Normal,Normal
2026-05-25 09:03:03.718141,device_015,sensor,loading_bay,7.4,29.1,41.1,-68,21600,False,9,2026-05-25,Monday,Good,Normal,Normal
2026-05-25 09:04:03.718141,device_001,gateway,warehouse_a,24.4,59.2,50.62,-58,21540,False,9,2026-05-25,Monday,Excellent,Normal,Normal
2026-05-25 09:04:03.718141,device_002,camera,factory_floor_2,66.7,71.3,55.71,-59,21540,False,9,2026-05-25,Monday,Excellent,Normal,Normal
2026-05-25 09:04:03.718141,device_003,sensor,warehouse_b,6.1,37.4,39.97,-58,21540,False,9,2026-05-25,Monday,Excellent,Normal,Normal
2026-05-25 09:04:03.718141,device_004,camera,warehouse_b,70.2,66.6,63.79,-59,21540,False,9,2026-05-25,Monday,Excellent,Normal,High
2026-05-25 09:04:03.718141,device_005,gateway,warehouse_a,26.5,58.9,52.99,-62,21540,False,9,2026-05-25,Monday,Good,Normal,Normal
2026-05-25 09:04:03.718141,device_006,sensor,factory_floor_2,5.6,30.6,41.44,-69,21540,False,9,2026-05-25,Monday,Good,Normal,Normal
2026-05-25 09:04:03.718141,device_007,sensor,warehouse_a,2.0,40.4,44.44,-58,21540,False,9,2026-05-25,Monday,Excellent,Normal,Normal
2026-05-25 09:04:03.718141,device_008,gateway,loading_bay,27.6,56.4,55.01,-57,21540,False,9,2026-05-25,Monday,Excellent,Normal,Normal
2026-05-25 09:04:03.718141,device_009,sensor,office_block,4.8,41.2,43.08,-60,21540,False,9,2026-05-25,Monday,Excellent,Normal,Normal
2026-05-25 09:04:03.718141,device_010,camera,warehouse_a,64.8,59.5,65.69,-51,21540,False,9,2026-05-25,Monday,Excellent,Normal,Normal
2026-05-25 09:04:03.718141,device_011,camera,factory_floor_1,69.1,68.8,61.26,-52,21540,False,9,2026-05-25,Monday,Excellent,Normal,Normal
2026-05-25 09:04:03.718141,device_012,camera,server_room,65.5,69.1,55.04,-62,21540,False,9,2026-05-25,Monday,Good,Normal,Normal
2026-05-25 09:04:03.718141,device_013,sensor,factory_floor_2,9.8,32.9,46.43,-62,21540,False,9,2026-05-25,Monday,Good,Normal,Normal
2026-05-25 09:04:03.718141,device_014,controller,server_room,14.0,48.7,46.49,-55,21540,False,9,2026-05-25,Monday,Excellent,Normal,Normal
2026-05-25 09:04:03.718141,device_015,sensor,loading_bay,9.6,37.1,40.41,-58,21540,False,9,2026-05-25,Monday,Excellent,Normal,Normal
2026-05-25 09:05:03.718141,device_001,gateway,warehouse_a,28.5,52.2,54.91,-59,21480,False,9,2026-05-25,Monday,Excellent,Normal,Normal
2026-05-25 09:05:03.718141,device_002,camera,factory_floor_2,63.4,64.1,59.82,-64,21480,False,9,2026-05-25,Monday,Good,Normal,Normal
2026-05-25 09:05:03.718141,device_003,sensor,warehouse_b,9.5,35.0,42.78,-67,21480,False,9,2026-05-25,Monday,Good,Normal,Normal
2026-05-25 09:05:03.718141,device_004,camera,warehouse_b,63.8,68.3,56.75,-61,21480,False,9,2026-05-25,Monday,Good,Normal,Normal
2026-05-25 09:05:03.718141,device_005,gateway,warehouse_a,26.3,54.4,49.59,-50,21480,False,9,2026-05-25,Monday,Excellent,Normal,Normal
2026-05-25 09:05:03.718141,device_006,sensor,factory_floor_2,10.0,35.7,47.66,-58,21480,False,9,2026-05-25,Monday,Excellent,Normal,Normal
2026-05-25 09:05:03.718141,device_007,sensor,warehouse_a,9.3,27.3,41.78,-56,21480,False,9,2026-05-25,Monday,Excellent,Normal,Normal
2026-05-25 09:05:03.718141,device_008,gateway,loading_bay,27.9,64.9,52.18,-63,21480,False,9,2026-05-25,Monday,Good,Normal,Normal
2026-05-25 09:05:03.718141,device_009,sensor,office_block,7.0,34.9,42.9,-67,21480,False,9,2026-05-25,Monday,Good,Normal,Normal
2026-05-25 09:05:03.718141,device_010,camera,warehouse_a,59.2,73.0,64.43,-58,21480,False,9,2026-05-25,Monday,Excellent,Normal,Normal
2026-05-25 09:05:03.718141,device_011,camera,factory_floor_1,69.0,75.6,58.27,-56,21480,False,9,2026-05-25,Monday,Excellent,Normal,Normal
2026-05-25 09:05:03.718141,device_012,camera,server_room,58.0,78.8,62.76,-53,21480,False,9,2026-05-25,Monday,Excellent,Normal,Normal
2026-05-25 09:05:03.718141,device_013,sensor,factory_floor_2,3.0,35.4,40.3,-70,21480,False,9,2026-05-25,Monday,Good,Normal,Normal
2026-05-25 09:05:03.718141,device_014,controller,server_room,15.5,45.3,43.35,-60,21480,False,9,2026-05-25,Monday,Excellent,Normal,Normal
2026-05-25 09:05:03.718141,device_015,sensor,loading_bay,2.7,31.3,43.42,-65,21480,False,9,2026-05-25,Monday,Good,Normal,Normal
2026-05-25 09:06:03.718141,device_001,gateway,warehouse_a,35.7,53.7,49.65,-60,21420,False,9,2026-05-25,Monday,Excellent,Normal,Normal
2026-05-25 09:06:03.718141,device_002,camera,factory_floor_2,69.1,70.9,57.31,-57,21420,False,9,2026-05-25,Monday,Excellent,Normal,Normal
2026-05-25 09:06:03.718141,device_003,sensor,warehouse_b,14.5,35.7,37.18,-54,21420,False,9,2026-05-25,Monday,Excellent,Normal,Normal
2026-05-25 09:06:03.718141,device_004,camera,warehouse_b,66.3,65.1,63.35,-62,21420,False,9,2026-05-25,Monday,Good,Normal,Normal
2026-05-25 09:06:03.718141,device_005,gateway,warehouse_a,21.4,56.2,53.57,-58,21420,False,9,2026-05-25,Monday,Excellent,Normal,Normal
2026-05-25 09:06:03.718141,device_006,sensor,factory_floor_2,9.3,32.3,43.04,-54,21420,False,9,2026-05-25,Monday,Excellent,Normal,Normal
2026-05-25 09:06:03.718141,device_007,sensor,warehouse_a,9.2,32.1,42.88,-60,21420,False,9,2026-05-25,Monday,Excellent,Normal,Normal
2026-05-25 09:06:03.718141,device_008,gateway,loading_bay,37.3,50.2,53.42,-60,21420,False,9,2026-05-25,Monday,Excellent,Normal,Normal
2026-05-25 09:06:03.718141,device_009,sensor,office_block,11.3,38.1,39.08,-61,21420,False,9,2026-05-25,Monday,Good,Normal,Normal
2026-05-25 09:06:03.718141,device_010,camera,warehouse_a,70.8,73.9,58.54,-59,21420,False,9,2026-05-25,Monday,Excellent,Normal,High
2026-05-25 09:06:03.718141,device_011,camera,factory_floor_1,67.1,77.6,63.47,-64,21420,False,9,2026-05-25,Monday,Good,Normal,Normal
2026-05-25 09:06:03.718141,device_012,camera,server_room,63.8,66.4,58.74,-51,21420,False,9,2026-05-25,Monday,Excellent,Normal,Normal
2026-05-25 09:06:03.718141,device_013,sensor,factory_floor_2,3.9,36.4,41.77,-66,21420,False,9,2026-05-25,Monday,Good,Normal,Normal
2026-05-25 09:06:03.718141,device_014,controller,server_room,19.4,45.1,50.48,-53,21420,False,9,2026-05-25,Monday,Excellent,Normal,Normal
2026-05-25 09:06:03.718141,device_015,sensor,loading_bay,15.3,45.9,41.21,-65,21420,False,9,2026-05-25,Monday,Good,Normal,Normal
2026-05-25 09:07:03.718141,device_001,gateway,warehouse_a,31.1,50.7,49.43,-50,21360,False,9,2026-05-25,Monday,Excellent,Normal,Normal
2026-05-25 09:07:03.718141,device_002,camera,factory_floor_2,67.4,72.9,60.33,-60,21360,False,9,2026-05-25,Monday,Excellent,Normal,Normal
2026-05-25 09:07:03.718141,device_003,sensor,warehouse_b,10.4,31.6,41.78,-58,21360,False,9,2026-05-25,Monday,Excellent,Normal,Normal
2026-05-25 09:07:03.718141,device_004,camera,warehouse_b,57.4,73.4,59.66,-55,21360,False,9,2026-05-25,Monday,Excellent,Normal,Normal
2026-05-25 09:07:03.718141,device_005,gateway,warehouse_a,29.1,55.7,48.26,-47,21360,False,9,2026-05-25,Monday,Excellent,Normal,Normal
2026-05-25 09:07:03.718141,device_006,sensor,factory_floor_2,9.9,35.6,39.35,-63,21360,False,9,2026-05-25,Monday,Good,Normal,Normal
2026-05-25 09:07:03.718141,device_007,sensor,warehouse_a,8.3,36.4,38.57,-60,21360,False,9,2026-05-25,Monday,Excellent,Normal,Normal
2026-05-25 09:07:03.718141,device_008,gateway,loading_bay,30.8,59.2,55.25,-56,21360,False,9,2026-05-25,Monday,Excellent,Normal,Normal
2026-05-25 09:07:03.718141,device_009,sensor,office_block,1.1,37.1,39.19,-70,21360,False,9,2026-05-25,Monday,Good,Normal,Normal
2026-05-25 09:07:03.718141,device_010,camera,warehouse_a,67.6,85.4,62.55,-65,21360,False,9,2026-05-25,Monday,Good,Normal,Normal
2026-05-25 09:07:03.718141,device_011,camera,factory_floor_1,67.9,73.8,64.41,-65,21360,False,9,2026-05-25,Monday,Good,Normal,Normal
2026-05-25 09:07:03.718141,device_012,camera,server_room,68.3,73.0,60.05,-64,21360,False,9,2026-05-25,Monday,Good,Normal,Normal
2026-05-25 09:07:03.718141,device_013,sensor,factory_floor_2,4.1,33.1,41.29,-62,21360,False,9,2026-05-25,Monday,Good,Normal,Normal
2026-05-25 09:07:03.718141,device_014,controller,server_room,18.4,37.5,54.94,-62,21360,False,9,2026-05-25,Monday,Good,Normal,Normal
2026-05-25 09:07:03.718141,device_015,sensor,loading_bay,11.4,33.1,37.16,-55,21360,False,9,2026-05-25,Monday,Excellent,Normal,Normal
2026-05-25 09:08:03.718141,device_001,gateway,warehouse_a,33.4,50.7,52.19,-48,21300,False,9,2026-05-25,Monday,Excellent,Normal,Normal
2026-05-25 09:08:03.718141,device_002,camera,factory_floor_2,61.4,67.1,63.04,-60,21300,False,9,2026-05-25,Monday,Excellent,Normal,Normal
2026-05-25 09:08:03.718141,device_003,sensor,warehouse_b,9.1,32.4,42.14,-57,21300,False,9,2026-05-25,Monday,Excellent,Normal,Normal
2026-05-25 09:08:03.718141,device_004,camera,warehouse_b,75.7,61.9,62.9,-53,21300,False,9,2026-05-25,Monday,Excellent,Normal,High
2026-05-25 09:08:03.718141,device_005,gateway,warehouse_a,28.9,58.4,50.01,-62,21300,False,9,2026-05-25,Monday,Good,Normal,Normal
2026-05-25 09:08:03.718141,device_006,sensor,factory_floor_2,4.0,37.0,41.66,-67,21300,False,9,2026-05-25,Monday,Good,Normal,Normal
2026-05-25 09:08:03.718141,device_007,sensor,warehouse_a,12.3,33.7,38.4,-60,21300,False,9,2026-05-25,Monday,Excellent,Normal,Normal
2026-05-25 09:08:03.718141,device_008,gateway,loading_bay,25.6,62.1,50.04,-60,21300,False,9,2026-05-25,Monday,Excellent,Normal,Normal
2026-05-25 09:08:03.718141,device_009,sensor,office_block,10.0,38.7,38.22,-64,21300,False,9,2026-05-25,Monday,Good,Normal,Normal
2026-05-25 09:08:03.718141,device_010,camera,warehouse_a,75.6,63.9,64.1,-62,21300,False,9,2026-05-25,Monday,Good,Normal,High
2026-05-25 09:08:03.718141,device_011,camera,factory_floor_1,62.6,67.2,64.8,-58,21300,False,9,2026-05-25,Monday,Excellent,Normal,Normal
2026-05-25 09:08:03.718141,device_012,camera,server_room,67.2,66.3,63.32,-64,21300,False,9,2026-05-25,Monday,Good,Normal,Normal
2026-05-25 09:08:03.718141,device_013,sensor,factory_floor_2,7.7,30.9,32.28,-67,21300,False,9,2026-05-25,Monday,Good,Normal,Normal
2026-05-25 09:08:03.718141,device_014,controller,server_room,16.7,51.5,44.26,-68,21300,False,9,2026-05-25,Monday,Good,Normal,Normal
2026-05-25 09:08:03.718141,device_015,sensor,loading_bay,1.0,35.5,40.68,-63,21300,False,9,2026-05-25,Monday,Good,Normal,Normal
2026-05-25 09:09:03.718141,device_001,gateway,warehouse_a,35.2,59.7,47.69,-48,21240,False,9,2026-05-25,Monday,Excellent,Normal,Normal
2026-05-25 09:09:03.718141,device_002,camera,factory_floor_2,65.1,71.8,58.06,-54,21240,False,9,2026-05-25,Monday,Excellent,Normal,Normal
2026-05-25 09:09:03.718141,device_003,sensor,warehouse_b,9.0,35.3,40.2,-65,21240,False,9,2026-05-25,Monday,Good,Normal,Normal
2026-05-25 09:09:03.718141,device_004,camera,warehouse_b,63.1,72.6,61.34,-54,21240,False,9,2026-05-25,Monday,Excellent,Normal,Normal
2026-05-25 09:09:03.718141,device_005,gateway,warehouse_a,35.9,63.5,48.29,-49,21240,False,9,2026-05-25,Monday,Excellent,Normal,Normal
2026-05-25 09:09:03.718141,device_006,sensor,factory_floor_2,1.0,37.4,41.54,-55,21240,False,9,2026-05-25,Monday,Excellent,Normal,Normal
2026-05-25 09:09:03.718141,device_007,sensor,warehouse_a,9.4,34.2,40.13,-61,21240,False,9,2026-05-25,Monday,Good,Normal,Normal
2026-05-25 09:09:03.718141,device_008,gateway,loading_bay,25.5,58.4,50.23,-62,21240,False,9,2026-05-25,Monday,Good,Normal,Normal
2026-05-25 09:09:03.718141,device_009,sensor,office_block,9.8,38.6,39.92,-69,21240,False,9,2026-05-25,Monday,Good,Normal,Normal
2026-05-25 09:09:03.718141,device_010,camera,warehouse_a,66.5,72.5,63.44,-65,21240,False,9,2026-05-25,Monday,Good,Normal,Normal
2026-05-25 09:09:03.718141,device_011,camera,factory_floor_1,60.9,73.0,59.32,-51,21240,False,9,2026-05-25,Monday,Excellent,Normal,Normal
2026-05-25 09:09:03.718141,device_012,camera,server_room,68.1,70.5,60.94,-50,21240,False,9,2026-05-25,Monday,Excellent,Normal,Normal
2026-05-25 09:09:03.718141,device_013,sensor,factory_floor_2,14.4,37.2,40.23,-54,21240,False,9,2026-05-25,Monday,Excellent,Normal,Normal
2026-05-25 09:09:03.718141,device_014,controller,server_room,17.0,49.4,47.35,-63,21240,False,9,2026-05-25,Monday,Good,Normal,Normal
2026-05-25 09:09:03.718141,device_015,sensor,loading_bay,12.1,40.2,44.44,-68,21240,False,9,2026-05-25,Monday,Good,Normal,Normal
2026-05-25 09:10:03.718141,device_001,gateway,warehouse_a,28.1,53.8,54.05,-56,21180,False,9,2026-05-25,Monday,Excellent,Normal,Normal
2026-05-25 09:10:03.718141,device_002,camera,factory_floor_2,66.6,70.4,60.61,-59,21180,False,9,2026-05-25,Monday,Excellent,Normal,Normal
2026-05-25 09:10:03.718141,device_003,sensor,warehouse_b,11.0,43.4,39.55,-69,21180,False,9,2026-05-25,Monday,Good,Normal,Normal
2026-05-25 09:10:03.718141,device_004,camera,warehouse_b,60.0,74.6,57.36,-53,21180,False,9,2026-05-25,Monday,Excellent,Normal,Normal
2026-05-25 09:10:03.718141,device_005,gateway,warehouse_a,32.0,57.5,53.87,-47,21180,False,9,2026-05-25,Monday,Excellent,Normal,Normal
2026-05-25 09:10:03.718141,device_006,sensor,factory_floor_2,7.9,35.3,39.31,-62,21180,False,9,2026-05-25,Monday,Good,Normal,Normal
2026-05-25 09:10:03.718141,device_007,sensor,warehouse_a,4.6,34.4,44.93,-60,21180,False,9,2026-05-25,Monday,Excellent,Normal,Normal
2026-05-25 09:10:03.718141,device_008,gateway,loading_bay,23.9,56.7,51.04,-51,21180,False,9,2026-05-25,Monday,Excellent,Normal,Normal
2026-05-25 09:10:03.718141,device_009,sensor,office_block,5.2,36.0,39.53,-61,21180,False,9,2026-05-25,Monday,Good,Normal,Normal
2026-05-25 09:10:03.718141,device_010,camera,warehouse_a,66.2,68.1,59.48,-64,21180,False,9,2026-05-25,Monday,Good,Normal,Normal
2026-05-25 09:10:03.718141,device_011,camera,factory_floor_1,96.2,64.4,76.66,-63,21180,True,9,2026-05-25,Monday,Good,Warning,Critical
2026-05-25 09:10:03.718141,device_012,camera,server_room,61.4,71.2,60.36,-60,21180,False,9,2026-05-25,Monday,Excellent,Normal,Normal
2026-05-25 09:10:03.718141,device_013,sensor,factory_floor_2,15.4,34.4,44.57,-66,21180,False,9,2026-05-25,Monday,Good,Normal,Normal
2026-05-25 09:10:03.718141,device_014,controller,server_room,17.9,44.9,44.99,-66,21180,False,9,2026-05-25,Monday,Good,Normal,Normal
2026-05-25 09:10:03.718141,device_015,sensor,loading_bay,6.6,31.7,42.97,-59,21180,False,9,2026-05-25,Monday,Excellent,Normal,Normal
2026-05-25 09:11:03.718141,device_001,gateway,warehouse_a,30.6,54.6,56.6,-49,21120,False,9,2026-05-25,Monday,Excellent,Normal,Normal
2026-05-25 09:11:03.718141,device_002,camera,factory_floor_2,67.0,68.4,63.07,-57,21120,False,9,2026-05-25,Monday,Excellent,Normal,Normal
2026-05-25 09:11:03.718141,device_003,sensor,warehouse_b,9.1,35.4,42.04,-54,21120,False,9,2026-05-25,Monday,Excellent,Normal,Normal
2026-05-25 09:11:03.718141,device_004,camera,warehouse_b,91.1,72.0,81.07,-57,21120,True,9,2026-05-25,Monday,Excellent,Critical,Critical
2026-05-25 09:11:03.718141,device_005,gateway,warehouse_a,35.3,63.6,54.88,-60,21120,False,9,2026-05-25,Monday,Excellent,Normal,Normal
2026-05-25 09:11:03.718141,device_006,sensor,factory_floor_2,4.2,35.7,44.62,-66,21120,False,9,2026-05-25,Monday,Good,Normal,Normal
2026-05-25 09:11:03.718141,device_007,sensor,warehouse_a,18.9,31.6,39.58,-67,21120,False,9,2026-05-25,Monday,Good,Normal,Normal
2026-05-25 09:11:03.718141,device_008,gateway,loading_bay,25.0,52.9,45.63,-59,21120,False,9,2026-05-25,Monday,Excellent,Normal,Normal
2026-05-25 09:11:03.718141,device_009,sensor,office_block,4.2,36.4,42.45,-64,21120,False,9,2026-05-25,Monday,Good,Normal,Normal
2026-05-25 09:11:03.718141,device_010,camera,warehouse_a,74.4,67.7,63.85,-60,21120,False,9,2026-05-25,Monday,Excellent,Normal,High
2026-05-25 09:11:03.718141,device_011,camera,factory_floor_1,60.5,64.7,62.48,-58,21120,False,9,2026-05-25,Monday,Excellent,Normal,Normal
2026-05-25 09:11:03.718141,device_012,camera,server_room,74.2,68.1,64.54,-58,21120,False,9,2026-05-25,Monday,Excellent,Normal,High
2026-05-25 09:11:03.718141,device_013,sensor,factory_floor_2,1.0,34.5,46.06,-69,21120,False,9,2026-05-25,Monday,Good,Normal,Normal
2026-05-25 09:11:03.718141,device_014,controller,server_room,24.2,42.6,43.22,-55,21120,False,9,2026-05-25,Monday,Excellent,Normal,Normal
2026-05-25 09:11:03.718141,device_015,sensor,loading_bay,8.0,33.2,42.14,-69,21120,False,9,2026-05-25,Monday,Good,Normal,Normal
2026-05-25 09:12:03.718141,device_001,gateway,warehouse_a,61.1,54.4,68.8,-59,21060,True,9,2026-05-25,Monday,Excellent,Normal,Normal
2026-05-25 09:12:03.718141,device_002,camera,factory_floor_2,65.6,72.8,62.54,-58,21060,False,9,2026-05-25,Monday,Excellent,Normal,Normal
2026-05-25 09:12:03.718141,device_003,sensor,warehouse_b,2.4,40.1,37.4,-56,21060,False,9,2026-05-25,Monday,Excellent,Normal,Normal
2026-05-25 09:12:03.718141,device_004,camera,warehouse_b,66.7,76.2,58.75,-53,21060,False,9,2026-05-25,Monday,Excellent,Normal,Normal
2026-05-25 09:12:03.718141,device_005,gateway,warehouse_a,28.6,55.3,55.54,-60,21060,False,9,2026-05-25,Monday,Excellent,Normal,Normal
2026-05-25 09:12:03.718141,device_006,sensor,factory_floor_2,18.3,34.0,47.27,-66,21060,False,9,2026-05-25,Monday,Good,Normal,Normal
2026-05-25 09:12:03.718141,device_007,sensor,warehouse_a,12.9,40.5,43.94,-59,21060,False,9,2026-05-25,Monday,Excellent,Normal,Normal
2026-05-25 09:12:03.718141,device_008,gateway,loading_bay,23.2,59.2,54.06,-59,21060,False,9,2026-05-25,Monday,Excellent,Normal,Normal
2026-05-25 09:12:03.718141,device_009,sensor,office_block,1.0,26.8,38.45,-69,21060,False,9,2026-05-25,Monday,Good,Normal,Normal
2026-05-25 09:12:03.718141,device_010,camera,warehouse_a,63.7,76.0,63.15,-65,21060,False,9,2026-05-25,Monday,Good,Normal,Normal
2026-05-25 09:12:03.718141,device_011,camera,factory_floor_1,65.4,64.5,65.89,-60,21060,False,9,2026-05-25,Monday,Excellent,Normal,Normal
2026-05-25 09:12:03.718141,device_012,camera,server_room,56.5,71.5,60.83,-63,21060,False,9,2026-05-25,Monday,Good,Normal,Normal
2026-05-25 09:12:03.718141,device_013,sensor,factory_floor_2,7.8,34.6,35.8,-57,21060,False,9,2026-05-25,Monday,Excellent,Normal,Normal
2026-05-25 09:12:03.718141,device_014,controller,server_room,11.5,46.5,50.01,-64,21060,False,9,2026-05-25,Monday,Good,Normal,Normal
2026-05-25 09:12:03.718141,device_015,sensor,loading_bay,3.3,30.8,40.46,-63,21060,False,9,2026-05-25,Monday,Good,Normal,Normal
2026-05-25 09:13:03.718141,device_001,gateway,warehouse_a,27.7,51.1,54.87,-58,21000,False,9,2026-05-25,Monday,Excellent,Normal,Normal
2026-05-25 09:13:03.718141,device_002,camera,factory_floor_2,67.5,66.8,59.41,-66,21000,False,9,2026-05-25,Monday,Good,Normal,Normal
2026-05-25 09:13:03.718141,device_003,sensor,warehouse_b,7.5,32.8,38.89,-60,21000,False,9,2026-05-25,Monday,Excellent,Normal,Normal
2026-05-25 09:13:03.718141,device_004,camera,warehouse_b,59.0,70.1,66.89,-53,21000,False,9,2026-05-25,Monday,Excellent,Normal,Normal
2026-05-25 09:13:03.718141,device_005,gateway,warehouse_a,24.5,54.6,52.64,-56,21000,False,9,2026-05-25,Monday,Excellent,Normal,Normal
2026-05-25 09:13:03.718141,device_006,sensor,factory_floor_2,6.9,38.0,43.84,-67,21000,False,9,2026-05-25,Monday,Good,Normal,Normal
2026-05-25 09:13:03.718141,device_007,sensor,warehouse_a,5.3,33.9,40.27,-69,21000,False,9,2026-05-25,Monday,Good,Normal,Normal
2026-05-25 09:13:03.718141,device_008,gateway,loading_bay,16.5,60.5,47.45,-56,21000,False,9,2026-05-25,Monday,Excellent,Normal,Normal
2026-05-25 09:13:03.718141,device_009,sensor,office_block,16.2,37.3,41.25,-56,21000,False,9,2026-05-25,Monday,Excellent,Normal,Normal
2026-05-25 09:13:03.718141,device_010,camera,warehouse_a,66.6,74.5,70.24,-59,21000,False,9,2026-05-25,Monday,Excellent,Warning,Normal
2026-05-25 09:13:03.718141,device_011,camera,factory_floor_1,64.4,63.6,58.13,-60,21000,False,9,2026-05-25,Monday,Excellent,Normal,Normal
2026-05-25 09:13:03.718141,device_012,camera,server_room,66.0,64.3,58.73,-58,21000,False,9,2026-05-25,Monday,Excellent,Normal,Normal
2026-05-25 09:13:03.718141,device_013,sensor,factory_floor_2,4.8,41.7,38.76,-62,21000,False,9,2026-05-25,Monday,Good,Normal,Normal
2026-05-25 09:13:03.718141,device_014,controller,server_room,22.4,50.9,47.98,-52,21000,False,9,2026-05-25,Monday,Excellent,Normal,Normal
2026-05-25 09:13:03.718141,device_015,sensor,loading_bay,8.4,41.1,39.42,-60,21000,False,9,2026-05-25,Monday,Excellent,Normal,Normal
2026-05-25 09:14:03.718141,device_001,gateway,warehouse_a,30.7,54.2,48.89,-60,20940,False,9,2026-05-25,Monday,Excellent,Normal,Normal
2026-05-25 09:14:03.718141,device_002,camera,factory_floor_2,60.6,73.7,56.85,-58,20940,False,9,2026-05-25,Monday,Excellent,Normal,Normal
2026-05-25 09:14:03.718141,device_003,sensor,warehouse_b,17.5,37.3,37.8,-62,20940,False,9,2026-05-25,Monday,Good,Normal,Normal
2026-05-25 09:14:03.718141,device_004,camera,warehouse_b,61.7,67.6,59.54,-53,20940,False,9,2026-05-25,Monday,Excellent,Normal,Normal
2026-05-25 09:14:03.718141,device_005,gateway,warehouse_a,23.7,51.7,52.15,-53,20940,False,9,2026-05-25,Monday,Excellent,Normal,Normal
2026-05-25 09:14:03.718141,device_006,sensor,factory_floor_2,9.4,34.0,41.85,-54,20940,False,9,2026-05-25,Monday,Excellent,Normal,Normal
2026-05-25 09:14:03.718141,device_007,sensor,warehouse_a,3.5,38.0,40.27,-64,20940,False,9,2026-05-25,Monday,Good,Normal,Normal
2026-05-25 09:14:03.718141,device_008,gateway,loading_bay,30.5,55.4,49.07,-50,20940,False,9,2026-05-25,Monday,Excellent,Normal,Normal
2026-05-25 09:14:03.718141,device_009,sensor,office_block,41.8,37.2,56.99,-64,20940,True,9,2026-05-25,Monday,Good,Normal,Normal
2026-05-25 09:14:03.718141,device_010,camera,warehouse_a,61.7,66.9,62.71,-64,20940,False,9,2026-05-25,Monday,Good,Normal,Normal
2026-05-25 09:14:03.718141,device_011,camera,factory_floor_1,56.0,70.2,56.12,-56,20940,False,9,2026-05-25,Monday,Excellent,Normal,Normal
2026-05-25 09:14:03.718141,device_012,camera,server_room,66.3,72.6,58.29,-63,20940,False,9,2026-05-25,Monday,Good,Normal,Normal
2026-05-25 09:14:03.718141,device_013,sensor,factory_floor_2,1.0,30.2,41.8,-61,20940,False,9,2026-05-25,Monday,Good,Normal,Normal
2026-05-25 09:14:03.718141,device_014,controller,server_room,14.7,41.6,48.14,-55,20940,False,9,2026-05-25,Monday,Excellent,Normal,Normal
2026-05-25 09:14:03.718141,device_015,sensor,loading_bay,6.1,32.7,45.02,-61,20940,False,9,2026-05-25,Monday,Good,Normal,Normal
2026-05-25 09:15:03.718141,device_001,gateway,warehouse_a,32.2,57.1,48.61,-57,20880,False,9,2026-05-25,Monday,Excellent,Normal,Normal
2026-05-25 09:15:03.718141,device_002,camera,factory_floor_2,72.2,66.8,53.59,-54,20880,False,9,2026-05-25,Monday,Excellent,Normal,High
2026-05-25 09:15:03.718141,device_003,sensor,warehouse_b,10.9,36.5,41.39,-65,20880,False,9,2026-05-25,Monday,Good,Normal,Normal
2026-05-25 09:15:03.718141,device_004,camera,warehouse_b,62.0,69.4,61.26,-57,20880,False,9,2026-05-25,Monday,Excellent,Normal,Normal
2026-05-25 09:15:03.718141,device_005,gateway,warehouse_a,33.8,56.4,52.76,-63,20880,False,9,2026-05-25,Monday,Good,Normal,Normal
2026-05-25 09:15:03.718141,device_006,sensor,factory_floor_2,5.9,33.3,40.54,-64,20880,False,9,2026-05-25,Monday,Good,Normal,Normal
2026-05-25 09:15:03.718141,device_007,sensor,warehouse_a,10.0,36.2,40.74,-60,20880,False,9,2026-05-25,Monday,Excellent,Normal,Normal
2026-05-25 09:15:03.718141,device_008,gateway,loading_bay,38.4,53.7,54.61,-49,20880,False,9,2026-05-25,Monday,Excellent,Normal,Normal
2026-05-25 09:15:03.718141,device_009,sensor,office_block,14.0,26.8,40.78,-54,20880,False,9,2026-05-25,Monday,Excellent,Normal,Normal
2026-05-25 09:15:03.718141,device_010,camera,warehouse_a,60.0,68.6,55.39,-61,20880,False,9,2026-05-25,Monday,Good,Normal,Normal
2026-05-25 09:15:03.718141,device_011,camera,factory_floor_1,65.1,71.3,66.03,-57,20880,False,9,2026-05-25,Monday,Excellent,Normal,Normal
2026-05-25 09:15:03.718141,device_012,camera,server_room,63.9,61.2,63.49,-56,20880,False,9,2026-05-25,Monday,Excellent,Normal,Normal
2026-05-25 09:15:03.718141,device_013,sensor,factory_floor_2,9.2,29.1,44.31,-63,20880,False,9,2026-05-25,Monday,Good,Normal,Normal
2026-05-25 09:15:03.718141,device_014,controller,server_room,23.7,43.3,49.02,-61,20880,False,9,2026-05-25,Monday,Good,Normal,Normal
2026-05-25 09:15:03.718141,device_015,sensor,loading_bay,11.2,35.7,48.81,-66,20880,False,9,2026-05-25,Monday,Good,Normal,Normal
2026-05-25 09:16:03.718141,device_001,gateway,warehouse_a,29.2,51.6,50.62,-56,20820,False,9,2026-05-25,Monday,Excellent,Normal,Normal
2026-05-25 09:16:03.718141,device_002,camera,factory_floor_2,69.2,70.3,58.43,-64,20820,False,9,2026-05-25,Monday,Good,Normal,Normal
2026-05-25 09:16:03.718141,device_003,sensor,warehouse_b,5.6,36.3,43.44,-64,20820,False,9,2026-05-25,Monday,Good,Normal,Normal
2026-05-25 09:16:03.718141,device_004,camera,warehouse_b,70.2,68.9,59.47,-54,20820,False,9,2026-05-25,Monday,Excellent,Normal,High
2026-05-25 09:16:03.718141,device_005,gateway,warehouse_a,23.1,56.5,50.67,-56,20820,False,9,2026-05-25,Monday,Excellent,Normal,Normal
2026-05-25 09:16:03.718141,device_006,sensor,factory_floor_2,11.8,38.5,39.23,-70,20820,False,9,2026-05-25,Monday,Good,Normal,Normal
2026-05-25 09:16:03.718141,device_007,sensor,warehouse_a,14.8,42.5,43.24,-67,20820,False,9,2026-05-25,Monday,Good,Normal,Normal
2026-05-25 09:16:03.718141,device_008,gateway,loading_bay,24.1,47.9,48.27,-56,20820,False,9,2026-05-25,Monday,Excellent,Normal,Normal
2026-05-25 09:16:03.718141,device_009,sensor,office_block,15.5,34.8,43.96,-54,20820,False,9,2026-05-25,Monday,Excellent,Normal,Normal
2026-05-25 09:16:03.718141,device_010,camera,warehouse_a,66.4,79.8,57.62,-59,20820,False,9,2026-05-25,Monday,Excellent,Normal,Normal
2026-05-25 09:16:03.718141,device_011,camera,factory_floor_1,65.6,72.9,61.33,-63,20820,False,9,2026-05-25,Monday,Good,Normal,Normal
2026-05-25 09:16:03.718141,device_012,camera,server_room,67.4,66.8,61.67,-52,20820,False,9,2026-05-25,Monday,Excellent,Normal,Normal
2026-05-25 09:16:03.718141,device_013,sensor,factory_floor_2,10.4,40.4,47.65,-60,20820,False,9,2026-05-25,Monday,Excellent,Normal,Normal
2026-05-25 09:16:03.718141,device_014,controller,server_room,26.0,41.0,46.47,-54,20820,False,9,2026-05-25,Monday,Excellent,Normal,Normal
2026-05-25 09:16:03.718141,device_015,sensor,loading_bay,7.4,39.4,42.17,-54,20820,False,9,2026-05-25,Monday,Excellent,Normal,Normal
2026-05-25 09:17:03.718141,device_001,gateway,warehouse_a,19.5,54.4,56.59,-49,20760,False,9,2026-05-25,Monday,Excellent,Normal,Normal
2026-05-25 09:17:03.718141,device_002,camera,factory_floor_2,62.9,63.4,57.96,-51,20760,False,9,2026-05-25,Monday,Excellent,Normal,Normal
2026-05-25 09:17:03.718141,device_003,sensor,warehouse_b,12.1,29.8,42.22,-63,20760,False,9,2026-05-25,Monday,Good,Normal,Normal
2026-05-25 09:17:03.718141,device_004,camera,warehouse_b,58.5,76.7,59.99,-58,20760,False,9,2026-05-25,Monday,Excellent,Normal,Normal
2026-05-25 09:17:03.718141,device_005,gateway,warehouse_a,26.7,54.0,47.49,-47,20760,False,9,2026-05-25,Monday,Excellent,Normal,Normal
2026-05-25 09:17:03.718141,device_006,sensor,factory_floor_2,6.6,34.8,33.91,-63,20760,False,9,2026-05-25,Monday,Good,Normal,Normal
2026-05-25 09:17:03.718141,device_007,sensor,warehouse_a,6.8,42.4,44.09,-68,20760,False,9,2026-05-25,Monday,Good,Normal,Normal
2026-05-25 09:17:03.718141,device_008,gateway,loading_bay,33.6,50.6,51.19,-56,20760,False,9,2026-05-25,Monday,Excellent,Normal,Normal
2026-05-25 09:17:03.718141,device_009,sensor,office_block,20.9,35.1,42.18,-60,20760,False,9,2026-05-25,Monday,Excellent,Normal,Normal
2026-05-25 09:17:03.718141,device_010,camera,warehouse_a,64.9,69.4,61.59,-64,20760,False,9,2026-05-25,Monday,Good,Normal,Normal
2026-05-25 09:17:03.718141,device_011,camera,factory_floor_1,62.1,69.9,59.36,-59,20760,False,9,2026-05-25,Monday,Excellent,Normal,Normal
2026-05-25 09:17:03.718141,device_012,camera,server_room,62.3,70.4,58.86,-62,20760,False,9,2026-05-25,Monday,Good,Normal,Normal
2026-05-25 09:17:03.718141,device_013,sensor,factory_floor_2,6.7,24.4,46.51,-68,20760,False,9,2026-05-25,Monday,Good,Normal,Normal
2026-05-25 09:17:03.718141,device_014,controller,server_room,23.5,36.7,51.74,-58,20760,False,9,2026-05-25,Monday,Excellent,Normal,Normal
2026-05-25 09:17:03.718141,device_015,sensor,loading_bay,6.3,29.4,40.89,-57,20760,False,9,2026-05-25,Monday,Excellent,Normal,Normal
2026-05-25 09:18:03.718141,device_001,gateway,warehouse_a,24.1,62.0,48.67,-50,20700,False,9,2026-05-25,Monday,Excellent,Normal,Normal
2026-05-25 09:18:03.718141,device_002,camera,factory_floor_2,69.7,72.9,64.81,-66,20700,False,9,2026-05-25,Monday,Good,Normal,Normal
2026-05-25 09:18:03.718141,device_003,sensor,warehouse_b,2.4,37.0,40.43,-58,20700,False,9,2026-05-25,Monday,Excellent,Normal,Normal
2026-05-25 09:18:03.718141,device_004,camera,warehouse_b,58.9,69.0,63.14,-55,20700,False,9,2026-05-25,Monday,Excellent,Normal,Normal
2026-05-25 09:18:03.718141,device_005,gateway,warehouse_a,26.1,56.8,54.13,-51,20700,False,9,2026-05-25,Monday,Excellent,Normal,Normal
2026-05-25 09:18:03.718141,device_006,sensor,factory_floor_2,6.2,30.7,45.48,-57,20700,False,9,2026-05-25,Monday,Excellent,Normal,Normal
2026-05-25 09:18:03.718141,device_007,sensor,warehouse_a,11.1,33.8,43.78,-63,20700,False,9,2026-05-25,Monday,Good,Normal,Normal
2026-05-25 09:18:03.718141,device_008,gateway,loading_bay,29.6,58.7,48.25,-55,20700,False,9,2026-05-25,Monday,Excellent,Normal,Normal
2026-05-25 09:18:03.718141,device_009,sensor,office_block,7.1,39.2,40.43,-70,20700,False,9,2026-05-25,Monday,Good,Normal,Normal
2026-05-25 09:18:03.718141,device_010,camera,warehouse_a,61.5,63.8,56.77,-54,20700,False,9,2026-05-25,Monday,Excellent,Normal,Normal
2026-05-25 09:18:03.718141,device_011,camera,factory_floor_1,68.0,77.0,57.16,-52,20700,False,9,2026-05-25,Monday,Excellent,Normal,Normal
2026-05-25 09:18:03.718141,device_012,camera,server_room,54.6,70.8,66.09,-66,20700,False,9,2026-05-25,Monday,Good,Normal,Normal
2026-05-25 09:18:03.718141,device_013,sensor,factory_floor_2,7.5,36.6,40.37,-70,20700,False,9,2026-05-25,Monday,Good,Normal,Normal
2026-05-25 09:18:03.718141,device_014,controller,server_room,17.8,45.5,51.31,-55,20700,False,9,2026-05-25,Monday,Excellent,Normal,Normal
2026-05-25 09:18:03.718141,device_015,sensor,loading_bay,8.8,34.8,40.91,-56,20700,False,9,2026-05-25,Monday,Excellent,Normal,Normal
2026-05-25 09:19:03.718141,device_001,gateway,warehouse_a,29.5,49.6,46.87,-55,20640,False,9,2026-05-25,Monday,Excellent,Normal,Normal
2026-05-25 09:19:03.718141,device_002,camera,factory_floor_2,68.7,69.3,61.51,-60,20640,False,9,2026-05-25,Monday,Excellent,Normal,Normal
2026-05-25 09:19:03.718141,device_003,sensor,warehouse_b,8.1,32.8,43.04,-60,20640,False,9,2026-05-25,Monday,Excellent,Normal,Normal
2026-05-25 09:19:03.718141,device_004,camera,warehouse_b,61.1,66.1,61.59,-54,20640,False,9,2026-05-25,Monday,Excellent,Normal,Normal
2026-05-25 09:19:03.718141,device_005,gateway,warehouse_a,30.0,59.1,46.89,-50,20640,False,9,2026-05-25,Monday,Excellent,Normal,Normal
2026-05-25 09:19:03.718141,device_006,sensor,factory_floor_2,10.4,38.9,42.77,-68,20640,False,9,2026-05-25,Monday,Good,Normal,Normal
2026-05-25 09:19:03.718141,device_007,sensor,warehouse_a,16.3,27.6,45.04,-69,20640,False,9,2026-05-25,Monday,Good,Normal,Normal
2026-05-25 09:19:03.718141,device_008,gateway,loading_bay,21.6,55.1,50.13,-52,20640,False,9,2026-05-25,Monday,Excellent,Normal,Normal
2026-05-25 09:19:03.718141,device_009,sensor,office_block,10.6,35.7,39.82,-68,20640,False,9,2026-05-25,Monday,Good,Normal,Normal
2026-05-25 09:19:03.718141,device_010,camera,warehouse_a,61.2,64.4,59.17,-65,20640,False,9,2026-05-25,Monday,Good,Normal,Normal
2026-05-25 09:19:03.718141,device_011,camera,factory_floor_1,60.4,66.1,56.94,-59,20640,False,9,2026-05-25,Monday,Excellent,Normal,Normal
2026-05-25 09:19:03.718141,device_012,camera,server_room,70.3,80.5,58.15,-66,20640,False,9,2026-05-25,Monday,Good,Normal,High
2026-05-25 09:19:03.718141,device_013,sensor,factory_floor_2,10.5,31.6,42.55,-63,20640,False,9,2026-05-25,Monday,Good,Normal,Normal
2026-05-25 09:19:03.718141,device_014,controller,server_room,21.5,45.5,46.27,-65,20640,False,9,2026-05-25,Monday,Good,Normal,Normal
2026-05-25 09:19:03.718141,device_015,sensor,loading_bay,20.8,39.6,41.71,-64,20640,False,9,2026-05-25,Monday,Good,Normal,Normal
2026-05-25 09:20:03.718141,device_001,gateway,warehouse_a,24.5,62.1,51.9,-55,20580,False,9,2026-05-25,Monday,Excellent,Normal,Normal
2026-05-25 09:20:03.718141,device_002,camera,factory_floor_2,61.9,72.8,66.44,-61,20580,False,9,2026-05-25,Monday,Good,Normal,Normal
2026-05-25 09:20:03.718141,device_003,sensor,warehouse_b,5.2,38.9,43.9,-67,20580,False,9,2026-05-25,Monday,Good,Normal,Normal
2026-05-25 09:20:03.718141,device_004,camera,warehouse_b,68.1,67.1,56.29,-61,20580,False,9,2026-05-25,Monday,Good,Normal,Normal
2026-05-25 09:20:03.718141,device_005,gateway,warehouse_a,26.8,57.5,51.78,-60,20580,False,9,2026-05-25,Monday,Excellent,Normal,Normal
2026-05-25 09:20:03.718141,device_006,sensor,factory_floor_2,8.9,36.5,37.99,-61,20580,False,9,2026-05-25,Monday,Good,Normal,Normal
2026-05-25 09:20:03.718141,device_007,sensor,warehouse_a,11.1,39.3,43.68,-58,20580,False,9,2026-05-25,Monday,Excellent,Normal,Normal
2026-05-25 09:20:03.718141,device_008,gateway,loading_bay,32.2,54.7,53.38,-57,20580,False,9,2026-05-25,Monday,Excellent,Normal,Normal
2026-05-25 09:20:03.718141,device_009,sensor,office_block,1.0,35.8,43.29,-63,20580,False,9,2026-05-25,Monday,Good,Normal,Normal
2026-05-25 09:20:03.718141,device_010,camera,warehouse_a,66.4,65.7,57.17,-57,20580,False,9,2026-05-25,Monday,Excellent,Normal,Normal
2026-05-25 09:20:03.718141,device_011,camera,factory_floor_1,70.3,72.7,60.88,-63,20580,False,9,2026-05-25,Monday,Good,Normal,High
2026-05-25 09:20:03.718141,device_012,camera,server_room,65.1,73.8,61.09,-65,20580,False,9,2026-05-25,Monday,Good,Normal,Normal
2026-05-25 09:20:03.718141,device_013,sensor,factory_floor_2,5.4,33.2,42.29,-57,20580,False,9,2026-05-25,Monday,Excellent,Normal,Normal
2026-05-25 09:20:03.718141,device_014,controller,server_room,15.8,45.9,47.07,-66,20580,False,9,2026-05-25,Monday,Good,Normal,Normal
2026-05-25 09:20:03.718141,device_015,sensor,loading_bay,5.6,31.4,45.77,-60,20580,False,9,2026-05-25,Monday,Excellent,Normal,Normal
2026-05-25 09:21:03.718141,device_001,gateway,warehouse_a,57.1,60.8,70.68,-50,20520,True,9,2026-05-25,Monday,Excellent,Warning,Normal
2026-05-25 09:21:03.718141,device_002,camera,factory_floor_2,66.0,64.1,64.1,-63,20520,False,9,2026-05-25,Monday,Good,Normal,Normal
2026-05-25 09:21:03.718141,device_003,sensor,warehouse_b,9.3,35.3,44.67,-59,20520,False,9,2026-05-25,Monday,Excellent,Normal,Normal
2026-05-25 09:21:03.718141,device_004,camera,warehouse_b,70.3,75.6,59.45,-52,20520,False,9,2026-05-25,Monday,Excellent,Normal,High
2026-05-25 09:21:03.718141,device_005,gateway,warehouse_a,39.5,53.2,50.91,-50,20520,False,9,2026-05-25,Monday,Excellent,Normal,Normal
2026-05-25 09:21:03.718141,device_006,sensor,factory_floor_2,15.3,32.9,46.74,-54,20520,False,9,2026-05-25,Monday,Excellent,Normal,Normal
2026-05-25 09:21:03.718141,device_007,sensor,warehouse_a,5.9,29.6,41.15,-62,20520,False,9,2026-05-25,Monday,Good,Normal,Normal
2026-05-25 09:21:03.718141,device_008,gateway,loading_bay,23.4,51.9,48.99,-48,20520,False,9,2026-05-25,Monday,Excellent,Normal,Normal
2026-05-25 09:21:03.718141,device_009,sensor,office_block,7.8,41.2,42.7,-62,20520,False,9,2026-05-25,Monday,Good,Normal,Normal
2026-05-25 09:21:03.718141,device_010,camera,warehouse_a,60.0,69.1,63.95,-59,20520,False,9,2026-05-25,Monday,Excellent,Normal,Normal
2026-05-25 09:21:03.718141,device_011,camera,factory_floor_1,64.8,65.5,63.02,-64,20520,False,9,2026-05-25,Monday,Good,Normal,Normal
2026-05-25 09:21:03.718141,device_012,camera,server_room,66.9,72.0,61.5,-52,20520,False,9,2026-05-25,Monday,Excellent,Normal,Normal
2026-05-25 09:21:03.718141,device_013,sensor,factory_floor_2,9.4,32.4,49.37,-56,20520,False,9,2026-05-25,Monday,Excellent,Normal,Normal
2026-05-25 09:21:03.718141,device_014,controller,server_room,15.3,42.8,46.13,-56,20520,False,9,2026-05-25,Monday,Excellent,Normal,Normal
2026-05-25 09:21:03.718141,device_015,sensor,loading_bay,4.8,40.7,45.57,-55,20520,False,9,2026-05-25,Monday,Excellent,Normal,Normal
2026-05-25 09:22:03.718141,device_001,gateway,warehouse_a,25.1,56.9,49.5,-58,20460,False,9,2026-05-25,Monday,Excellent,Normal,Normal
2026-05-25 09:22:03.718141,device_002,camera,factory_floor_2,62.2,70.8,62.9,-55,20460,False,9,2026-05-25,Monday,Excellent,Normal,Normal
2026-05-25 09:22:03.718141,device_003,sensor,warehouse_b,1.0,42.2,46.64,-60,20460,False,9,2026-05-25,Monday,Excellent,Normal,Normal
2026-05-25 09:22:03.718141,device_004,camera,warehouse_b,61.9,71.1,59.84,-58,20460,False,9,2026-05-25,Monday,Excellent,Normal,Normal
2026-05-25 09:22:03.718141,device_005,gateway,warehouse_a,29.7,63.0,53.98,-47,20460,False,9,2026-05-25,Monday,Excellent,Normal,Normal
2026-05-25 09:22:03.718141,device_006,sensor,factory_floor_2,7.1,29.5,39.61,-68,20460,False,9,2026-05-25,Monday,Good,Normal,Normal
2026-05-25 09:22:03.718141,device_007,sensor,warehouse_a,4.3,42.2,41.9,-57,20460,False,9,2026-05-25,Monday,Excellent,Normal,Normal
2026-05-25 09:22:03.718141,device_008,gateway,loading_bay,25.4,54.9,52.67,-56,20460,False,9,2026-05-25,Monday,Excellent,Normal,Normal
2026-05-25 09:22:03.718141,device_009,sensor,office_block,13.9,32.9,49.58,-55,20460,False,9,2026-05-25,Monday,Excellent,Normal,Normal
2026-05-25 09:22:03.718141,device_010,camera,warehouse_a,62.6,72.7,64.13,-66,20460,False,9,2026-05-25,Monday,Good,Normal,Normal
2026-05-25 09:22:03.718141,device_011,camera,factory_floor_1,74.2,68.6,62.75,-59,20460,False,9,2026-05-25,Monday,Excellent,Normal,High
2026-05-25 09:22:03.718141,device_012,camera,server_room,68.0,73.3,64.33,-59,20460,False,9,2026-05-25,Monday,Excellent,Normal,Normal
2026-05-25 09:22:03.718141,device_013,sensor,factory_floor_2,10.5,39.7,45.2,-59,20460,False,9,2026-05-25,Monday,Excellent,Normal,Normal
2026-05-25 09:22:03.718141,device_014,controller,server_room,24.9,44.3,49.95,-52,20460,False,9,2026-05-25,Monday,Excellent,Normal,Normal
2026-05-25 09:22:03.718141,device_015,sensor,loading_bay,8.7,31.7,45.62,-60,20460,False,9,2026-05-25,Monday,Excellent,Normal,Normal
2026-05-25 09:23:03.718141,device_001,gateway,warehouse_a,29.8,55.1,50.82,-49,20400,False,9,2026-05-25,Monday,Excellent,Normal,Normal
2026-05-25 09:23:03.718141,device_002,camera,factory_floor_2,71.4,70.2,61.57,-58,20400,False,9,2026-05-25,Monday,Excellent,Normal,High
2026-05-25 09:23:03.718141,device_003,sensor,warehouse_b,1.2,37.6,44.24,-64,20400,False,9,2026-05-25,Monday,Good,Normal,Normal
2026-05-25 09:23:03.718141,device_004,camera,warehouse_b,75.8,70.9,60.08,-61,20400,False,9,2026-05-25,Monday,Good,Normal,High
2026-05-25 09:23:03.718141,device_005,gateway,warehouse_a,29.2,54.6,56.73,-48,20400,False,9,2026-05-25,Monday,Excellent,Normal,Normal
2026-05-25 09:23:03.718141,device_006,sensor,factory_floor_2,9.4,35.7,43.82,-54,20400,False,9,2026-05-25,Monday,Excellent,Normal,Normal
2026-05-25 09:23:03.718141,device_007,sensor,warehouse_a,5.8,39.3,42.58,-67,20400,False,9,2026-05-25,Monday,Good,Normal,Normal
2026-05-25 09:23:03.718141,device_008,gateway,loading_bay,22.9,52.2,52.4,-54,20400,False,9,2026-05-25,Monday,Excellent,Normal,Normal
2026-05-25 09:23:03.718141,device_009,sensor,office_block,14.0,32.8,37.43,-65,20400,False,9,2026-05-25,Monday,Good,Normal,Normal
2026-05-25 09:23:03.718141,device_010,camera,warehouse_a,66.9,69.7,65.7,-62,20400,False,9,2026-05-25,Monday,Good,Normal,Normal
2026-05-25 09:23:03.718141,device_011,camera,factory_floor_1,62.2,64.2,66.64,-65,20400,False,9,2026-05-25,Monday,Good,Normal,Normal
2026-05-25 09:23:03.718141,device_012,camera,server_room,54.0,68.0,62.32,-62,20400,False,9,2026-05-25,Monday,Good,Normal,Normal
2026-05-25 09:23:03.718141,device_013,sensor,factory_floor_2,2.9,36.0,44.13,-55,20400,False,9,2026-05-25,Monday,Excellent,Normal,Normal
2026-05-25 09:23:03.718141,device_014,controller,server_room,15.2,48.5,44.16,-68,20400,False,9,2026-05-25,Monday,Good,Normal,Normal
2026-05-25 09:23:03.718141,device_015,sensor,loading_bay,11.3,42.4,41.7,-55,20400,False,9,2026-05-25,Monday,Excellent,Normal,Normal
2026-05-25 09:24:03.718141,device_001,gateway,warehouse_a,22.6,52.2,47.42,-53,20340,False,9,2026-05-25,Monday,Excellent,Normal,Normal
2026-05-25 09:24:03.718141,device_002,camera,factory_floor_2,64.8,69.0,61.73,-65,20340,False,9,2026-05-25,Monday,Good,Normal,Normal
2026-05-25 09:24:03.718141,device_003,sensor,warehouse_b,9.8,40.8,38.25,-55,20340,False,9,2026-05-25,Monday,Excellent,Normal,Normal
2026-05-25 09:24:03.718141,device_004,camera,warehouse_b,64.6,71.4,64.35,-64,20340,False,9,2026-05-25,Monday,Good,Normal,Normal
2026-05-25 09:24:03.718141,device_005,gateway,warehouse_a,30.3,56.8,53.71,-61,20340,False,9,2026-05-25,Monday,Good,Normal,Normal
2026-05-25 09:24:03.718141,device_006,sensor,factory_floor_2,11.2,35.8,45.99,-69,20340,False,9,2026-05-25,Monday,Good,Normal,Normal
2026-05-25 09:24:03.718141,device_007,sensor,warehouse_a,11.5,40.8,41.73,-61,20340,False,9,2026-05-25,Monday,Good,Normal,Normal
2026-05-25 09:24:03.718141,device_008,gateway,loading_bay,24.6,54.8,57.4,-56,20340,False,9,2026-05-25,Monday,Excellent,Normal,Normal
2026-05-25 09:24:03.718141,device_009,sensor,office_block,1.0,32.3,42.38,-57,20340,False,9,2026-05-25,Monday,Excellent,Normal,Normal
2026-05-25 09:24:03.718141,device_010,camera,warehouse_a,69.2,68.2,59.04,-59,20340,False,9,2026-05-25,Monday,Excellent,Normal,Normal
2026-05-25 09:24:03.718141,device_011,camera,factory_floor_1,55.6,60.3,59.64,-54,20340,False,9,2026-05-25,Monday,Excellent,Normal,Normal
2026-05-25 09:24:03.718141,device_012,camera,server_room,57.1,73.1,63.28,-52,20340,False,9,2026-05-25,Monday,Excellent,Normal,Normal
2026-05-25 09:24:03.718141,device_013,sensor,factory_floor_2,10.1,34.8,39.1,-57,20340,False,9,2026-05-25,Monday,Excellent,Normal,Normal
2026-05-25 09:24:03.718141,device_014,controller,server_room,18.0,51.0,44.52,-67,20340,False,9,2026-05-25,Monday,Good,Normal,Normal
2026-05-25 09:24:03.718141,device_015,sensor,loading_bay,12.4,35.1,41.34,-67,20340,False,9,2026-05-25,Monday,Good,Normal,Normal
2026-05-25 09:25:03.718141,device_001,gateway,warehouse_a,29.0,54.0,45.87,-57,20280,False,9,2026-05-25,Monday,Excellent,Normal,Normal
2026-05-25 09:25:03.718141,device_002,camera,factory_floor_2,61.6,68.9,58.0,-58,20280,False,9,2026-05-25,Monday,Excellent,Normal,Normal
2026-05-25 09:25:03.718141,device_003,sensor,warehouse_b,17.0,32.7,43.92,-65,20280,False,9,2026-05-25,Monday,Good,Normal,Normal
2026-05-25 09:25:03.718141,device_004,camera,warehouse_b,67.9,73.7,65.2,-64,20280,False,9,2026-05-25,Monday,Good,Normal,Normal
2026-05-25 09:25:03.718141,device_005,gateway,warehouse_a,28.3,57.8,50.06,-50,20280,False,9,2026-05-25,Monday,Excellent,Normal,Normal
2026-05-25 09:25:03.718141,device_006,sensor,factory_floor_2,10.0,37.5,44.69,-55,20280,False,9,2026-05-25,Monday,Excellent,Normal,Normal
2026-05-25 09:25:03.718141,device_007,sensor,warehouse_a,13.2,40.3,40.39,-63,20280,False,9,2026-05-25,Monday,Good,Normal,Normal
2026-05-25 09:25:03.718141,device_008,gateway,loading_bay,29.0,52.2,58.23,-54,20280,False,9,2026-05-25,Monday,Excellent,Normal,Normal
2026-05-25 09:25:03.718141,device_009,sensor,office_block,16.7,32.4,42.59,-56,20280,False,9,2026-05-25,Monday,Excellent,Normal,Normal
2026-05-25 09:25:03.718141,device_010,camera,warehouse_a,62.6,71.7,60.04,-59,20280,False,9,2026-05-25,Monday,Excellent,Normal,Normal
2026-05-25 09:25:03.718141,device_011,camera,factory_floor_1,67.6,69.9,59.28,-60,20280,False,9,2026-05-25,Monday,Excellent,Normal,Normal
2026-05-25 09:25:03.718141,device_012,camera,server_room,75.7,71.7,66.18,-59,20280,False,9,2026-05-25,Monday,Excellent,Normal,High
2026-05-25 09:25:03.718141,device_013,sensor,factory_floor_2,8.2,37.5,42.36,-62,20280,False,9,2026-05-25,Monday,Good,Normal,Normal
2026-05-25 09:25:03.718141,device_014,controller,server_room,12.9,38.3,47.23,-66,20280,False,9,2026-05-25,Monday,Good,Normal,Normal
2026-05-25 09:25:03.718141,device_015,sensor,loading_bay,10.0,33.1,43.94,-61,20280,False,9,2026-05-25,Monday,Good,Normal,Normal
2026-05-25 09:26:03.718141,device_001,gateway,warehouse_a,35.9,49.1,48.32,-54,20220,False,9,2026-05-25,Monday,Excellent,Normal,Normal
2026-05-25 09:26:03.718141,device_002,camera,factory_floor_2,66.1,76.7,64.14,-52,20220,False,9,2026-05-25,Monday,Excellent,Normal,Normal
2026-05-25 09:26:03.718141,device_003,sensor,warehouse_b,5.7,34.8,45.24,-58,20220,False,9,2026-05-25,Monday,Excellent,Normal,Normal
2026-05-25 09:26:03.718141,device_004,camera,warehouse_b,64.1,72.6,63.65,-50,20220,False,9,2026-05-25,Monday,Excellent,Normal,Normal
2026-05-25 09:26:03.718141,device_005,gateway,warehouse_a,20.1,60.5,56.43,-49,20220,False,9,2026-05-25,Monday,Excellent,Normal,Normal
2026-05-25 09:26:03.718141,device_006,sensor,factory_floor_2,4.9,37.0,43.19,-69,20220,False,9,2026-05-25,Monday,Good,Normal,Normal
2026-05-25 09:26:03.718141,device_007,sensor,warehouse_a,9.3,32.3,40.35,-60,20220,False,9,2026-05-25,Monday,Excellent,Normal,Normal
2026-05-25 09:26:03.718141,device_008,gateway,loading_bay,27.9,57.2,55.52,-63,20220,False,9,2026-05-25,Monday,Good,Normal,Normal
2026-05-25 09:26:03.718141,device_009,sensor,office_block,6.1,23.6,44.32,-70,20220,False,9,2026-05-25,Monday,Good,Normal,Normal
2026-05-25 09:26:03.718141,device_010,camera,warehouse_a,70.7,68.6,55.78,-58,20220,False,9,2026-05-25,Monday,Excellent,Normal,High
2026-05-25 09:26:03.718141,device_011,camera,factory_floor_1,59.4,74.6,57.12,-61,20220,False,9,2026-05-25,Monday,Good,Normal,Normal
2026-05-25 09:26:03.718141,device_012,camera,server_room,62.7,69.8,62.04,-52,20220,False,9,2026-05-25,Monday,Excellent,Normal,Normal
2026-05-25 09:26:03.718141,device_013,sensor,factory_floor_2,10.4,29.9,42.23,-65,20220,False,9,2026-05-25,Monday,Good,Normal,Normal
2026-05-25 09:26:03.718141,device_014,controller,server_room,23.0,38.8,46.52,-55,20220,False,9,2026-05-25,Monday,Excellent,Normal,Normal
2026-05-25 09:26:03.718141,device_015,sensor,loading_bay,5.9,38.4,46.5,-55,20220,False,9,2026-05-25,Monday,Excellent,Normal,Normal
2026-05-25 09:27:03.718141,device_001,gateway,warehouse_a,26.3,53.7,50.95,-48,20160,False,9,2026-05-25,Monday,Excellent,Normal,Normal
2026-05-25 09:27:03.718141,device_002,camera,factory_floor_2,75.4,71.7,62.15,-56,20160,False,9,2026-05-25,Monday,Excellent,Normal,High
2026-05-25 09:27:03.718141,device_003,sensor,warehouse_b,13.2,34.0,42.72,-67,20160,False,9,2026-05-25,Monday,Good,Normal,Normal
2026-05-25 09:27:03.718141,device_004,camera,warehouse_b,64.0,69.9,60.79,-56,20160,False,9,2026-05-25,Monday,Excellent,Normal,Normal
2026-05-25 09:27:03.718141,device_005,gateway,warehouse_a,31.6,57.9,52.16,-48,20160,False,9,2026-05-25,Monday,Excellent,Normal,Normal
2026-05-25 09:27:03.718141,device_006,sensor,factory_floor_2,7.6,27.0,42.24,-58,20160,False,9,2026-05-25,Monday,Excellent,Normal,Normal
2026-05-25 09:27:03.718141,device_007,sensor,warehouse_a,12.6,39.0,43.04,-69,20160,False,9,2026-05-25,Monday,Good,Normal,Normal
2026-05-25 09:27:03.718141,device_008,gateway,loading_bay,13.5,54.4,58.27,-53,20160,False,9,2026-05-25,Monday,Excellent,Normal,Normal
2026-05-25 09:27:03.718141,device_009,sensor,office_block,13.5,37.5,38.88,-67,20160,False,9,2026-05-25,Monday,Good,Normal,Normal
2026-05-25 09:27:03.718141,device_010,camera,warehouse_a,59.7,77.7,59.13,-54,20160,False,9,2026-05-25,Monday,Excellent,Normal,Normal
2026-05-25 09:27:03.718141,device_011,camera,factory_floor_1,64.0,73.5,61.65,-66,20160,False,9,2026-05-25,Monday,Good,Normal,Normal
2026-05-25 09:27:03.718141,device_012,camera,server_room,67.5,71.5,61.45,-52,20160,False,9,2026-05-25,Monday,Excellent,Normal,Normal
2026-05-25 09:27:03.718141,device_013,sensor,factory_floor_2,20.0,35.8,41.83,-64,20160,False,9,2026-05-25,Monday,Good,Normal,Normal
2026-05-25 09:27:03.718141,device_014,controller,server_room,23.3,49.7,51.32,-53,20160,False,9,2026-05-25,Monday,Excellent,Normal,Normal
2026-05-25 09:27:03.718141,device_015,sensor,loading_bay,11.2,41.5,38.57,-69,20160,False,9,2026-05-25,Monday,Good,Normal,Normal
2026-05-25 09:28:03.718141,device_001,gateway,warehouse_a,22.3,52.0,52.91,-59,20100,False,9,2026-05-25,Monday,Excellent,Normal,Normal
2026-05-25 09:28:03.718141,device_002,camera,factory_floor_2,64.7,71.3,61.99,-52,20100,False,9,2026-05-25,Monday,Excellent,Normal,Normal
2026-05-25 09:28:03.718141,device_003,sensor,warehouse_b,10.1,36.8,46.84,-55,20100,False,9,2026-05-25,Monday,Excellent,Normal,Normal
2026-05-25 09:28:03.718141,device_004,camera,warehouse_b,63.8,74.8,63.89,-59,20100,False,9,2026-05-25,Monday,Excellent,Normal,Normal
2026-05-25 09:28:03.718141,device_005,gateway,warehouse_a,21.9,57.8,53.79,-54,20100,False,9,2026-05-25,Monday,Excellent,Normal,Normal
2026-05-25 09:28:03.718141,device_006,sensor,factory_floor_2,6.5,34.4,46.13,-57,20100,False,9,2026-05-25,Monday,Excellent,Normal,Normal
2026-05-25 09:28:03.718141,device_007,sensor,warehouse_a,8.6,35.1,41.48,-67,20100,False,9,2026-05-25,Monday,Good,Normal,Normal
2026-05-25 09:28:03.718141,device_008,gateway,loading_bay,22.5,61.4,47.68,-60,20100,False,9,2026-05-25,Monday,Excellent,Normal,Normal
2026-05-25 09:28:03.718141,device_009,sensor,office_block,3.8,26.4,39.03,-66,20100,False,9,2026-05-25,Monday,Good,Normal,Normal
2026-05-25 09:28:03.718141,device_010,camera,warehouse_a,61.8,76.6,57.03,-57,20100,False,9,2026-05-25,Monday,Excellent,Normal,Normal
2026-05-25 09:28:03.718141,device_011,camera,factory_floor_1,70.0,79.0,58.94,-58,20100,False,9,2026-05-25,Monday,Excellent,Normal,High
2026-05-25 09:28:03.718141,device_012,camera,server_room,69.9,60.0,60.03,-51,20100,False,9,2026-05-25,Monday,Excellent,Normal,Normal
2026-05-25 09:28:03.718141,device_013,sensor,factory_floor_2,19.5,28.4,37.83,-63,20100,False,9,2026-05-25,Monday,Good,Normal,Normal
2026-05-25 09:28:03.718141,device_014,controller,server_room,23.1,50.5,55.32,-64,20100,False,9,2026-05-25,Monday,Good,Normal,Normal
2026-05-25 09:28:03.718141,device_015,sensor,loading_bay,10.8,38.4,43.78,-54,20100,False,9,2026-05-25,Monday,Excellent,Normal,Normal
2026-05-25 09:29:03.718141,device_001,gateway,warehouse_a,31.8,55.4,52.84,-59,20040,False,9,2026-05-25,Monday,Excellent,Normal,Normal
2026-05-25 09:29:03.718141,device_002,camera,factory_floor_2,64.7,68.9,58.74,-58,20040,False,9,2026-05-25,Monday,Excellent,Normal,Normal
2026-05-25 09:29:03.718141,device_003,sensor,warehouse_b,1.0,31.0,41.7,-57,20040,False,9,2026-05-25,Monday,Excellent,Normal,Normal
2026-05-25 09:29:03.718141,device_004,camera,warehouse_b,59.5,75.6,61.54,-50,20040,False,9,2026-05-25,Monday,Excellent,Normal,Normal
2026-05-25 09:29:03.718141,device_005,gateway,warehouse_a,32.6,51.0,47.29,-63,20040,False,9,2026-05-25,Monday,Good,Normal,Normal
2026-05-25 09:29:03.718141,device_006,sensor,factory_floor_2,12.7,34.1,39.05,-61,20040,False,9,2026-05-25,Monday,Good,Normal,Normal
2026-05-25 09:29:03.718141,device_007,sensor,warehouse_a,10.8,35.4,39.09,-55,20040,False,9,2026-05-25,Monday,Excellent,Normal,Normal
2026-05-25 09:29:03.718141,device_008,gateway,loading_bay,21.3,56.3,50.2,-49,20040,False,9,2026-05-25,Monday,Excellent,Normal,Normal
2026-05-25 09:29:03.718141,device_009,sensor,office_block,1.0,34.9,43.32,-59,20040,False,9,2026-05-25,Monday,Excellent,Normal,Normal
2026-05-25 09:29:03.718141,device_010,camera,warehouse_a,67.8,75.5,61.67,-54,20040,False,9,2026-05-25,Monday,Excellent,Normal,Normal
2026-05-25 09:29:03.718141,device_011,camera,factory_floor_1,65.6,70.5,59.71,-56,20040,False,9,2026-05-25,Monday,Excellent,Normal,Normal
2026-05-25 09:29:03.718141,device_012,camera,server_room,67.7,70.2,61.15,-59,20040,False,9,2026-05-25,Monday,Excellent,Normal,Normal
2026-05-25 09:29:03.718141,device_013,sensor,factory_floor_2,4.5,29.4,40.01,-63,20040,False,9,2026-05-25,Monday,Good,Normal,Normal
2026-05-25 09:29:03.718141,device_014,controller,server_room,26.7,42.2,44.27,-55,20040,False,9,2026-05-25,Monday,Excellent,Normal,Normal
2026-05-25 09:29:03.718141,device_015,sensor,loading_bay,4.4,33.8,44.68,-55,20040,False,9,2026-05-25,Monday,Excellent,Normal,Normal
2026-05-25 09:30:03.718141,device_001,gateway,warehouse_a,34.2,56.1,49.98,-51,19980,False,9,2026-05-25,Monday,Excellent,Normal,Normal
2026-05-25 09:30:03.718141,device_002,camera,factory_floor_2,60.8,65.2,67.44,-62,19980,False,9,2026-05-25,Monday,Good,Normal,Normal
2026-05-25 09:30:03.718141,device_003,sensor,warehouse_b,9.5,36.7,43.9,-69,19980,False,9,2026-05-25,Monday,Good,Normal,Normal
2026-05-25 09:30:03.718141,device_004,camera,warehouse_b,64.1,70.2,60.61,-56,19980,False,9,2026-05-25,Monday,Excellent,Normal,Normal
2026-05-25 09:30:03.718141,device_005,gateway,warehouse_a,27.3,63.8,54.89,-49,19980,False,9,2026-05-25,Monday,Excellent,Normal,Normal
2026-05-25 09:30:03.718141,device_006,sensor,factory_floor_2,5.2,34.6,37.89,-56,19980,False,9,2026-05-25,Monday,Excellent,Normal,Normal
2026-05-25 09:30:03.718141,device_007,sensor,warehouse_a,50.9,41.6,59.59,-66,19980,True,9,2026-05-25,Monday,Good,Normal,Normal
2026-05-25 09:30:03.718141,device_008,gateway,loading_bay,36.4,57.3,50.34,-59,19980,False,9,2026-05-25,Monday,Excellent,Normal,Normal
2026-05-25 09:30:03.718141,device_009,sensor,office_block,16.1,34.2,40.86,-62,19980,False,9,2026-05-25,Monday,Good,Normal,Normal
2026-05-25 09:30:03.718141,device_010,camera,warehouse_a,62.1,67.4,57.96,-54,19980,False,9,2026-05-25,Monday,Excellent,Normal,Normal
2026-05-25 09:30:03.718141,device_011,camera,factory_floor_1,58.9,66.9,61.1,-56,19980,False,9,2026-05-25,Monday,Excellent,Normal,Normal
2026-05-25 09:30:03.718141,device_012,camera,server_room,66.2,71.3,56.33,-54,19980,False,9,2026-05-25,Monday,Excellent,Normal,Normal
2026-05-25 09:30:03.718141,device_013,sensor,factory_floor_2,12.2,36.5,36.02,-55,19980,False,9,2026-05-25,Monday,Excellent,Normal,Normal
2026-05-25 09:30:03.718141,device_014,controller,server_room,24.1,51.7,44.37,-67,19980,False,9,2026-05-25,Monday,Good,Normal,Normal
2026-05-25 09:30:03.718141,device_015,sensor,loading_bay,10.1,34.8,39.88,-63,19980,False,9,2026-05-25,Monday,Good,Normal,Normal
2026-05-25 09:31:03.718141,device_001,gateway,warehouse_a,30.8,57.2,52.23,-54,19920,False,9,2026-05-25,Monday,Excellent,Normal,Normal
2026-05-25 09:31:03.718141,device_002,camera,factory_floor_2,60.4,64.3,61.51,-64,19920,False,9,2026-05-25,Monday,Good,Normal,Normal
2026-05-25 09:31:03.718141,device_003,sensor,warehouse_b,7.4,32.1,39.29,-67,19920,False,9,2026-05-25,Monday,Good,Normal,Normal
2026-05-25 09:31:03.718141,device_004,camera,warehouse_b,71.2,72.4,64.27,-63,19920,False,9,2026-05-25,Monday,Good,Normal,High
2026-05-25 09:31:03.718141,device_005,gateway,warehouse_a,22.5,59.9,51.05,-54,19920,False,9,2026-05-25,Monday,Excellent,Normal,Normal
2026-05-25 09:31:03.718141,device_006,sensor,factory_floor_2,8.7,36.6,48.96,-69,19920,False,9,2026-05-25,Monday,Good,Normal,Normal
2026-05-25 09:31:03.718141,device_007,sensor,warehouse_a,9.0,35.5,41.07,-69,19920,False,9,2026-05-25,Monday,Good,Normal,Normal
2026-05-25 09:31:03.718141,device_008,gateway,loading_bay,27.2,58.8,54.12,-52,19920,False,9,2026-05-25,Monday,Excellent,Normal,Normal
2026-05-25 09:31:03.718141,device_009,sensor,office_block,4.1,27.7,38.01,-63,19920,False,9,2026-05-25,Monday,Good,Normal,Normal
2026-05-25 09:31:03.718141,device_010,camera,warehouse_a,67.5,61.4,57.69,-61,19920,False,9,2026-05-25,Monday,Good,Normal,Normal
2026-05-25 09:31:03.718141,device_011,camera,factory_floor_1,66.9,70.0,68.48,-64,19920,False,9,2026-05-25,Monday,Good,Normal,Normal
2026-05-25 09:31:03.718141,device_012,camera,server_room,69.2,69.6,61.25,-54,19920,False,9,2026-05-25,Monday,Excellent,Normal,Normal
2026-05-25 09:31:03.718141,device_013,sensor,factory_floor_2,12.6,36.1,41.13,-63,19920,False,9,2026-05-25,Monday,Good,Normal,Normal
2026-05-25 09:31:03.718141,device_014,controller,server_room,19.6,49.0,46.0,-64,19920,False,9,2026-05-25,Monday,Good,Normal,Normal
2026-05-25 09:31:03.718141,device_015,sensor,loading_bay,7.1,37.1,39.73,-62,19920,False,9,2026-05-25,Monday,Good,Normal,Normal
2026-05-25 09:32:03.718141,device_001,gateway,warehouse_a,23.5,55.0,52.08,-63,19860,False,9,2026-05-25,Monday,Good,Normal,Normal
2026-05-25 09:32:03.718141,device_002,camera,factory_floor_2,70.4,69.9,62.42,-52,19860,False,9,2026-05-25,Monday,Excellent,Normal,High
2026-05-25 09:32:03.718141,device_003,sensor,warehouse_b,12.1,37.2,46.17,-65,19860,False,9,2026-05-25,Monday,Good,Normal,Normal
2026-05-25 09:32:03.718141,device_004,camera,warehouse_b,65.1,65.7,57.06,-55,19860,False,9,2026-05-25,Monday,Excellent,Normal,Normal
2026-05-25 09:32:03.718141,device_005,gateway,warehouse_a,26.5,54.3,50.17,-54,19860,False,9,2026-05-25,Monday,Excellent,Normal,Normal
2026-05-25 09:32:03.718141,device_006,sensor,factory_floor_2,8.3,34.7,43.59,-57,19860,False,9,2026-05-25,Monday,Excellent,Normal,Normal
2026-05-25 09:32:03.718141,device_007,sensor,warehouse_a,10.4,27.1,42.19,-56,19860,False,9,2026-05-25,Monday,Excellent,Normal,Normal
2026-05-25 09:32:03.718141,device_008,gateway,loading_bay,23.3,50.2,51.57,-57,19860,False,9,2026-05-25,Monday,Excellent,Normal,Normal
2026-05-25 09:32:03.718141,device_009,sensor,office_block,11.0,39.9,46.59,-55,19860,False,9,2026-05-25,Monday,Excellent,Normal,Normal
2026-05-25 09:32:03.718141,device_010,camera,warehouse_a,63.9,70.6,65.47,-54,19860,False,9,2026-05-25,Monday,Excellent,Normal,Normal
2026-05-25 09:32:03.718141,device_011,camera,factory_floor_1,63.3,68.8,59.16,-57,19860,False,9,2026-05-25,Monday,Excellent,Normal,Normal
2026-05-25 09:32:03.718141,device_012,camera,server_room,63.1,70.6,61.51,-57,19860,False,9,2026-05-25,Monday,Excellent,Normal,Normal
2026-05-25 09:32:03.718141,device_013,sensor,factory_floor_2,8.0,39.8,43.31,-58,19860,False,9,2026-05-25,Monday,Excellent,Normal,Normal
2026-05-25 09:32:03.718141,device_014,controller,server_room,22.7,34.8,43.55,-67,19860,False,9,2026-05-25,Monday,Good,Normal,Normal
2026-05-25 09:32:03.718141,device_015,sensor,loading_bay,12.7,34.1,37.9,-55,19860,False,9,2026-05-25,Monday,Excellent,Normal,Normal
2026-05-25 09:33:03.718141,device_001,gateway,warehouse_a,22.1,57.2,46.59,-54,19800,False,9,2026-05-25,Monday,Excellent,Normal,Normal
2026-05-25 09:33:03.718141,device_002,camera,factory_floor_2,68.8,59.6,59.27,-59,19800,False,9,2026-05-25,Monday,Excellent,Normal,Normal
2026-05-25 09:33:03.718141,device_003,sensor,warehouse_b,5.3,29.1,43.18,-59,19800,False,9,2026-05-25,Monday,Excellent,Normal,Normal
2026-05-25 09:33:03.718141,device_004,camera,warehouse_b,65.9,72.3,60.95,-60,19800,False,9,2026-05-25,Monday,Excellent,Normal,Normal
2026-05-25 09:33:03.718141,device_005,gateway,warehouse_a,28.6,59.8,49.08,-59,19800,False,9,2026-05-25,Monday,Excellent,Normal,Normal
2026-05-25 09:33:03.718141,device_006,sensor,factory_floor_2,7.2,31.3,41.92,-69,19800,False,9,2026-05-25,Monday,Good,Normal,Normal
2026-05-25 09:33:03.718141,device_007,sensor,warehouse_a,5.8,34.3,39.35,-56,19800,False,9,2026-05-25,Monday,Excellent,Normal,Normal
2026-05-25 09:33:03.718141,device_008,gateway,loading_bay,36.6,48.5,47.88,-52,19800,False,9,2026-05-25,Monday,Excellent,Normal,Normal
2026-05-25 09:33:03.718141,device_009,sensor,office_block,15.4,32.3,41.37,-68,19800,False,9,2026-05-25,Monday,Good,Normal,Normal
2026-05-25 09:33:03.718141,device_010,camera,warehouse_a,70.2,77.3,59.18,-56,19800,False,9,2026-05-25,Monday,Excellent,Normal,High
2026-05-25 09:33:03.718141,device_011,camera,factory_floor_1,68.4,78.6,59.54,-61,19800,False,9,2026-05-25,Monday,Good,Normal,Normal
2026-05-25 09:33:03.718141,device_012,camera,server_room,62.0,71.2,63.23,-55,19800,False,9,2026-05-25,Monday,Excellent,Normal,Normal
2026-05-25 09:33:03.718141,device_013,sensor,factory_floor_2,14.5,35.1,46.68,-62,19800,False,9,2026-05-25,Monday,Good,Normal,Normal
2026-05-25 09:33:03.718141,device_014,controller,server_room,14.2,42.3,49.38,-60,19800,False,9,2026-05-25,Monday,Excellent,Normal,Normal
2026-05-25 09:33:03.718141,device_015,sensor,loading_bay,18.1,33.5,42.41,-55,19800,False,9,2026-05-25,Monday,Excellent,Normal,Normal
2026-05-25 09:34:03.718141,device_001,gateway,warehouse_a,28.9,51.1,47.96,-54,19740,False,9,2026-05-25,Monday,Excellent,Normal,Normal
2026-05-25 09:34:03.718141,device_002,camera,factory_floor_2,71.0,65.8,59.03,-56,19740,False,9,2026-05-25,Monday,Excellent,Normal,High
2026-05-25 09:34:03.718141,device_003,sensor,warehouse_b,10.7,37.9,45.56,-56,19740,False,9,2026-05-25,Monday,Excellent,Normal,Normal
2026-05-25 09:34:03.718141,device_004,camera,warehouse_b,70.0,64.3,58.73,-62,19740,False,9,2026-05-25,Monday,Good,Normal,Normal
2026-05-25 09:34:03.718141,device_005,gateway,warehouse_a,35.5,54.0,51.03,-56,19740,False,9,2026-05-25,Monday,Excellent,Normal,Normal
2026-05-25 09:34:03.718141,device_006,sensor,factory_floor_2,14.6,36.8,43.67,-58,19740,False,9,2026-05-25,Monday,Excellent,Normal,Normal
2026-05-25 09:34:03.718141,device_007,sensor,warehouse_a,18.8,38.7,40.07,-59,19740,False,9,2026-05-25,Monday,Excellent,Normal,Normal
2026-05-25 09:34:03.718141,device_008,gateway,loading_bay,28.3,61.1,52.81,-51,19740,False,9,2026-05-25,Monday,Excellent,Normal,Normal
2026-05-25 09:34:03.718141,device_009,sensor,office_block,40.5,39.3,63.61,-67,19740,True,9,2026-05-25,Monday,Good,Normal,Normal
2026-05-25 09:34:03.718141,device_010,camera,warehouse_a,63.2,65.8,58.48,-58,19740,False,9,2026-05-25,Monday,Excellent,Normal,Normal
2026-05-25 09:34:03.718141,device_011,camera,factory_floor_1,55.2,65.6,67.17,-55,19740,False,9,2026-05-25,Monday,Excellent,Normal,Normal
2026-05-25 09:34:03.718141,device_012,camera,server_room,63.9,71.2,60.17,-59,19740,False,9,2026-05-25,Monday,Excellent,Normal,Normal
2026-05-25 09:34:03.718141,device_013,sensor,factory_floor_2,12.1,32.7,44.58,-60,19740,False,9,2026-05-25,Monday,Excellent,Normal,Normal
2026-05-25 09:34:03.718141,device_014,controller,server_room,17.2,44.0,48.85,-61,19740,False,9,2026-05-25,Monday,Good,Normal,Normal
2026-05-25 09:34:03.718141,device_015,sensor,loading_bay,16.0,37.9,43.47,-56,19740,False,9,2026-05-25,Monday,Excellent,Normal,Normal
2026-05-25 09:35:03.718141,device_001,gateway,warehouse_a,31.3,55.7,55.52,-54,19680,False,9,2026-05-25,Monday,Excellent,Normal,Normal
2026-05-25 09:35:03.718141,device_002,camera,factory_floor_2,58.5,67.4,62.2,-63,19680,False,9,2026-05-25,Monday,Good,Normal,Normal
2026-05-25 09:35:03.718141,device_003,sensor,warehouse_b,5.4,40.0,43.76,-69,19680,False,9,2026-05-25,Monday,Good,Normal,Normal
2026-05-25 09:35:03.718141,device_004,camera,warehouse_b,65.1,76.8,61.93,-51,19680,False,9,2026-05-25,Monday,Excellent,Normal,Normal
2026-05-25 09:35:03.718141,device_005,gateway,warehouse_a,29.2,57.3,59.81,-56,19680,False,9,2026-05-25,Monday,Excellent,Normal,Normal
2026-05-25 09:35:03.718141,device_006,sensor,factory_floor_2,1.0,36.5,44.26,-66,19680,False,9,2026-05-25,Monday,Good,Normal,Normal
2026-05-25 09:35:03.718141,device_007,sensor,warehouse_a,14.4,34.4,44.02,-59,19680,False,9,2026-05-25,Monday,Excellent,Normal,Normal
2026-05-25 09:35:03.718141,device_008,gateway,loading_bay,21.9,51.6,51.37,-50,19680,False,9,2026-05-25,Monday,Excellent,Normal,Normal
2026-05-25 09:35:03.718141,device_009,sensor,office_block,5.1,41.7,43.77,-66,19680,False,9,2026-05-25,Monday,Good,Normal,Normal
2026-05-25 09:35:03.718141,device_010,camera,warehouse_a,67.0,71.8,57.41,-63,19680,False,9,2026-05-25,Monday,Good,Normal,Normal
2026-05-25 09:35:03.718141,device_011,camera,factory_floor_1,71.0,69.5,59.17,-53,19680,False,9,2026-05-25,Monday,Excellent,Normal,High
2026-05-25 09:35:03.718141,device_012,camera,server_room,65.1,72.6,58.65,-58,19680,False,9,2026-05-25,Monday,Excellent,Normal,Normal
2026-05-25 09:35:03.718141,device_013,sensor,factory_floor_2,7.4,31.5,43.26,-59,19680,False,9,2026-05-25,Monday,Excellent,Normal,Normal
2026-05-25 09:35:03.718141,device_014,controller,server_room,15.8,43.5,50.17,-54,19680,False,9,2026-05-25,Monday,Excellent,Normal,Normal
2026-05-25 09:35:03.718141,device_015,sensor,loading_bay,16.6,35.9,40.8,-59,19680,False,9,2026-05-25,Monday,Excellent,Normal,Normal
2026-05-25 09:36:03.718141,device_001,gateway,warehouse_a,32.7,48.0,47.74,-52,19620,False,9,2026-05-25,Monday,Excellent,Normal,Normal
2026-05-25 09:36:03.718141,device_002,camera,factory_floor_2,57.4,67.8,64.79,-55,19620,False,9,2026-05-25,Monday,Excellent,Normal,Normal
2026-05-25 09:36:03.718141,device_003,sensor,warehouse_b,20.8,35.7,40.31,-62,19620,False,9,2026-05-25,Monday,Good,Normal,Normal
2026-05-25 09:36:03.718141,device_004,camera,warehouse_b,72.7,78.2,67.02,-63,19620,False,9,2026-05-25,Monday,Good,Normal,High
2026-05-25 09:36:03.718141,device_005,gateway,warehouse_a,34.0,57.4,55.07,-49,19620,False,9,2026-05-25,Monday,Excellent,Normal,Normal
2026-05-25 09:36:03.718141,device_006,sensor,factory_floor_2,11.9,31.7,40.35,-64,19620,False,9,2026-05-25,Monday,Good,Normal,Normal
2026-05-25 09:36:03.718141,device_007,sensor,warehouse_a,8.0,33.2,41.49,-70,19620,False,9,2026-05-25,Monday,Good,Normal,Normal
2026-05-25 09:36:03.718141,device_008,gateway,loading_bay,31.5,55.4,54.87,-53,19620,False,9,2026-05-25,Monday,Excellent,Normal,Normal
2026-05-25 09:36:03.718141,device_009,sensor,office_block,15.4,34.2,38.57,-66,19620,False,9,2026-05-25,Monday,Good,Normal,Normal
2026-05-25 09:36:03.718141,device_010,camera,warehouse_a,61.4,69.7,55.4,-60,19620,False,9,2026-05-25,Monday,Excellent,Normal,Normal
2026-05-25 09:36:03.718141,device_011,camera,factory_floor_1,64.4,72.5,65.54,-60,19620,False,9,2026-05-25,Monday,Excellent,Normal,Normal
2026-05-25 09:36:03.718141,device_012,camera,server_room,59.9,74.9,66.56,-59,19620,False,9,2026-05-25,Monday,Excellent,Normal,Normal
2026-05-25 09:36:03.718141,device_013,sensor,factory_floor_2,10.9,31.2,41.32,-66,19620,False,9,2026-05-25,Monday,Good,Normal,Normal
2026-05-25 09:36:03.718141,device_014,controller,server_room,16.1,52.5,51.27,-68,19620,False,9,2026-05-25,Monday,Good,Normal,Normal
2026-05-25 09:36:03.718141,device_015,sensor,loading_bay,15.7,30.5,40.53,-66,19620,False,9,2026-05-25,Monday,Good,Normal,Normal
2026-05-25 09:37:03.718141,device_001,gateway,warehouse_a,28.7,56.3,46.69,-55,19560,False,9,2026-05-25,Monday,Excellent,Normal,Normal
2026-05-25 09:37:03.718141,device_002,camera,factory_floor_2,64.3,63.6,59.6,-63,19560,False,9,2026-05-25,Monday,Good,Normal,Normal
2026-05-25 09:37:03.718141,device_003,sensor,warehouse_b,10.6,30.3,40.4,-70,19560,False,9,2026-05-25,Monday,Good,Normal,Normal
2026-05-25 09:37:03.718141,device_004,camera,warehouse_b,50.6,77.1,60.92,-55,19560,False,9,2026-05-25,Monday,Excellent,Normal,Normal
2026-05-25 09:37:03.718141,device_005,gateway,warehouse_a,36.3,52.6,50.63,-56,19560,False,9,2026-05-25,Monday,Excellent,Normal,Normal
2026-05-25 09:37:03.718141,device_006,sensor,factory_floor_2,10.3,36.2,39.0,-70,19560,False,9,2026-05-25,Monday,Good,Normal,Normal
2026-05-25 09:37:03.718141,device_007,sensor,warehouse_a,11.8,34.6,45.68,-69,19560,False,9,2026-05-25,Monday,Good,Normal,Normal
2026-05-25 09:37:03.718141,device_008,gateway,loading_bay,27.0,51.7,49.37,-50,19560,False,9,2026-05-25,Monday,Excellent,Normal,Normal
2026-05-25 09:37:03.718141,device_009,sensor,office_block,6.9,38.7,43.1,-68,19560,False,9,2026-05-25,Monday,Good,Normal,Normal
2026-05-25 09:37:03.718141,device_010,camera,warehouse_a,61.0,68.9,65.48,-55,19560,False,9,2026-05-25,Monday,Excellent,Normal,Normal
2026-05-25 09:37:03.718141,device_011,camera,factory_floor_1,64.9,60.3,58.76,-63,19560,False,9,2026-05-25,Monday,Good,Normal,Normal
2026-05-25 09:37:03.718141,device_012,camera,server_room,69.4,68.9,63.21,-59,19560,False,9,2026-05-25,Monday,Excellent,Normal,Normal
2026-05-25 09:37:03.718141,device_013,sensor,factory_floor_2,8.3,28.7,43.55,-69,19560,False,9,2026-05-25,Monday,Good,Normal,Normal
2026-05-25 09:37:03.718141,device_014,controller,server_room,15.4,40.0,50.38,-52,19560,False,9,2026-05-25,Monday,Excellent,Normal,Normal
2026-05-25 09:37:03.718141,device_015,sensor,loading_bay,9.5,36.9,37.93,-70,19560,False,9,2026-05-25,Monday,Good,Normal,Normal
2026-05-25 09:38:03.718141,device_001,gateway,warehouse_a,27.8,59.7,47.15,-48,19500,False,9,2026-05-25,Monday,Excellent,Normal,Normal
2026-05-25 09:38:03.718141,device_002,camera,factory_floor_2,61.3,70.8,58.57,-53,19500,False,9,2026-05-25,Monday,Excellent,Normal,Normal
2026-05-25 09:38:03.718141,device_003,sensor,warehouse_b,13.7,35.2,38.95,-55,19500,False,9,2026-05-25,Monday,Excellent,Normal,Normal
2026-05-25 09:38:03.718141,device_004,camera,warehouse_b,67.1,70.7,63.08,-52,19500,False,9,2026-05-25,Monday,Excellent,Normal,Normal
2026-05-25 09:38:03.718141,device_005,gateway,warehouse_a,26.2,55.3,49.52,-61,19500,False,9,2026-05-25,Monday,Good,Normal,Normal
2026-05-25 09:38:03.718141,device_006,sensor,factory_floor_2,2.6,36.7,33.24,-66,19500,False,9,2026-05-25,Monday,Good,Normal,Normal
2026-05-25 09:38:03.718141,device_007,sensor,warehouse_a,12.5,31.0,34.91,-62,19500,False,9,2026-05-25,Monday,Good,Normal,Normal
2026-05-25 09:38:03.718141,device_008,gateway,loading_bay,31.1,55.1,58.17,-53,19500,False,9,2026-05-25,Monday,Excellent,Normal,Normal
2026-05-25 09:38:03.718141,device_009,sensor,office_block,4.4,40.5,41.45,-54,19500,False,9,2026-05-25,Monday,Excellent,Normal,Normal
2026-05-25 09:38:03.718141,device_010,camera,warehouse_a,61.8,68.1,58.6,-50,19500,False,9,2026-05-25,Monday,Excellent,Normal,Normal
2026-05-25 09:38:03.718141,device_011,camera,factory_floor_1,60.2,76.5,61.37,-63,19500,False,9,2026-05-25,Monday,Good,Normal,Normal
2026-05-25 09:38:03.718141,device_012,camera,server_room,66.6,68.8,60.24,-63,19500,False,9,2026-05-25,Monday,Good,Normal,Normal
2026-05-25 09:38:03.718141,device_013,sensor,factory_floor_2,1.0,34.7,44.65,-64,19500,False,9,2026-05-25,Monday,Good,Normal,Normal
2026-05-25 09:38:03.718141,device_014,controller,server_room,17.1,46.2,57.58,-61,19500,False,9,2026-05-25,Monday,Good,Normal,Normal
2026-05-25 09:38:03.718141,device_015,sensor,loading_bay,4.2,39.6,40.72,-56,19500,False,9,2026-05-25,Monday,Excellent,Normal,Normal
2026-05-25 09:39:03.718141,device_001,gateway,warehouse_a,28.6,58.7,47.69,-60,19440,False,9,2026-05-25,Monday,Excellent,Normal,Normal
2026-05-25 09:39:03.718141,device_002,camera,factory_floor_2,61.7,74.3,66.62,-56,19440,False,9,2026-05-25,Monday,Excellent,Normal,Normal
2026-05-25 09:39:03.718141,device_003,sensor,warehouse_b,5.8,35.3,45.84,-59,19440,False,9,2026-05-25,Monday,Excellent,Normal,Normal
2026-05-25 09:39:03.718141,device_004,camera,warehouse_b,69.3,66.6,62.45,-51,19440,False,9,2026-05-25,Monday,Excellent,Normal,Normal
2026-05-25 09:39:03.718141,device_005,gateway,warehouse_a,24.8,53.7,55.09,-61,19440,False,9,2026-05-25,Monday,Good,Normal,Normal
2026-05-25 09:39:03.718141,device_006,sensor,factory_floor_2,6.0,36.7,39.13,-67,19440,False,9,2026-05-25,Monday,Good,Normal,Normal
2026-05-25 09:39:03.718141,device_007,sensor,warehouse_a,18.3,35.1,38.8,-59,19440,False,9,2026-05-25,Monday,Excellent,Normal,Normal
2026-05-25 09:39:03.718141,device_008,gateway,loading_bay,35.1,56.8,51.76,-62,19440,False,9,2026-05-25,Monday,Good,Normal,Normal
2026-05-25 09:39:03.718141,device_009,sensor,office_block,2.7,34.3,43.28,-60,19440,False,9,2026-05-25,Monday,Excellent,Normal,Normal
2026-05-25 09:39:03.718141,device_010,camera,warehouse_a,69.9,80.4,64.56,-53,19440,False,9,2026-05-25,Monday,Excellent,Normal,Normal
2026-05-25 09:39:03.718141,device_011,camera,factory_floor_1,67.9,70.8,61.98,-53,19440,False,9,2026-05-25,Monday,Excellent,Normal,Normal
2026-05-25 09:39:03.718141,device_012,camera,server_room,63.2,68.8,62.02,-65,19440,False,9,2026-05-25,Monday,Good,Normal,Normal
2026-05-25 09:39:03.718141,device_013,sensor,factory_floor_2,8.8,31.0,45.95,-61,19440,False,9,2026-05-25,Monday,Good,Normal,Normal
2026-05-25 09:39:03.718141,device_014,controller,server_room,23.7,44.5,51.95,-52,19440,False,9,2026-05-25,Monday,Excellent,Normal,Normal
2026-05-25 09:39:03.718141,device_015,sensor,loading_bay,1.0,40.2,40.18,-55,19440,False,9,2026-05-25,Monday,Excellent,Normal,Normal
2026-05-25 09:40:03.718141,device_001,gateway,warehouse_a,27.9,53.0,49.0,-60,19380,False,9,2026-05-25,Monday,Excellent,Normal,Normal
2026-05-25 09:40:03.718141,device_002,camera,factory_floor_2,69.2,69.0,62.64,-55,19380,False,9,2026-05-25,Monday,Excellent,Normal,Normal
2026-05-25 09:40:03.718141,device_003,sensor,warehouse_b,6.2,31.3,40.82,-62,19380,False,9,2026-05-25,Monday,Good,Normal,Normal
2026-05-25 09:40:03.718141,device_004,camera,warehouse_b,73.1,74.9,60.03,-53,19380,False,9,2026-05-25,Monday,Excellent,Normal,High
2026-05-25 09:40:03.718141,device_005,gateway,warehouse_a,35.6,53.3,54.99,-63,19380,False,9,2026-05-25,Monday,Good,Normal,Normal
2026-05-25 09:40:03.718141,device_006,sensor,factory_floor_2,10.0,31.4,41.93,-62,19380,False,9,2026-05-25,Monday,Good,Normal,Normal
2026-05-25 09:40:03.718141,device_007,sensor,warehouse_a,9.6,39.8,38.46,-62,19380,False,9,2026-05-25,Monday,Good,Normal,Normal
2026-05-25 09:40:03.718141,device_008,gateway,loading_bay,25.7,56.1,52.6,-54,19380,False,9,2026-05-25,Monday,Excellent,Normal,Normal
2026-05-25 09:40:03.718141,device_009,sensor,office_block,6.7,33.1,43.76,-59,19380,False,9,2026-05-25,Monday,Excellent,Normal,Normal
2026-05-25 09:40:03.718141,device_010,camera,warehouse_a,99.0,70.5,76.96,-62,19380,True,9,2026-05-25,Monday,Good,Warning,Critical
2026-05-25 09:40:03.718141,device_011,camera,factory_floor_1,74.7,67.3,58.0,-54,19380,False,9,2026-05-25,Monday,Excellent,Normal,High
2026-05-25 09:40:03.718141,device_012,camera,server_room,67.6,71.4,61.54,-66,19380,False,9,2026-05-25,Monday,Good,Normal,Normal
2026-05-25 09:40:03.718141,device_013,sensor,factory_floor_2,10.4,39.4,43.9,-54,19380,False,9,2026-05-25,Monday,Excellent,Normal,Normal
2026-05-25 09:40:03.718141,device_014,controller,server_room,20.0,47.7,47.28,-55,19380,False,9,2026-05-25,Monday,Excellent,Normal,Normal
2026-05-25 09:40:03.718141,device_015,sensor,loading_bay,17.5,31.1,41.6,-65,19380,False,9,2026-05-25,Monday,Good,Normal,Normal
2026-05-25 09:41:03.718141,device_001,gateway,warehouse_a,33.5,46.3,51.64,-53,19320,False,9,2026-05-25,Monday,Excellent,Normal,Normal
2026-05-25 09:41:03.718141,device_002,camera,factory_floor_2,69.2,69.6,59.39,-64,19320,False,9,2026-05-25,Monday,Good,Normal,Normal
2026-05-25 09:41:03.718141,device_003,sensor,warehouse_b,9.7,37.8,42.57,-66,19320,False,9,2026-05-25,Monday,Good,Normal,Normal
2026-05-25 09:41:03.718141,device_004,camera,warehouse_b,62.8,69.0,62.54,-65,19320,False,9,2026-05-25,Monday,Good,Normal,Normal
2026-05-25 09:41:03.718141,device_005,gateway,warehouse_a,31.7,51.3,53.85,-55,19320,False,9,2026-05-25,Monday,Excellent,Normal,Normal
2026-05-25 09:41:03.718141,device_006,sensor,factory_floor_2,13.4,38.2,40.39,-57,19320,False,9,2026-05-25,Monday,Excellent,Normal,Normal
2026-05-25 09:41:03.718141,device_007,sensor,warehouse_a,9.8,34.1,47.51,-56,19320,False,9,2026-05-25,Monday,Excellent,Normal,Normal
2026-05-25 09:41:03.718141,device_008,gateway,loading_bay,26.3,53.8,51.94,-57,19320,False,9,2026-05-25,Monday,Excellent,Normal,Normal
2026-05-25 09:41:03.718141,device_009,sensor,office_block,12.0,30.8,37.15,-67,19320,False,9,2026-05-25,Monday,Good,Normal,Normal
2026-05-25 09:41:03.718141,device_010,camera,warehouse_a,59.7,76.8,63.85,-63,19320,False,9,2026-05-25,Monday,Good,Normal,Normal
2026-05-25 09:41:03.718141,device_011,camera,factory_floor_1,64.5,70.3,60.49,-51,19320,False,9,2026-05-25,Monday,Excellent,Normal,Normal
2026-05-25 09:41:03.718141,device_012,camera,server_room,70.8,71.0,58.22,-57,19320,False,9,2026-05-25,Monday,Excellent,Normal,High
2026-05-25 09:41:03.718141,device_013,sensor,factory_floor_2,12.9,35.8,43.5,-58,19320,False,9,2026-05-25,Monday,Excellent,Normal,Normal
2026-05-25 09:41:03.718141,device_014,controller,server_room,23.0,47.7,39.89,-67,19320,False,9,2026-05-25,Monday,Good,Normal,Normal
2026-05-25 09:41:03.718141,device_015,sensor,loading_bay,34.7,37.0,56.51,-61,19320,True,9,2026-05-25,Monday,Good,Normal,Normal
2026-05-25 09:42:03.718141,device_001,gateway,warehouse_a,34.9,58.8,51.59,-59,19260,False,9,2026-05-25,Monday,Excellent,Normal,Normal
2026-05-25 09:42:03.718141,device_002,camera,factory_floor_2,73.1,76.6,64.94,-57,19260,False,9,2026-05-25,Monday,Excellent,Normal,High
2026-05-25 09:42:03.718141,device_003,sensor,warehouse_b,11.7,28.6,42.23,-70,19260,False,9,2026-05-25,Monday,Good,Normal,Normal
2026-05-25 09:42:03.718141,device_004,camera,warehouse_b,63.8,78.7,58.47,-53,19260,False,9,2026-05-25,Monday,Excellent,Normal,Normal
2026-05-25 09:42:03.718141,device_005,gateway,warehouse_a,27.1,57.2,52.37,-51,19260,False,9,2026-05-25,Monday,Excellent,Normal,Normal
2026-05-25 09:42:03.718141,device_006,sensor,factory_floor_2,8.2,32.5,47.09,-63,19260,False,9,2026-05-25,Monday,Good,Normal,Normal
2026-05-25 09:42:03.718141,device_007,sensor,warehouse_a,9.0,29.7,39.77,-59,19260,False,9,2026-05-25,Monday,Excellent,Normal,Normal
2026-05-25 09:42:03.718141,device_008,gateway,loading_bay,24.9,53.3,51.89,-62,19260,False,9,2026-05-25,Monday,Good,Normal,Normal
2026-05-25 09:42:03.718141,device_009,sensor,office_block,4.5,34.7,37.78,-56,19260,False,9,2026-05-25,Monday,Excellent,Normal,Normal
2026-05-25 09:42:03.718141,device_010,camera,warehouse_a,57.5,70.3,63.28,-56,19260,False,9,2026-05-25,Monday,Excellent,Normal,Normal
2026-05-25 09:42:03.718141,device_011,camera,factory_floor_1,57.7,67.0,60.07,-54,19260,False,9,2026-05-25,Monday,Excellent,Normal,Normal
2026-05-25 09:42:03.718141,device_012,camera,server_room,66.6,62.5,65.02,-53,19260,False,9,2026-05-25,Monday,Excellent,Normal,Normal
2026-05-25 09:42:03.718141,device_013,sensor,factory_floor_2,8.6,37.7,41.52,-58,19260,False,9,2026-05-25,Monday,Excellent,Normal,Normal
2026-05-25 09:42:03.718141,device_014,controller,server_room,19.1,43.7,45.74,-58,19260,False,9,2026-05-25,Monday,Excellent,Normal,Normal
2026-05-25 09:42:03.718141,device_015,sensor,loading_bay,4.0,35.1,45.23,-56,19260,False,9,2026-05-25,Monday,Excellent,Normal,Normal
2026-05-25 09:43:03.718141,device_001,gateway,warehouse_a,37.5,52.2,51.82,-52,19200,False,9,2026-05-25,Monday,Excellent,Normal,Normal
2026-05-25 09:43:03.718141,device_002,camera,factory_floor_2,57.4,63.7,55.59,-63,19200,False,9,2026-05-25,Monday,Good,Normal,Normal
2026-05-25 09:43:03.718141,device_003,sensor,warehouse_b,9.3,28.7,43.53,-58,19200,False,9,2026-05-25,Monday,Excellent,Normal,Normal
2026-05-25 09:43:03.718141,device_004,camera,warehouse_b,69.5,70.6,59.55,-54,19200,False,9,2026-05-25,Monday,Excellent,Normal,Normal
2026-05-25 09:43:03.718141,device_005,gateway,warehouse_a,36.1,53.9,54.69,-53,19200,False,9,2026-05-25,Monday,Excellent,Normal,Normal
2026-05-25 09:43:03.718141,device_006,sensor,factory_floor_2,3.5,32.1,35.54,-65,19200,False,9,2026-05-25,Monday,Good,Normal,Normal
2026-05-25 09:43:03.718141,device_007,sensor,warehouse_a,6.9,34.5,39.04,-67,19200,False,9,2026-05-25,Monday,Good,Normal,Normal
2026-05-25 09:43:03.718141,device_008,gateway,loading_bay,28.4,52.4,51.33,-57,19200,False,9,2026-05-25,Monday,Excellent,Normal,Normal
2026-05-25 09:43:03.718141,device_009,sensor,office_block,8.8,30.6,43.33,-59,19200,False,9,2026-05-25,Monday,Excellent,Normal,Normal
2026-05-25 09:43:03.718141,device_010,camera,warehouse_a,72.1,70.1,60.7,-62,19200,False,9,2026-05-25,Monday,Good,Normal,High
2026-05-25 09:43:03.718141,device_011,camera,factory_floor_1,68.5,73.8,61.7,-62,19200,False,9,2026-05-25,Monday,Good,Normal,Normal
2026-05-25 09:43:03.718141,device_012,camera,server_room,66.4,71.4,59.16,-61,19200,False,9,2026-05-25,Monday,Good,Normal,Normal
2026-05-25 09:43:03.718141,device_013,sensor,factory_floor_2,2.3,34.9,42.33,-68,19200,False,9,2026-05-25,Monday,Good,Normal,Normal
2026-05-25 09:43:03.718141,device_014,controller,server_room,17.0,37.5,47.61,-53,19200,False,9,2026-05-25,Monday,Excellent,Normal,Normal
2026-05-25 09:43:03.718141,device_015,sensor,loading_bay,5.3,35.6,42.28,-56,19200,False,9,2026-05-25,Monday,Excellent,Normal,Normal
2026-05-25 09:44:03.718141,device_001,gateway,warehouse_a,22.9,51.5,55.8,-53,19140,False,9,2026-05-25,Monday,Excellent,Normal,Normal
2026-05-25 09:44:03.718141,device_002,camera,factory_floor_2,69.8,67.4,62.28,-56,19140,False,9,2026-05-25,Monday,Excellent,Normal,Normal
2026-05-25 09:44:03.718141,device_003,sensor,warehouse_b,16.9,38.7,38.42,-68,19140,False,9,2026-05-25,Monday,Good,Normal,Normal
2026-05-25 09:44:03.718141,device_004,camera,warehouse_b,70.0,75.6,58.99,-57,19140,False,9,2026-05-25,Monday,Excellent,Normal,High
2026-05-25 09:44:03.718141,device_005,gateway,warehouse_a,26.7,56.0,52.87,-62,19140,False,9,2026-05-25,Monday,Good,Normal,Normal
2026-05-25 09:44:03.718141,device_006,sensor,factory_floor_2,7.3,38.2,44.43,-68,19140,False,9,2026-05-25,Monday,Good,Normal,Normal
2026-05-25 09:44:03.718141,device_007,sensor,warehouse_a,1.0,28.4,45.91,-56,19140,False,9,2026-05-25,Monday,Excellent,Normal,Normal
2026-05-25 09:44:03.718141,device_008,gateway,loading_bay,33.2,50.6,55.38,-52,19140,False,9,2026-05-25,Monday,Excellent,Normal,Normal
2026-05-25 09:44:03.718141,device_009,sensor,office_block,5.9,34.1,38.68,-68,19140,False,9,2026-05-25,Monday,Good,Normal,Normal
2026-05-25 09:44:03.718141,device_010,camera,warehouse_a,63.5,75.2,63.34,-64,19140,False,9,2026-05-25,Monday,Good,Normal,Normal
2026-05-25 09:44:03.718141,device_011,camera,factory_floor_1,72.0,69.2,59.31,-50,19140,False,9,2026-05-25,Monday,Excellent,Normal,High
2026-05-25 09:44:03.718141,device_012,camera,server_room,56.6,73.9,58.58,-65,19140,False,9,2026-05-25,Monday,Good,Normal,Normal
2026-05-25 09:44:03.718141,device_013,sensor,factory_floor_2,16.1,32.6,38.3,-64,19140,False,9,2026-05-25,Monday,Good,Normal,Normal
2026-05-25 09:44:03.718141,device_014,controller,server_room,17.9,41.8,48.84,-53,19140,False,9,2026-05-25,Monday,Excellent,Normal,Normal
2026-05-25 09:44:03.718141,device_015,sensor,loading_bay,10.1,34.9,40.58,-69,19140,False,9,2026-05-25,Monday,Good,Normal,Normal
2026-05-25 09:45:03.718141,device_001,gateway,warehouse_a,30.7,53.3,52.02,-53,19080,False,9,2026-05-25,Monday,Excellent,Normal,Normal
2026-05-25 09:45:03.718141,device_002,camera,factory_floor_2,64.5,68.5,60.73,-64,19080,False,9,2026-05-25,Monday,Good,Normal,Normal
2026-05-25 09:45:03.718141,device_003,sensor,warehouse_b,6.7,37.2,46.8,-65,19080,False,9,2026-05-25,Monday,Good,Normal,Normal
2026-05-25 09:45:03.718141,device_004,camera,warehouse_b,63.5,68.7,63.09,-52,19080,False,9,2026-05-25,Monday,Excellent,Normal,Normal
2026-05-25 09:45:03.718141,device_005,gateway,warehouse_a,33.9,54.6,53.11,-47,19080,False,9,2026-05-25,Monday,Excellent,Normal,Normal
2026-05-25 09:45:03.718141,device_006,sensor,factory_floor_2,10.2,30.5,37.29,-65,19080,False,9,2026-05-25,Monday,Good,Normal,Normal
2026-05-25 09:45:03.718141,device_007,sensor,warehouse_a,2.0,41.9,42.43,-61,19080,False,9,2026-05-25,Monday,Good,Normal,Normal
2026-05-25 09:45:03.718141,device_008,gateway,loading_bay,39.2,57.0,53.91,-53,19080,False,9,2026-05-25,Monday,Excellent,Normal,Normal
2026-05-25 09:45:03.718141,device_009,sensor,office_block,1.0,31.8,40.37,-69,19080,False,9,2026-05-25,Monday,Good,Normal,Normal
2026-05-25 09:45:03.718141,device_010,camera,warehouse_a,61.9,68.1,60.5,-56,19080,False,9,2026-05-25,Monday,Excellent,Normal,Normal
2026-05-25 09:45:03.718141,device_011,camera,factory_floor_1,55.1,65.7,63.24,-63,19080,False,9,2026-05-25,Monday,Good,Normal,Normal
2026-05-25 09:45:03.718141,device_012,camera,server_room,66.2,66.3,67.22,-54,19080,False,9,2026-05-25,Monday,Excellent,Normal,Normal
2026-05-25 09:45:03.718141,device_013,sensor,factory_floor_2,1.0,39.4,41.14,-66,19080,False,9,2026-05-25,Monday,Good,Normal,Normal
2026-05-25 09:45:03.718141,device_014,controller,server_room,27.8,47.0,44.31,-64,19080,False,9,2026-05-25,Monday,Good,Normal,Normal
2026-05-25 09:45:03.718141,device_015,sensor,loading_bay,5.7,45.6,41.68,-61,19080,False,9,2026-05-25,Monday,Good,Normal,Normal
2026-05-25 09:46:03.718141,device_001,gateway,warehouse_a,20.5,56.9,52.76,-51,19020,False,9,2026-05-25,Monday,Excellent,Normal,Normal
2026-05-25 09:46:03.718141,device_002,camera,factory_floor_2,70.4,71.2,61.29,-64,19020,False,9,2026-05-25,Monday,Good,Normal,High
2026-05-25 09:46:03.718141,device_003,sensor,warehouse_b,6.0,33.6,42.81,-58,19020,False,9,2026-05-25,Monday,Excellent,Normal,Normal
2026-05-25 09:46:03.718141,device_004,camera,warehouse_b,68.1,71.5,59.89,-56,19020,False,9,2026-05-25,Monday,Excellent,Normal,Normal
2026-05-25 09:46:03.718141,device_005,gateway,warehouse_a,27.9,54.8,55.38,-47,19020,False,9,2026-05-25,Monday,Excellent,Normal,Normal
2026-05-25 09:46:03.718141,device_006,sensor,factory_floor_2,1.0,31.4,45.79,-57,19020,False,9,2026-05-25,Monday,Excellent,Normal,Normal
2026-05-25 09:46:03.718141,device_007,sensor,warehouse_a,4.7,40.5,40.21,-70,19020,False,9,2026-05-25,Monday,Good,Normal,Normal
2026-05-25 09:46:03.718141,device_008,gateway,loading_bay,17.3,59.2,61.41,-58,19020,False,9,2026-05-25,Monday,Excellent,Normal,Normal
2026-05-25 09:46:03.718141,device_009,sensor,office_block,9.1,36.1,41.84,-60,19020,False,9,2026-05-25,Monday,Excellent,Normal,Normal
2026-05-25 09:46:03.718141,device_010,camera,warehouse_a,67.6,72.2,62.94,-51,19020,False,9,2026-05-25,Monday,Excellent,Normal,Normal
2026-05-25 09:46:03.718141,device_011,camera,factory_floor_1,65.4,69.4,60.41,-62,19020,False,9,2026-05-25,Monday,Good,Normal,Normal
2026-05-25 09:46:03.718141,device_012,camera,server_room,64.0,72.4,64.4,-57,19020,False,9,2026-05-25,Monday,Excellent,Normal,Normal
2026-05-25 09:46:03.718141,device_013,sensor,factory_floor_2,1.0,35.8,43.97,-67,19020,False,9,2026-05-25,Monday,Good,Normal,Normal
2026-05-25 09:46:03.718141,device_014,controller,server_room,17.9,49.5,46.83,-52,19020,False,9,2026-05-25,Monday,Excellent,Normal,Normal
2026-05-25 09:46:03.718141,device_015,sensor,loading_bay,12.7,36.6,39.68,-60,19020,False,9,2026-05-25,Monday,Excellent,Normal,Normal
2026-05-25 09:47:03.718141,device_001,gateway,warehouse_a,23.1,52.5,47.86,-59,18960,False,9,2026-05-25,Monday,Excellent,Normal,Normal
2026-05-25 09:47:03.718141,device_002,camera,factory_floor_2,69.3,72.1,63.86,-62,18960,False,9,2026-05-25,Monday,Good,Normal,Normal
2026-05-25 09:47:03.718141,device_003,sensor,warehouse_b,11.6,32.4,43.55,-65,18960,False,9,2026-05-25,Monday,Good,Normal,Normal
2026-05-25 09:47:03.718141,device_004,camera,warehouse_b,67.2,73.0,63.4,-65,18960,False,9,2026-05-25,Monday,Good,Normal,Normal
2026-05-25 09:47:03.718141,device_005,gateway,warehouse_a,33.9,56.4,54.12,-56,18960,False,9,2026-05-25,Monday,Excellent,Normal,Normal
2026-05-25 09:47:03.718141,device_006,sensor,factory_floor_2,13.4,31.5,41.92,-61,18960,False,9,2026-05-25,Monday,Good,Normal,Normal
2026-05-25 09:47:03.718141,device_007,sensor,warehouse_a,7.2,32.3,39.77,-56,18960,False,9,2026-05-25,Monday,Excellent,Normal,Normal
2026-05-25 09:47:03.718141,device_008,gateway,loading_bay,27.3,53.8,49.62,-56,18960,False,9,2026-05-25,Monday,Excellent,Normal,Normal
2026-05-25 09:47:03.718141,device_009,sensor,office_block,1.0,35.0,42.64,-55,18960,False,9,2026-05-25,Monday,Excellent,Normal,Normal
2026-05-25 09:47:03.718141,device_010,camera,warehouse_a,60.9,73.8,62.98,-60,18960,False,9,2026-05-25,Monday,Excellent,Normal,Normal
2026-05-25 09:47:03.718141,device_011,camera,factory_floor_1,57.0,66.9,58.71,-52,18960,False,9,2026-05-25,Monday,Excellent,Normal,Normal
2026-05-25 09:47:03.718141,device_012,camera,server_room,60.3,69.2,63.49,-57,18960,False,9,2026-05-25,Monday,Excellent,Normal,Normal
2026-05-25 09:47:03.718141,device_013,sensor,factory_floor_2,6.7,37.5,35.99,-54,18960,False,9,2026-05-25,Monday,Excellent,Normal,Normal
2026-05-25 09:47:03.718141,device_014,controller,server_room,11.8,46.1,48.18,-63,18960,False,9,2026-05-25,Monday,Good,Normal,Normal
2026-05-25 09:47:03.718141,device_015,sensor,loading_bay,14.8,22.9,38.07,-66,18960,False,9,2026-05-25,Monday,Good,Normal,Normal
2026-05-25 09:48:03.718141,device_001,gateway,warehouse_a,28.9,60.0,57.4,-62,18900,False,9,2026-05-25,Monday,Good,Normal,Normal
2026-05-25 09:48:03.718141,device_002,camera,factory_floor_2,66.0,73.2,59.53,-55,18900,False,9,2026-05-25,Monday,Excellent,Normal,Normal
2026-05-25 09:48:03.718141,device_003,sensor,warehouse_b,3.1,37.0,43.43,-67,18900,False,9,2026-05-25,Monday,Good,Normal,Normal
2026-05-25 09:48:03.718141,device_004,camera,warehouse_b,70.3,71.6,69.28,-50,18900,False,9,2026-05-25,Monday,Excellent,Normal,High
2026-05-25 09:48:03.718141,device_005,gateway,warehouse_a,25.5,47.9,51.92,-54,18900,False,9,2026-05-25,Monday,Excellent,Normal,Normal
2026-05-25 09:48:03.718141,device_006,sensor,factory_floor_2,4.5,32.9,40.77,-65,18900,False,9,2026-05-25,Monday,Good,Normal,Normal
2026-05-25 09:48:03.718141,device_007,sensor,warehouse_a,8.8,39.5,39.53,-54,18900,False,9,2026-05-25,Monday,Excellent,Normal,Normal
2026-05-25 09:48:03.718141,device_008,gateway,loading_bay,28.0,53.7,51.97,-50,18900,False,9,2026-05-25,Monday,Excellent,Normal,Normal
2026-05-25 09:48:03.718141,device_009,sensor,office_block,8.8,31.5,44.48,-63,18900,False,9,2026-05-25,Monday,Good,Normal,Normal
2026-05-25 09:48:03.718141,device_010,camera,warehouse_a,61.7,64.6,60.09,-55,18900,False,9,2026-05-25,Monday,Excellent,Normal,Normal
2026-05-25 09:48:03.718141,device_011,camera,factory_floor_1,60.9,73.5,59.57,-53,18900,False,9,2026-05-25,Monday,Excellent,Normal,Normal
2026-05-25 09:48:03.718141,device_012,camera,server_room,66.3,73.4,61.58,-50,18900,False,9,2026-05-25,Monday,Excellent,Normal,Normal
2026-05-25 09:48:03.718141,device_013,sensor,factory_floor_2,7.3,34.6,43.17,-58,18900,False,9,2026-05-25,Monday,Excellent,Normal,Normal
2026-05-25 09:48:03.718141,device_014,controller,server_room,19.3,35.2,46.25,-57,18900,False,9,2026-05-25,Monday,Excellent,Normal,Normal
2026-05-25 09:48:03.718141,device_015,sensor,loading_bay,7.3,38.7,46.27,-60,18900,False,9,2026-05-25,Monday,Excellent,Normal,Normal
2026-05-25 09:49:03.718141,device_001,gateway,warehouse_a,32.8,55.4,55.71,-53,18840,False,9,2026-05-25,Monday,Excellent,Normal,Normal
2026-05-25 09:49:03.718141,device_002,camera,factory_floor_2,66.0,68.7,59.15,-62,18840,False,9,2026-05-25,Monday,Good,Normal,Normal
2026-05-25 09:49:03.718141,device_003,sensor,warehouse_b,11.1,34.4,45.61,-55,18840,False,9,2026-05-25,Monday,Excellent,Normal,Normal
2026-05-25 09:49:03.718141,device_004,camera,warehouse_b,62.7,72.4,61.0,-62,18840,False,9,2026-05-25,Monday,Good,Normal,Normal
2026-05-25 09:49:03.718141,device_005,gateway,warehouse_a,20.8,52.8,45.11,-48,18840,False,9,2026-05-25,Monday,Excellent,Normal,Normal
2026-05-25 09:49:03.718141,device_006,sensor,factory_floor_2,1.9,34.4,40.48,-70,18840,False,9,2026-05-25,Monday,Good,Normal,Normal
2026-05-25 09:49:03.718141,device_007,sensor,warehouse_a,5.7,36.3,46.36,-70,18840,False,9,2026-05-25,Monday,Good,Normal,Normal
2026-05-25 09:49:03.718141,device_008,gateway,loading_bay,29.5,50.4,53.87,-59,18840,False,9,2026-05-25,Monday,Excellent,Normal,Normal
2026-05-25 09:49:03.718141,device_009,sensor,office_block,13.2,37.7,41.77,-54,18840,False,9,2026-05-25,Monday,Excellent,Normal,Normal
2026-05-25 09:49:03.718141,device_010,camera,warehouse_a,59.6,73.3,56.34,-57,18840,False,9,2026-05-25,Monday,Excellent,Normal,Normal
2026-05-25 09:49:03.718141,device_011,camera,factory_floor_1,66.9,66.5,58.29,-63,18840,False,9,2026-05-25,Monday,Good,Normal,Normal
2026-05-25 09:49:03.718141,device_012,camera,server_room,70.6,76.6,57.43,-53,18840,False,9,2026-05-25,Monday,Excellent,Normal,High
2026-05-25 09:49:03.718141,device_013,sensor,factory_floor_2,3.5,33.7,43.92,-56,18840,False,9,2026-05-25,Monday,Excellent,Normal,Normal
2026-05-25 09:49:03.718141,device_014,controller,server_room,21.0,44.3,46.37,-53,18840,False,9,2026-05-25,Monday,Excellent,Normal,Normal
2026-05-25 09:49:03.718141,device_015,sensor,loading_bay,8.2,38.0,38.99,-70,18840,False,9,2026-05-25,Monday,Good,Normal,Normal
2026-05-25 09:50:03.718141,device_001,gateway,warehouse_a,25.4,51.0,51.31,-56,18780,False,9,2026-05-25,Monday,Excellent,Normal,Normal
2026-05-25 09:50:03.718141,device_002,camera,factory_floor_2,52.2,79.7,60.43,-57,18780,False,9,2026-05-25,Monday,Excellent,Normal,Normal
2026-05-25 09:50:03.718141,device_003,sensor,warehouse_b,11.9,33.9,41.94,-59,18780,False,9,2026-05-25,Monday,Excellent,Normal,Normal
2026-05-25 09:50:03.718141,device_004,camera,warehouse_b,65.1,65.3,62.64,-53,18780,False,9,2026-05-25,Monday,Excellent,Normal,Normal
2026-05-25 09:50:03.718141,device_005,gateway,warehouse_a,33.6,57.9,54.15,-61,18780,False,9,2026-05-25,Monday,Good,Normal,Normal
2026-05-25 09:50:03.718141,device_006,sensor,factory_floor_2,10.2,37.7,42.06,-59,18780,False,9,2026-05-25,Monday,Excellent,Normal,Normal
2026-05-25 09:50:03.718141,device_007,sensor,warehouse_a,11.0,32.7,40.94,-54,18780,False,9,2026-05-25,Monday,Excellent,Normal,Normal
2026-05-25 09:50:03.718141,device_008,gateway,loading_bay,28.5,50.0,56.65,-47,18780,False,9,2026-05-25,Monday,Excellent,Normal,Normal
2026-05-25 09:50:03.718141,device_009,sensor,office_block,1.0,35.2,42.49,-58,18780,False,9,2026-05-25,Monday,Excellent,Normal,Normal
2026-05-25 09:50:03.718141,device_010,camera,warehouse_a,65.9,69.1,61.73,-65,18780,False,9,2026-05-25,Monday,Good,Normal,Normal
2026-05-25 09:50:03.718141,device_011,camera,factory_floor_1,72.4,66.7,56.2,-55,18780,False,9,2026-05-25,Monday,Excellent,Normal,High
2026-05-25 09:50:03.718141,device_012,camera,server_room,64.5,69.3,56.07,-66,18780,False,9,2026-05-25,Monday,Good,Normal,Normal
2026-05-25 09:50:03.718141,device_013,sensor,factory_floor_2,16.3,35.9,42.06,-68,18780,False,9,2026-05-25,Monday,Good,Normal,Normal
2026-05-25 09:50:03.718141,device_014,controller,server_room,11.7,43.5,46.15,-65,18780,False,9,2026-05-25,Monday,Good,Normal,Normal
2026-05-25 09:50:03.718141,device_015,sensor,loading_bay,6.4,37.2,45.84,-60,18780,False,9,2026-05-25,Monday,Excellent,Normal,Normal
2026-05-25 09:51:03.718141,device_001,gateway,warehouse_a,22.4,57.0,52.74,-52,18720,False,9,2026-05-25,Monday,Excellent,Normal,Normal
2026-05-25 09:51:03.718141,device_002,camera,factory_floor_2,70.7,65.9,65.74,-61,18720,False,9,2026-05-25,Monday,Good,Normal,High
2026-05-25 09:51:03.718141,device_003,sensor,warehouse_b,3.9,34.1,38.23,-56,18720,False,9,2026-05-25,Monday,Excellent,Normal,Normal
2026-05-25 09:51:03.718141,device_004,camera,warehouse_b,67.3,69.7,63.96,-51,18720,False,9,2026-05-25,Monday,Excellent,Normal,Normal
2026-05-25 09:51:03.718141,device_005,gateway,warehouse_a,26.4,51.7,52.46,-59,18720,False,9,2026-05-25,Monday,Excellent,Normal,Normal
2026-05-25 09:51:03.718141,device_006,sensor,factory_floor_2,18.4,35.7,37.18,-56,18720,False,9,2026-05-25,Monday,Excellent,Normal,Normal
2026-05-25 09:51:03.718141,device_007,sensor,warehouse_a,18.1,34.2,42.02,-64,18720,False,9,2026-05-25,Monday,Good,Normal,Normal
2026-05-25 09:51:03.718141,device_008,gateway,loading_bay,26.2,60.5,51.46,-57,18720,False,9,2026-05-25,Monday,Excellent,Normal,Normal
2026-05-25 09:51:03.718141,device_009,sensor,office_block,1.0,29.3,46.6,-60,18720,False,9,2026-05-25,Monday,Excellent,Normal,Normal
2026-05-25 09:51:03.718141,device_010,camera,warehouse_a,63.7,72.4,59.71,-50,18720,False,9,2026-05-25,Monday,Excellent,Normal,Normal
2026-05-25 09:51:03.718141,device_011,camera,factory_floor_1,57.0,78.1,62.39,-51,18720,False,9,2026-05-25,Monday,Excellent,Normal,Normal
2026-05-25 09:51:03.718141,device_012,camera,server_room,58.2,67.4,61.57,-60,18720,False,9,2026-05-25,Monday,Excellent,Normal,Normal
2026-05-25 09:51:03.718141,device_013,sensor,factory_floor_2,10.1,32.4,42.06,-69,18720,False,9,2026-05-25,Monday,Good,Normal,Normal
2026-05-25 09:51:03.718141,device_014,controller,server_room,20.4,44.2,53.41,-58,18720,False,9,2026-05-25,Monday,Excellent,Normal,Normal
2026-05-25 09:51:03.718141,device_015,sensor,loading_bay,11.6,31.2,38.12,-59,18720,False,9,2026-05-25,Monday,Excellent,Normal,Normal
2026-05-25 09:52:03.718141,device_001,gateway,warehouse_a,30.4,56.4,56.45,-51,18660,False,9,2026-05-25,Monday,Excellent,Normal,Normal
2026-05-25 09:52:03.718141,device_002,camera,factory_floor_2,63.4,65.0,61.0,-54,18660,False,9,2026-05-25,Monday,Excellent,Normal,Normal
2026-05-25 09:52:03.718141,device_003,sensor,warehouse_b,11.0,33.2,44.65,-65,18660,False,9,2026-05-25,Monday,Good,Normal,Normal
2026-05-25 09:52:03.718141,device_004,camera,warehouse_b,62.6,68.3,61.8,-51,18660,False,9,2026-05-25,Monday,Excellent,Normal,Normal
2026-05-25 09:52:03.718141,device_005,gateway,warehouse_a,27.7,54.0,58.3,-47,18660,False,9,2026-05-25,Monday,Excellent,Normal,Normal
2026-05-25 09:52:03.718141,device_006,sensor,factory_floor_2,6.2,38.0,40.06,-68,18660,False,9,2026-05-25,Monday,Good,Normal,Normal
2026-05-25 09:52:03.718141,device_007,sensor,warehouse_a,7.1,40.3,40.05,-68,18660,False,9,2026-05-25,Monday,Good,Normal,Normal
2026-05-25 09:52:03.718141,device_008,gateway,loading_bay,35.1,47.5,50.2,-58,18660,False,9,2026-05-25,Monday,Excellent,Normal,Normal
2026-05-25 09:52:03.718141,device_009,sensor,office_block,13.0,38.2,39.95,-60,18660,False,9,2026-05-25,Monday,Excellent,Normal,Normal
2026-05-25 09:52:03.718141,device_010,camera,warehouse_a,55.1,65.2,63.68,-56,18660,False,9,2026-05-25,Monday,Excellent,Normal,Normal
2026-05-25 09:52:03.718141,device_011,camera,factory_floor_1,68.7,66.2,61.04,-57,18660,False,9,2026-05-25,Monday,Excellent,Normal,Normal
2026-05-25 09:52:03.718141,device_012,camera,server_room,63.0,70.4,63.06,-53,18660,False,9,2026-05-25,Monday,Excellent,Normal,Normal
2026-05-25 09:52:03.718141,device_013,sensor,factory_floor_2,10.9,28.7,47.93,-56,18660,False,9,2026-05-25,Monday,Excellent,Normal,Normal
2026-05-25 09:52:03.718141,device_014,controller,server_room,26.1,41.4,48.31,-67,18660,False,9,2026-05-25,Monday,Good,Normal,Normal
2026-05-25 09:52:03.718141,device_015,sensor,loading_bay,1.3,38.7,41.43,-59,18660,False,9,2026-05-25,Monday,Excellent,Normal,Normal
2026-05-25 09:53:03.718141,device_001,gateway,warehouse_a,27.4,49.2,56.53,-50,18600,False,9,2026-05-25,Monday,Excellent,Normal,Normal
2026-05-25 09:53:03.718141,device_002,camera,factory_floor_2,64.9,71.5,57.24,-65,18600,False,9,2026-05-25,Monday,Good,Normal,Normal
2026-05-25 09:53:03.718141,device_003,sensor,warehouse_b,12.4,24.6,40.74,-58,18600,False,9,2026-05-25,Monday,Excellent,Normal,Normal
2026-05-25 09:53:03.718141,device_004,camera,warehouse_b,66.0,71.6,62.31,-61,18600,False,9,2026-05-25,Monday,Good,Normal,Normal
2026-05-25 09:53:03.718141,device_005,gateway,warehouse_a,34.2,57.7,48.79,-59,18600,False,9,2026-05-25,Monday,Excellent,Normal,Normal
2026-05-25 09:53:03.718141,device_006,sensor,factory_floor_2,14.0,36.3,36.66,-56,18600,False,9,2026-05-25,Monday,Excellent,Normal,Normal
2026-05-25 09:53:03.718141,device_007,sensor,warehouse_a,5.5,36.4,41.76,-68,18600,False,9,2026-05-25,Monday,Good,Normal,Normal
2026-05-25 09:53:03.718141,device_008,gateway,loading_bay,25.6,55.1,49.97,-52,18600,False,9,2026-05-25,Monday,Excellent,Normal,Normal
2026-05-25 09:53:03.718141,device_009,sensor,office_block,2.6,37.7,38.74,-69,18600,False,9,2026-05-25,Monday,Good,Normal,Normal
2026-05-25 09:53:03.718141,device_010,camera,warehouse_a,59.3,71.9,63.0,-52,18600,False,9,2026-05-25,Monday,Excellent,Normal,Normal
2026-05-25 09:53:03.718141,device_011,camera,factory_floor_1,56.4,74.8,58.97,-55,18600,False,9,2026-05-25,Monday,Excellent,Normal,Normal
2026-05-25 09:53:03.718141,device_012,camera,server_room,60.1,71.8,59.61,-64,18600,False,9,2026-05-25,Monday,Good,Normal,Normal
2026-05-25 09:53:03.718141,device_013,sensor,factory_floor_2,11.9,32.6,41.25,-54,18600,False,9,2026-05-25,Monday,Excellent,Normal,Normal
2026-05-25 09:53:03.718141,device_014,controller,server_room,25.1,48.9,53.22,-58,18600,False,9,2026-05-25,Monday,Excellent,Normal,Normal
2026-05-25 09:53:03.718141,device_015,sensor,loading_bay,8.4,31.7,39.58,-63,18600,False,9,2026-05-25,Monday,Good,Normal,Normal
2026-05-25 09:54:03.718141,device_001,gateway,warehouse_a,30.6,60.6,53.26,-63,18540,False,9,2026-05-25,Monday,Good,Normal,Normal
2026-05-25 09:54:03.718141,device_002,camera,factory_floor_2,68.3,74.2,56.49,-51,18540,False,9,2026-05-25,Monday,Excellent,Normal,Normal
2026-05-25 09:54:03.718141,device_003,sensor,warehouse_b,3.0,36.0,40.85,-67,18540,False,9,2026-05-25,Monday,Good,Normal,Normal
2026-05-25 09:54:03.718141,device_004,camera,warehouse_b,75.0,72.4,70.33,-58,18540,False,9,2026-05-25,Monday,Excellent,Warning,High
2026-05-25 09:54:03.718141,device_005,gateway,warehouse_a,27.1,58.6,53.6,-57,18540,False,9,2026-05-25,Monday,Excellent,Normal,Normal
2026-05-25 09:54:03.718141,device_006,sensor,factory_floor_2,6.4,35.9,47.39,-61,18540,False,9,2026-05-25,Monday,Good,Normal,Normal
2026-05-25 09:54:03.718141,device_007,sensor,warehouse_a,10.5,36.7,44.0,-55,18540,False,9,2026-05-25,Monday,Excellent,Normal,Normal
2026-05-25 09:54:03.718141,device_008,gateway,loading_bay,32.2,52.8,50.15,-59,18540,False,9,2026-05-25,Monday,Excellent,Normal,Normal
2026-05-25 09:54:03.718141,device_009,sensor,office_block,2.5,38.1,43.32,-56,18540,False,9,2026-05-25,Monday,Excellent,Normal,Normal
2026-05-25 09:54:03.718141,device_010,camera,warehouse_a,67.3,70.0,66.02,-52,18540,False,9,2026-05-25,Monday,Excellent,Normal,Normal
2026-05-25 09:54:03.718141,device_011,camera,factory_floor_1,68.3,68.5,57.72,-56,18540,False,9,2026-05-25,Monday,Excellent,Normal,Normal
2026-05-25 09:54:03.718141,device_012,camera,server_room,68.5,68.8,63.55,-64,18540,False,9,2026-05-25,Monday,Good,Normal,Normal
2026-05-25 09:54:03.718141,device_013,sensor,factory_floor_2,7.6,33.6,37.45,-61,18540,False,9,2026-05-25,Monday,Good,Normal,Normal
2026-05-25 09:54:03.718141,device_014,controller,server_room,22.5,47.0,49.73,-63,18540,False,9,2026-05-25,Monday,Good,Normal,Normal
2026-05-25 09:54:03.718141,device_015,sensor,loading_bay,8.2,32.4,42.02,-65,18540,False,9,2026-05-25,Monday,Good,Normal,Normal
2026-05-25 09:55:03.718141,device_001,gateway,warehouse_a,31.5,57.0,53.26,-47,18480,False,9,2026-05-25,Monday,Excellent,Normal,Normal
2026-05-25 09:55:03.718141,device_002,camera,factory_floor_2,62.4,74.4,54.54,-60,18480,False,9,2026-05-25,Monday,Excellent,Normal,Normal
2026-05-25 09:55:03.718141,device_003,sensor,warehouse_b,5.6,37.8,39.41,-63,18480,False,9,2026-05-25,Monday,Good,Normal,Normal
2026-05-25 09:55:03.718141,device_004,camera,warehouse_b,63.0,72.5,64.18,-66,18480,False,9,2026-05-25,Monday,Good,Normal,Normal
2026-05-25 09:55:03.718141,device_005,gateway,warehouse_a,31.4,59.8,47.9,-52,18480,False,9,2026-05-25,Monday,Excellent,Normal,Normal
2026-05-25 09:55:03.718141,device_006,sensor,factory_floor_2,9.3,35.6,40.89,-66,18480,False,9,2026-05-25,Monday,Good,Normal,Normal
2026-05-25 09:55:03.718141,device_007,sensor,warehouse_a,1.0,30.9,43.23,-68,18480,False,9,2026-05-25,Monday,Good,Normal,Normal
2026-05-25 09:55:03.718141,device_008,gateway,loading_bay,21.2,59.5,47.43,-51,18480,False,9,2026-05-25,Monday,Excellent,Normal,Normal
2026-05-25 09:55:03.718141,device_009,sensor,office_block,4.9,32.9,46.6,-55,18480,False,9,2026-05-25,Monday,Excellent,Normal,Normal
2026-05-25 09:55:03.718141,device_010,camera,warehouse_a,56.5,74.9,57.65,-53,18480,False,9,2026-05-25,Monday,Excellent,Normal,Normal
2026-05-25 09:55:03.718141,device_011,camera,factory_floor_1,64.2,70.6,59.36,-64,18480,False,9,2026-05-25,Monday,Good,Normal,Normal
2026-05-25 09:55:03.718141,device_012,camera,server_room,67.5,75.8,64.35,-56,18480,False,9,2026-05-25,Monday,Excellent,Normal,Normal
2026-05-25 09:55:03.718141,device_013,sensor,factory_floor_2,6.2,33.3,38.02,-56,18480,False,9,2026-05-25,Monday,Excellent,Normal,Normal
2026-05-25 09:55:03.718141,device_014,controller,server_room,19.3,41.2,45.11,-52,18480,False,9,2026-05-25,Monday,Excellent,Normal,Normal
2026-05-25 09:55:03.718141,device_015,sensor,loading_bay,9.7,35.1,41.85,-65,18480,False,9,2026-05-25,Monday,Good,Normal,Normal
2026-05-25 09:56:03.718141,device_001,gateway,warehouse_a,24.2,51.3,51.31,-59,18420,False,9,2026-05-25,Monday,Excellent,Normal,Normal
2026-05-25 09:56:03.718141,device_002,camera,factory_floor_2,69.5,62.6,64.11,-65,18420,False,9,2026-05-25,Monday,Good,Normal,Normal
2026-05-25 09:56:03.718141,device_003,sensor,warehouse_b,3.4,32.4,37.51,-54,18420,False,9,2026-05-25,Monday,Excellent,Normal,Normal
2026-05-25 09:56:03.718141,device_004,camera,warehouse_b,64.6,66.3,56.65,-61,18420,False,9,2026-05-25,Monday,Good,Normal,Normal
2026-05-25 09:56:03.718141,device_005,gateway,warehouse_a,23.0,55.3,52.62,-56,18420,False,9,2026-05-25,Monday,Excellent,Normal,Normal
2026-05-25 09:56:03.718141,device_006,sensor,factory_floor_2,4.4,32.8,42.53,-54,18420,False,9,2026-05-25,Monday,Excellent,Normal,Normal
2026-05-25 09:56:03.718141,device_007,sensor,warehouse_a,6.6,40.4,47.02,-68,18420,False,9,2026-05-25,Monday,Good,Normal,Normal
2026-05-25 09:56:03.718141,device_008,gateway,loading_bay,21.5,58.2,54.49,-55,18420,False,9,2026-05-25,Monday,Excellent,Normal,Normal
2026-05-25 09:56:03.718141,device_009,sensor,office_block,2.3,41.2,44.46,-61,18420,False,9,2026-05-25,Monday,Good,Normal,Normal
2026-05-25 09:56:03.718141,device_010,camera,warehouse_a,59.4,74.1,58.25,-64,18420,False,9,2026-05-25,Monday,Good,Normal,Normal
2026-05-25 09:56:03.718141,device_011,camera,factory_floor_1,66.4,71.4,62.65,-61,18420,False,9,2026-05-25,Monday,Good,Normal,Normal
2026-05-25 09:56:03.718141,device_012,camera,server_room,67.0,74.2,57.02,-62,18420,False,9,2026-05-25,Monday,Good,Normal,Normal
2026-05-25 09:56:03.718141,device_013,sensor,factory_floor_2,13.8,34.8,41.31,-60,18420,False,9,2026-05-25,Monday,Excellent,Normal,Normal
2026-05-25 09:56:03.718141,device_014,controller,server_room,10.3,47.3,49.54,-67,18420,False,9,2026-05-25,Monday,Good,Normal,Normal
2026-05-25 09:56:03.718141,device_015,sensor,loading_bay,7.7,33.7,45.37,-70,18420,False,9,2026-05-25,Monday,Good,Normal,Normal
2026-05-25 09:57:03.718141,device_001,gateway,warehouse_a,30.8,54.9,48.94,-55,18360,False,9,2026-05-25,Monday,Excellent,Normal,Normal
2026-05-25 09:57:03.718141,device_002,camera,factory_floor_2,64.1,68.5,61.68,-53,18360,False,9,2026-05-25,Monday,Excellent,Normal,Normal
2026-05-25 09:57:03.718141,device_003,sensor,warehouse_b,7.3,33.3,44.48,-70,18360,False,9,2026-05-25,Monday,Good,Normal,Normal
2026-05-25 09:57:03.718141,device_004,camera,warehouse_b,57.0,75.5,66.25,-57,18360,False,9,2026-05-25,Monday,Excellent,Normal,Normal
2026-05-25 09:57:03.718141,device_005,gateway,warehouse_a,21.5,53.0,54.07,-54,18360,False,9,2026-05-25,Monday,Excellent,Normal,Normal
2026-05-25 09:57:03.718141,device_006,sensor,factory_floor_2,9.3,34.1,42.88,-58,18360,False,9,2026-05-25,Monday,Excellent,Normal,Normal
2026-05-25 09:57:03.718141,device_007,sensor,warehouse_a,4.1,31.3,39.93,-68,18360,False,9,2026-05-25,Monday,Good,Normal,Normal
2026-05-25 09:57:03.718141,device_008,gateway,loading_bay,23.8,52.1,51.8,-58,18360,False,9,2026-05-25,Monday,Excellent,Normal,Normal
2026-05-25 09:57:03.718141,device_009,sensor,office_block,11.4,32.7,46.46,-55,18360,False,9,2026-05-25,Monday,Excellent,Normal,Normal
2026-05-25 09:57:03.718141,device_010,camera,warehouse_a,66.2,71.9,62.5,-56,18360,False,9,2026-05-25,Monday,Excellent,Normal,Normal
2026-05-25 09:57:03.718141,device_011,camera,factory_floor_1,65.4,71.9,63.23,-56,18360,False,9,2026-05-25,Monday,Excellent,Normal,Normal
2026-05-25 09:57:03.718141,device_012,camera,server_room,58.8,73.5,63.61,-56,18360,False,9,2026-05-25,Monday,Excellent,Normal,Normal
2026-05-25 09:57:03.718141,device_013,sensor,factory_floor_2,4.2,37.7,42.11,-59,18360,False,9,2026-05-25,Monday,Excellent,Normal,Normal
2026-05-25 09:57:03.718141,device_014,controller,server_room,17.0,54.5,51.22,-64,18360,False,9,2026-05-25,Monday,Good,Normal,Normal
2026-05-25 09:57:03.718141,device_015,sensor,loading_bay,4.1,36.2,37.86,-54,18360,False,9,2026-05-25,Monday,Excellent,Normal,Normal
2026-05-25 09:58:03.718141,device_001,gateway,warehouse_a,31.6,60.8,51.31,-53,18300,False,9,2026-05-25,Monday,Excellent,Normal,Normal
2026-05-25 09:58:03.718141,device_002,camera,factory_floor_2,58.3,67.6,63.08,-63,18300,False,9,2026-05-25,Monday,Good,Normal,Normal
2026-05-25 09:58:03.718141,device_003,sensor,warehouse_b,16.6,31.9,47.98,-63,18300,False,9,2026-05-25,Monday,Good,Normal,Normal
2026-05-25 09:58:03.718141,device_004,camera,warehouse_b,62.3,68.5,63.58,-65,18300,False,9,2026-05-25,Monday,Good,Normal,Normal
2026-05-25 09:58:03.718141,device_005,gateway,warehouse_a,27.8,47.3,52.08,-51,18300,False,9,2026-05-25,Monday,Excellent,Normal,Normal
2026-05-25 09:58:03.718141,device_006,sensor,factory_floor_2,7.9,33.0,39.93,-57,18300,False,9,2026-05-25,Monday,Excellent,Normal,Normal
2026-05-25 09:58:03.718141,device_007,sensor,warehouse_a,15.2,38.3,38.23,-65,18300,False,9,2026-05-25,Monday,Good,Normal,Normal
2026-05-25 09:58:03.718141,device_008,gateway,loading_bay,26.6,58.2,51.16,-53,18300,False,9,2026-05-25,Monday,Excellent,Normal,Normal
2026-05-25 09:58:03.718141,device_009,sensor,office_block,9.7,38.9,43.71,-65,18300,False,9,2026-05-25,Monday,Good,Normal,Normal
2026-05-25 09:58:03.718141,device_010,camera,warehouse_a,63.3,65.7,59.16,-50,18300,False,9,2026-05-25,Monday,Excellent,Normal,Normal
2026-05-25 09:58:03.718141,device_011,camera,factory_floor_1,60.9,75.0,69.85,-57,18300,False,9,2026-05-25,Monday,Excellent,Normal,Normal
2026-05-25 09:58:03.718141,device_012,camera,server_room,58.2,71.9,57.03,-64,18300,False,9,2026-05-25,Monday,Good,Normal,Normal
2026-05-25 09:58:03.718141,device_013,sensor,factory_floor_2,10.7,34.0,43.65,-54,18300,False,9,2026-05-25,Monday,Excellent,Normal,Normal
2026-05-25 09:58:03.718141,device_014,controller,server_room,17.4,45.3,48.98,-61,18300,False,9,2026-05-25,Monday,Good,Normal,Normal
2026-05-25 09:58:03.718141,device_015,sensor,loading_bay,1.0,31.6,41.31,-59,18300,False,9,2026-05-25,Monday,Excellent,Normal,Normal
2026-05-25 09:59:03.718141,device_001,gateway,warehouse_a,28.9,56.5,60.96,-54,18240,False,9,2026-05-25,Monday,Excellent,Normal,Normal
2026-05-25 09:59:03.718141,device_002,camera,factory_floor_2,63.4,71.9,63.77,-51,18240,False,9,2026-05-25,Monday,Excellent,Normal,Normal
2026-05-25 09:59:03.718141,device_003,sensor,warehouse_b,10.1,43.2,43.82,-70,18240,False,9,2026-05-25,Monday,Good,Normal,Normal
2026-05-25 09:59:03.718141,device_004,camera,warehouse_b,59.3,66.3,62.42,-53,18240,False,9,2026-05-25,Monday,Excellent,Normal,Normal
2026-05-25 09:59:03.718141,device_005,gateway,warehouse_a,30.8,53.3,49.24,-55,18240,False,9,2026-05-25,Monday,Excellent,Normal,Normal
2026-05-25 09:59:03.718141,device_006,sensor,factory_floor_2,6.5,38.7,44.93,-58,18240,False,9,2026-05-25,Monday,Excellent,Normal,Normal
2026-05-25 09:59:03.718141,device_007,sensor,warehouse_a,1.8,32.2,42.16,-58,18240,False,9,2026-05-25,Monday,Excellent,Normal,Normal
2026-05-25 09:59:03.718141,device_008,gateway,loading_bay,21.7,53.8,51.35,-57,18240,False,9,2026-05-25,Monday,Excellent,Normal,Normal
2026-05-25 09:59:03.718141,device_009,sensor,office_block,20.1,29.5,43.3,-61,18240,False,9,2026-05-25,Monday,Good,Normal,Normal
2026-05-25 09:59:03.718141,device_010,camera,warehouse_a,62.2,78.4,64.06,-50,18240,False,9,2026-05-25,Monday,Excellent,Normal,Normal
2026-05-25 09:59:03.718141,device_011,camera,factory_floor_1,57.1,77.5,55.36,-58,18240,False,9,2026-05-25,Monday,Excellent,Normal,Normal
2026-05-25 09:59:03.718141,device_012,camera,server_room,66.9,72.1,58.4,-63,18240,False,9,2026-05-25,Monday,Good,Normal,Normal
2026-05-25 09:59:03.718141,device_013,sensor,factory_floor_2,1.0,36.3,42.01,-67,18240,False,9,2026-05-25,Monday,Good,Normal,Normal
2026-05-25 09:59:03.718141,device_014,controller,server_room,22.6,45.3,44.96,-58,18240,False,9,2026-05-25,Monday,Excellent,Normal,Normal
2026-05-25 09:59:03.718141,device_015,sensor,loading_bay,3.4,31.4,42.77,-59,18240,False,9,2026-05-25,Monday,Excellent,Normal,Normal
2026-05-25 10:00:03.718141,device_001,gateway,warehouse_a,26.0,57.6,49.01,-57,18180,False,10,2026-05-25,Monday,Excellent,Normal,Normal
2026-05-25 10:00:03.718141,device_002,camera,factory_floor_2,69.3,70.2,60.3,-54,18180,False,10,2026-05-25,Monday,Excellent,Normal,Normal
2026-05-25 10:00:03.718141,device_003,sensor,warehouse_b,1.0,34.8,41.1,-69,18180,False,10,2026-05-25,Monday,Good,Normal,Normal
2026-05-25 10:00:03.718141,device_004,camera,warehouse_b,78.1,75.9,57.66,-56,18180,False,10,2026-05-25,Monday,Excellent,Normal,High
2026-05-25 10:00:03.718141,device_005,gateway,warehouse_a,33.0,62.0,52.84,-47,18180,False,10,2026-05-25,Monday,Excellent,Normal,Normal
2026-05-25 10:00:03.718141,device_006,sensor,factory_floor_2,9.9,34.8,43.17,-54,18180,False,10,2026-05-25,Monday,Excellent,Normal,Normal
2026-05-25 10:00:03.718141,device_007,sensor,warehouse_a,14.1,32.5,45.29,-60,18180,False,10,2026-05-25,Monday,Excellent,Normal,Normal
2026-05-25 10:00:03.718141,device_008,gateway,loading_bay,21.4,51.8,51.39,-54,18180,False,10,2026-05-25,Monday,Excellent,Normal,Normal
2026-05-25 10:00:03.718141,device_009,sensor,office_block,7.7,33.2,45.71,-54,18180,False,10,2026-05-25,Monday,Excellent,Normal,Normal
2026-05-25 10:00:03.718141,device_010,camera,warehouse_a,64.8,73.4,61.17,-51,18180,False,10,2026-05-25,Monday,Excellent,Normal,Normal
2026-05-25 10:00:03.718141,device_011,camera,factory_floor_1,53.8,70.8,59.18,-57,18180,False,10,2026-05-25,Monday,Excellent,Normal,Normal
2026-05-25 10:00:03.718141,device_012,camera,server_room,71.0,62.5,59.52,-66,18180,False,10,2026-05-25,Monday,Good,Normal,High
2026-05-25 10:00:03.718141,device_013,sensor,factory_floor_2,11.1,30.2,40.09,-67,18180,False,10,2026-05-25,Monday,Good,Normal,Normal
2026-05-25 10:00:03.718141,device_014,controller,server_room,14.9,42.6,47.45,-59,18180,False,10,2026-05-25,Monday,Excellent,Normal,Normal
2026-05-25 10:00:03.718141,device_015,sensor,loading_bay,1.0,40.1,44.69,-70,18180,False,10,2026-05-25,Monday,Good,Normal,Normal
2026-05-25 10:01:03.718141,device_001,gateway,warehouse_a,31.3,54.2,48.59,-55,18120,False,10,2026-05-25,Monday,Excellent,Normal,Normal
2026-05-25 10:01:03.718141,device_002,camera,factory_floor_2,65.0,72.7,62.8,-59,18120,False,10,2026-05-25,Monday,Excellent,Normal,Normal
2026-05-25 10:01:03.718141,device_003,sensor,warehouse_b,4.3,36.8,42.25,-55,18120,False,10,2026-05-25,Monday,Excellent,Normal,Normal
2026-05-25 10:01:03.718141,device_004,camera,warehouse_b,72.3,73.2,63.11,-54,18120,False,10,2026-05-25,Monday,Excellent,Normal,High
2026-05-25 10:01:03.718141,device_005,gateway,warehouse_a,28.4,56.6,56.23,-56,18120,False,10,2026-05-25,Monday,Excellent,Normal,Normal
2026-05-25 10:01:03.718141,device_006,sensor,factory_floor_2,3.7,37.8,46.21,-67,18120,False,10,2026-05-25,Monday,Good,Normal,Normal
2026-05-25 10:01:03.718141,device_007,sensor,warehouse_a,5.8,36.2,40.56,-56,18120,False,10,2026-05-25,Monday,Excellent,Normal,Normal
2026-05-25 10:01:03.718141,device_008,gateway,loading_bay,30.3,56.2,52.59,-59,18120,False,10,2026-05-25,Monday,Excellent,Normal,Normal
2026-05-25 10:01:03.718141,device_009,sensor,office_block,16.5,35.8,45.21,-64,18120,False,10,2026-05-25,Monday,Good,Normal,Normal
2026-05-25 10:01:03.718141,device_010,camera,warehouse_a,69.7,71.6,57.9,-51,18120,False,10,2026-05-25,Monday,Excellent,Normal,Normal
2026-05-25 10:01:03.718141,device_011,camera,factory_floor_1,74.0,66.6,60.35,-65,18120,False,10,2026-05-25,Monday,Good,Normal,High
2026-05-25 10:01:03.718141,device_012,camera,server_room,61.7,66.9,57.73,-50,18120,False,10,2026-05-25,Monday,Excellent,Normal,Normal
2026-05-25 10:01:03.718141,device_013,sensor,factory_floor_2,6.1,35.1,37.78,-60,18120,False,10,2026-05-25,Monday,Excellent,Normal,Normal
2026-05-25 10:01:03.718141,device_014,controller,server_room,22.5,51.1,45.28,-53,18120,False,10,2026-05-25,Monday,Excellent,Normal,Normal
2026-05-25 10:01:03.718141,device_015,sensor,loading_bay,10.6,32.4,45.09,-60,18120,False,10,2026-05-25,Monday,Excellent,Normal,Normal
2026-05-25 10:02:03.718141,device_001,gateway,warehouse_a,32.3,58.6,48.72,-49,18060,False,10,2026-05-25,Monday,Excellent,Normal,Normal
2026-05-25 10:02:03.718141,device_002,camera,factory_floor_2,65.9,65.3,62.66,-56,18060,False,10,2026-05-25,Monday,Excellent,Normal,Normal
2026-05-25 10:02:03.718141,device_003,sensor,warehouse_b,3.5,31.2,43.79,-62,18060,False,10,2026-05-25,Monday,Good,Normal,Normal
2026-05-25 10:02:03.718141,device_004,camera,warehouse_b,67.3,73.4,56.9,-60,18060,False,10,2026-05-25,Monday,Excellent,Normal,Normal
2026-05-25 10:02:03.718141,device_005,gateway,warehouse_a,21.8,57.5,53.66,-55,18060,False,10,2026-05-25,Monday,Excellent,Normal,Normal
2026-05-25 10:02:03.718141,device_006,sensor,factory_floor_2,4.5,36.0,43.75,-63,18060,False,10,2026-05-25,Monday,Good,Normal,Normal
2026-05-25 10:02:03.718141,device_007,sensor,warehouse_a,5.3,27.1,38.97,-61,18060,False,10,2026-05-25,Monday,Good,Normal,Normal
2026-05-25 10:02:03.718141,device_008,gateway,loading_bay,29.7,55.4,47.31,-57,18060,False,10,2026-05-25,Monday,Excellent,Normal,Normal
2026-05-25 10:02:03.718141,device_009,sensor,office_block,6.7,33.8,44.04,-55,18060,False,10,2026-05-25,Monday,Excellent,Normal,Normal
2026-05-25 10:02:03.718141,device_010,camera,warehouse_a,63.4,71.3,63.2,-55,18060,False,10,2026-05-25,Monday,Excellent,Normal,Normal
2026-05-25 10:02:03.718141,device_011,camera,factory_floor_1,66.6,63.9,62.41,-58,18060,False,10,2026-05-25,Monday,Excellent,Normal,Normal
2026-05-25 10:02:03.718141,device_012,camera,server_room,68.8,65.9,62.84,-54,18060,False,10,2026-05-25,Monday,Excellent,Normal,Normal
2026-05-25 10:02:03.718141,device_013,sensor,factory_floor_2,6.8,34.5,41.88,-58,18060,False,10,2026-05-25,Monday,Excellent,Normal,Normal
2026-05-25 10:02:03.718141,device_014,controller,server_room,19.7,49.3,52.29,-64,18060,False,10,2026-05-25,Monday,Good,Normal,Normal
2026-05-25 10:02:03.718141,device_015,sensor,loading_bay,1.4,40.3,43.87,-61,18060,False,10,2026-05-25,Monday,Good,Normal,Normal
2026-05-25 10:03:03.718141,device_001,gateway,warehouse_a,29.9,63.0,55.27,-61,18000,False,10,2026-05-25,Monday,Good,Normal,Normal
2026-05-25 10:03:03.718141,device_002,camera,factory_floor_2,70.1,74.2,61.75,-52,18000,False,10,2026-05-25,Monday,Excellent,Normal,High
2026-05-25 10:03:03.718141,device_003,sensor,warehouse_b,8.7,33.6,42.07,-55,18000,False,10,2026-05-25,Monday,Excellent,Normal,Normal
2026-05-25 10:03:03.718141,device_004,camera,warehouse_b,72.8,76.1,58.54,-58,18000,False,10,2026-05-25,Monday,Excellent,Normal,High
2026-05-25 10:03:03.718141,device_005,gateway,warehouse_a,30.5,56.5,47.8,-55,18000,False,10,2026-05-25,Monday,Excellent,Normal,Normal
2026-05-25 10:03:03.718141,device_006,sensor,factory_floor_2,1.0,38.5,43.88,-63,18000,False,10,2026-05-25,Monday,Good,Normal,Normal
2026-05-25 10:03:03.718141,device_007,sensor,warehouse_a,5.0,42.8,42.37,-54,18000,False,10,2026-05-25,Monday,Excellent,Normal,Normal
2026-05-25 10:03:03.718141,device_008,gateway,loading_bay,25.5,60.9,48.82,-56,18000,False,10,2026-05-25,Monday,Excellent,Normal,Normal
2026-05-25 10:03:03.718141,device_009,sensor,office_block,17.8,39.0,42.01,-57,18000,False,10,2026-05-25,Monday,Excellent,Normal,Normal
2026-05-25 10:03:03.718141,device_010,camera,warehouse_a,71.7,68.1,58.77,-51,18000,False,10,2026-05-25,Monday,Excellent,Normal,High
2026-05-25 10:03:03.718141,device_011,camera,factory_floor_1,71.2,72.3,66.06,-62,18000,False,10,2026-05-25,Monday,Good,Normal,High
2026-05-25 10:03:03.718141,device_012,camera,server_room,90.6,67.9,86.96,-61,18000,True,10,2026-05-25,Monday,Good,Critical,Critical
2026-05-25 10:03:03.718141,device_013,sensor,factory_floor_2,6.3,41.2,43.03,-55,18000,False,10,2026-05-25,Monday,Excellent,Normal,Normal
2026-05-25 10:03:03.718141,device_014,controller,server_room,22.3,46.9,49.24,-62,18000,False,10,2026-05-25,Monday,Good,Normal,Normal
2026-05-25 10:03:03.718141,device_015,sensor,loading_bay,8.2,24.9,43.67,-61,18000,False,10,2026-05-25,Monday,Good,Normal,Normal
2026-05-25 10:04:03.718141,device_001,gateway,warehouse_a,26.5,50.4,52.72,-62,17940,False,10,2026-05-25,Monday,Good,Normal,Normal
2026-05-25 10:04:03.718141,device_002,camera,factory_floor_2,66.9,77.0,60.39,-64,17940,False,10,2026-05-25,Monday,Good,Normal,Normal
2026-05-25 10:04:03.718141,device_003,sensor,warehouse_b,15.9,34.4,40.6,-63,17940,False,10,2026-05-25,Monday,Good,Normal,Normal
2026-05-25 10:04:03.718141,device_004,camera,warehouse_b,64.6,70.8,59.65,-65,17940,False,10,2026-05-25,Monday,Good,Normal,Normal
2026-05-25 10:04:03.718141,device_005,gateway,warehouse_a,24.2,57.5,48.61,-58,17940,False,10,2026-05-25,Monday,Excellent,Normal,Normal
2026-05-25 10:04:03.718141,device_006,sensor,factory_floor_2,11.1,38.6,39.59,-65,17940,False,10,2026-05-25,Monday,Good,Normal,Normal
2026-05-25 10:04:03.718141,device_007,sensor,warehouse_a,4.8,38.3,42.76,-69,17940,False,10,2026-05-25,Monday,Good,Normal,Normal
2026-05-25 10:04:03.718141,device_008,gateway,loading_bay,27.8,52.9,53.36,-51,17940,False,10,2026-05-25,Monday,Excellent,Normal,Normal
2026-05-25 10:04:03.718141,device_009,sensor,office_block,7.0,32.0,41.38,-65,17940,False,10,2026-05-25,Monday,Good,Normal,Normal
2026-05-25 10:04:03.718141,device_010,camera,warehouse_a,64.1,68.0,56.35,-57,17940,False,10,2026-05-25,Monday,Excellent,Normal,Normal
2026-05-25 10:04:03.718141,device_011,camera,factory_floor_1,63.6,69.0,60.23,-66,17940,False,10,2026-05-25,Monday,Good,Normal,Normal
2026-05-25 10:04:03.718141,device_012,camera,server_room,64.7,73.5,62.44,-63,17940,False,10,2026-05-25,Monday,Good,Normal,Normal
2026-05-25 10:04:03.718141,device_013,sensor,factory_floor_2,4.8,30.8,38.39,-60,17940,False,10,2026-05-25,Monday,Excellent,Normal,Normal
2026-05-25 10:04:03.718141,device_014,controller,server_room,15.6,41.9,46.94,-52,17940,False,10,2026-05-25,Monday,Excellent,Normal,Normal
2026-05-25 10:04:03.718141,device_015,sensor,loading_bay,1.5,35.7,40.63,-66,17940,False,10,2026-05-25,Monday,Good,Normal,Normal
2026-05-25 10:05:03.718141,device_001,gateway,warehouse_a,31.0,53.3,50.33,-49,17880,False,10,2026-05-25,Monday,Excellent,Normal,Normal
2026-05-25 10:05:03.718141,device_002,camera,factory_floor_2,60.4,66.6,60.91,-63,17880,False,10,2026-05-25,Monday,Good,Normal,Normal
2026-05-25 10:05:03.718141,device_003,sensor,warehouse_b,10.9,33.6,36.64,-56,17880,False,10,2026-05-25,Monday,Excellent,Normal,Normal
2026-05-25 10:05:03.718141,device_004,camera,warehouse_b,66.5,80.8,61.55,-61,17880,False,10,2026-05-25,Monday,Good,Normal,Normal
2026-05-25 10:05:03.718141,device_005,gateway,warehouse_a,59.7,54.6,68.99,-53,17880,True,10,2026-05-25,Monday,Excellent,Normal,Normal
2026-05-25 10:05:03.718141,device_006,sensor,factory_floor_2,1.0,31.7,41.76,-64,17880,False,10,2026-05-25,Monday,Good,Normal,Normal
2026-05-25 10:05:03.718141,device_007,sensor,warehouse_a,12.6,34.5,40.35,-58,17880,False,10,2026-05-25,Monday,Excellent,Normal,Normal
2026-05-25 10:05:03.718141,device_008,gateway,loading_bay,24.8,53.7,57.22,-47,17880,False,10,2026-05-25,Monday,Excellent,Normal,Normal
2026-05-25 10:05:03.718141,device_009,sensor,office_block,17.2,36.9,44.44,-58,17880,False,10,2026-05-25,Monday,Excellent,Normal,Normal
2026-05-25 10:05:03.718141,device_010,camera,warehouse_a,66.8,62.3,62.18,-61,17880,False,10,2026-05-25,Monday,Good,Normal,Normal
2026-05-25 10:05:03.718141,device_011,camera,factory_floor_1,63.6,69.8,63.54,-51,17880,False,10,2026-05-25,Monday,Excellent,Normal,Normal
2026-05-25 10:05:03.718141,device_012,camera,server_room,58.0,76.8,60.84,-59,17880,False,10,2026-05-25,Monday,Excellent,Normal,Normal
2026-05-25 10:05:03.718141,device_013,sensor,factory_floor_2,44.2,38.8,61.81,-58,17880,True,10,2026-05-25,Monday,Excellent,Normal,Normal
2026-05-25 10:05:03.718141,device_014,controller,server_room,16.2,41.3,42.89,-60,17880,False,10,2026-05-25,Monday,Excellent,Normal,Normal
2026-05-25 10:05:03.718141,device_015,sensor,loading_bay,15.8,34.0,41.18,-61,17880,False,10,2026-05-25,Monday,Good,Normal,Normal
2026-05-25 10:06:03.718141,device_001,gateway,warehouse_a,26.5,61.5,57.71,-63,17820,False,10,2026-05-25,Monday,Good,Normal,Normal
2026-05-25 10:06:03.718141,device_002,camera,factory_floor_2,76.1,71.2,60.52,-55,17820,False,10,2026-05-25,Monday,Excellent,Normal,High
2026-05-25 10:06:03.718141,device_003,sensor,warehouse_b,1.0,30.3,46.43,-69,17820,False,10,2026-05-25,Monday,Good,Normal,Normal
2026-05-25 10:06:03.718141,device_004,camera,warehouse_b,66.1,67.6,57.71,-52,17820,False,10,2026-05-25,Monday,Excellent,Normal,Normal
2026-05-25 10:06:03.718141,device_005,gateway,warehouse_a,23.8,52.8,50.18,-51,17820,False,10,2026-05-25,Monday,Excellent,Normal,Normal
2026-05-25 10:06:03.718141,device_006,sensor,factory_floor_2,5.3,30.6,44.5,-61,17820,False,10,2026-05-25,Monday,Good,Normal,Normal
2026-05-25 10:06:03.718141,device_007,sensor,warehouse_a,9.1,32.9,45.65,-61,17820,False,10,2026-05-25,Monday,Good,Normal,Normal
2026-05-25 10:06:03.718141,device_008,gateway,loading_bay,24.4,59.7,51.31,-56,17820,False,10,2026-05-25,Monday,Excellent,Normal,Normal
2026-05-25 10:06:03.718141,device_009,sensor,office_block,9.0,36.9,40.41,-66,17820,False,10,2026-05-25,Monday,Good,Normal,Normal
2026-05-25 10:06:03.718141,device_010,camera,warehouse_a,59.5,71.6,63.04,-52,17820,False,10,2026-05-25,Monday,Excellent,Normal,Normal
2026-05-25 10:06:03.718141,device_011,camera,factory_floor_1,63.5,66.5,58.48,-55,17820,False,10,2026-05-25,Monday,Excellent,Normal,Normal
2026-05-25 10:06:03.718141,device_012,camera,server_room,67.7,67.5,64.69,-51,17820,False,10,2026-05-25,Monday,Excellent,Normal,Normal
2026-05-25 10:06:03.718141,device_013,sensor,factory_floor_2,10.3,32.7,35.74,-64,17820,False,10,2026-05-25,Monday,Good,Normal,Normal
2026-05-25 10:06:03.718141,device_014,controller,server_room,17.8,41.3,45.27,-66,17820,False,10,2026-05-25,Monday,Good,Normal,Normal
2026-05-25 10:06:03.718141,device_015,sensor,loading_bay,4.7,34.3,42.88,-54,17820,False,10,2026-05-25,Monday,Excellent,Normal,Normal
2026-05-25 10:07:03.718141,device_001,gateway,warehouse_a,16.8,52.6,45.64,-61,17760,False,10,2026-05-25,Monday,Good,Normal,Normal
2026-05-25 10:07:03.718141,device_002,camera,factory_floor_2,67.3,68.0,52.76,-63,17760,False,10,2026-05-25,Monday,Good,Normal,Normal
2026-05-25 10:07:03.718141,device_003,sensor,warehouse_b,5.4,33.5,46.17,-54,17760,False,10,2026-05-25,Monday,Excellent,Normal,Normal
2026-05-25 10:07:03.718141,device_004,camera,warehouse_b,66.9,61.5,61.42,-62,17760,False,10,2026-05-25,Monday,Good,Normal,Normal
2026-05-25 10:07:03.718141,device_005,gateway,warehouse_a,31.8,57.0,52.65,-47,17760,False,10,2026-05-25,Monday,Excellent,Normal,Normal
2026-05-25 10:07:03.718141,device_006,sensor,factory_floor_2,27.6,41.9,35.75,-64,17760,False,10,2026-05-25,Monday,Good,Normal,Normal
2026-05-25 10:07:03.718141,device_007,sensor,warehouse_a,6.6,34.8,42.86,-55,17760,False,10,2026-05-25,Monday,Excellent,Normal,Normal
2026-05-25 10:07:03.718141,device_008,gateway,loading_bay,25.9,56.3,50.29,-47,17760,False,10,2026-05-25,Monday,Excellent,Normal,Normal
2026-05-25 10:07:03.718141,device_009,sensor,office_block,1.0,33.3,44.25,-69,17760,False,10,2026-05-25,Monday,Good,Normal,Normal
2026-05-25 10:07:03.718141,device_010,camera,warehouse_a,59.3,75.0,59.65,-50,17760,False,10,2026-05-25,Monday,Excellent,Normal,Normal
2026-05-25 10:07:03.718141,device_011,camera,factory_floor_1,62.3,67.1,62.08,-65,17760,False,10,2026-05-25,Monday,Good,Normal,Normal
2026-05-25 10:07:03.718141,device_012,camera,server_room,68.8,77.4,63.06,-57,17760,False,10,2026-05-25,Monday,Excellent,Normal,Normal
2026-05-25 10:07:03.718141,device_013,sensor,factory_floor_2,7.1,35.4,44.01,-58,17760,False,10,2026-05-25,Monday,Excellent,Normal,Normal
2026-05-25 10:07:03.718141,device_014,controller,server_room,24.5,48.0,45.84,-68,17760,False,10,2026-05-25,Monday,Good,Normal,Normal
2026-05-25 10:07:03.718141,device_015,sensor,loading_bay,7.0,35.4,41.81,-68,17760,False,10,2026-05-25,Monday,Good,Normal,Normal
2026-05-25 10:08:03.718141,device_001,gateway,warehouse_a,29.3,55.9,51.65,-52,17700,False,10,2026-05-25,Monday,Excellent,Normal,Normal
2026-05-25 10:08:03.718141,device_002,camera,factory_floor_2,72.9,73.5,63.96,-65,17700,False,10,2026-05-25,Monday,Good,Normal,High
2026-05-25 10:08:03.718141,device_003,sensor,warehouse_b,5.7,38.8,39.33,-68,17700,False,10,2026-05-25,Monday,Good,Normal,Normal
2026-05-25 10:08:03.718141,device_004,camera,warehouse_b,69.4,67.6,65.42,-51,17700,False,10,2026-05-25,Monday,Excellent,Normal,Normal
2026-05-25 10:08:03.718141,device_005,gateway,warehouse_a,26.9,53.4,47.08,-50,17700,False,10,2026-05-25,Monday,Excellent,Normal,Normal
2026-05-25 10:08:03.718141,device_006,sensor,factory_floor_2,13.0,37.6,40.6,-66,17700,False,10,2026-05-25,Monday,Good,Normal,Normal
2026-05-25 10:08:03.718141,device_007,sensor,warehouse_a,7.0,30.4,42.97,-57,17700,False,10,2026-05-25,Monday,Excellent,Normal,Normal
2026-05-25 10:08:03.718141,device_008,gateway,loading_bay,28.4,54.3,43.03,-51,17700,False,10,2026-05-25,Monday,Excellent,Normal,Normal
2026-05-25 10:08:03.718141,device_009,sensor,office_block,1.0,38.1,45.62,-58,17700,False,10,2026-05-25,Monday,Excellent,Normal,Normal
2026-05-25 10:08:03.718141,device_010,camera,warehouse_a,67.3,66.2,65.56,-62,17700,False,10,2026-05-25,Monday,Good,Normal,Normal
2026-05-25 10:08:03.718141,device_011,camera,factory_floor_1,73.7,69.1,63.8,-55,17700,False,10,2026-05-25,Monday,Excellent,Normal,High
2026-05-25 10:08:03.718141,device_012,camera,server_room,70.7,66.7,57.68,-54,17700,False,10,2026-05-25,Monday,Excellent,Normal,High
2026-05-25 10:08:03.718141,device_013,sensor,factory_floor_2,5.0,30.8,40.41,-63,17700,False,10,2026-05-25,Monday,Good,Normal,Normal
2026-05-25 10:08:03.718141,device_014,controller,server_room,24.1,46.4,47.22,-68,17700,False,10,2026-05-25,Monday,Good,Normal,Normal
2026-05-25 10:08:03.718141,device_015,sensor,loading_bay,5.1,36.1,36.54,-56,17700,False,10,2026-05-25,Monday,Excellent,Normal,Normal
2026-05-25 10:09:03.718141,device_001,gateway,warehouse_a,18.4,49.5,51.79,-50,17640,False,10,2026-05-25,Monday,Excellent,Normal,Normal
2026-05-25 10:09:03.718141,device_002,camera,factory_floor_2,74.9,70.4,63.73,-59,17640,False,10,2026-05-25,Monday,Excellent,Normal,High
2026-05-25 10:09:03.718141,device_003,sensor,warehouse_b,14.3,37.2,39.46,-59,17640,False,10,2026-05-25,Monday,Excellent,Normal,Normal
2026-05-25 10:09:03.718141,device_004,camera,warehouse_b,66.0,75.1,61.79,-60,17640,False,10,2026-05-25,Monday,Excellent,Normal,Normal
2026-05-25 10:09:03.718141,device_005,gateway,warehouse_a,31.7,48.4,52.87,-60,17640,False,10,2026-05-25,Monday,Excellent,Normal,Normal
2026-05-25 10:09:03.718141,device_006,sensor,factory_floor_2,3.2,35.4,41.63,-57,17640,False,10,2026-05-25,Monday,Excellent,Normal,Normal
2026-05-25 10:09:03.718141,device_007,sensor,warehouse_a,2.3,41.1,49.24,-70,17640,False,10,2026-05-25,Monday,Good,Normal,Normal
2026-05-25 10:09:03.718141,device_008,gateway,loading_bay,31.0,54.2,52.22,-61,17640,False,10,2026-05-25,Monday,Good,Normal,Normal
2026-05-25 10:09:03.718141,device_009,sensor,office_block,3.2,36.0,42.23,-69,17640,False,10,2026-05-25,Monday,Good,Normal,Normal
2026-05-25 10:09:03.718141,device_010,camera,warehouse_a,58.8,69.4,62.0,-65,17640,False,10,2026-05-25,Monday,Good,Normal,Normal
2026-05-25 10:09:03.718141,device_011,camera,factory_floor_1,55.5,68.3,58.42,-65,17640,False,10,2026-05-25,Monday,Good,Normal,Normal
2026-05-25 10:09:03.718141,device_012,camera,server_room,74.4,64.7,62.67,-59,17640,False,10,2026-05-25,Monday,Excellent,Normal,High
2026-05-25 10:09:03.718141,device_013,sensor,factory_floor_2,10.4,39.3,37.36,-69,17640,False,10,2026-05-25,Monday,Good,Normal,Normal
2026-05-25 10:09:03.718141,device_014,controller,server_room,15.6,50.3,47.72,-59,17640,False,10,2026-05-25,Monday,Excellent,Normal,Normal
2026-05-25 10:09:03.718141,device_015,sensor,loading_bay,1.6,32.7,37.81,-60,17640,False,10,2026-05-25,Monday,Excellent,Normal,Normal
2026-05-25 10:10:03.718141,device_001,gateway,warehouse_a,33.2,43.7,47.44,-53,17580,False,10,2026-05-25,Monday,Excellent,Normal,Normal
2026-05-25 10:10:03.718141,device_002,camera,factory_floor_2,62.7,74.8,62.66,-62,17580,False,10,2026-05-25,Monday,Good,Normal,Normal
2026-05-25 10:10:03.718141,device_003,sensor,warehouse_b,5.7,39.6,40.77,-54,17580,False,10,2026-05-25,Monday,Excellent,Normal,Normal
2026-05-25 10:10:03.718141,device_004,camera,warehouse_b,55.7,70.8,59.83,-57,17580,False,10,2026-05-25,Monday,Excellent,Normal,Normal
2026-05-25 10:10:03.718141,device_005,gateway,warehouse_a,30.2,55.1,50.47,-58,17580,False,10,2026-05-25,Monday,Excellent,Normal,Normal
2026-05-25 10:10:03.718141,device_006,sensor,factory_floor_2,1.0,36.8,40.03,-57,17580,False,10,2026-05-25,Monday,Excellent,Normal,Normal
2026-05-25 10:10:03.718141,device_007,sensor,warehouse_a,3.1,36.8,42.18,-69,17580,False,10,2026-05-25,Monday,Good,Normal,Normal
2026-05-25 10:10:03.718141,device_008,gateway,loading_bay,26.3,51.1,52.51,-51,17580,False,10,2026-05-25,Monday,Excellent,Normal,Normal
2026-05-25 10:10:03.718141,device_009,sensor,office_block,7.0,35.6,43.83,-60,17580,False,10,2026-05-25,Monday,Excellent,Normal,Normal
2026-05-25 10:10:03.718141,device_010,camera,warehouse_a,62.1,72.9,61.67,-53,17580,False,10,2026-05-25,Monday,Excellent,Normal,Normal
2026-05-25 10:10:03.718141,device_011,camera,factory_floor_1,54.8,68.7,64.48,-54,17580,False,10,2026-05-25,Monday,Excellent,Normal,Normal
2026-05-25 10:10:03.718141,device_012,camera,server_room,67.1,64.5,64.59,-51,17580,False,10,2026-05-25,Monday,Excellent,Normal,Normal
2026-05-25 10:10:03.718141,device_013,sensor,factory_floor_2,4.5,31.9,41.13,-63,17580,False,10,2026-05-25,Monday,Good,Normal,Normal
2026-05-25 10:10:03.718141,device_014,controller,server_room,26.7,42.8,45.43,-64,17580,False,10,2026-05-25,Monday,Good,Normal,Normal
2026-05-25 10:10:03.718141,device_015,sensor,loading_bay,9.0,33.4,38.39,-69,17580,False,10,2026-05-25,Monday,Good,Normal,Normal
2026-05-25 10:11:03.718141,device_001,gateway,warehouse_a,29.6,54.6,51.0,-50,17520,False,10,2026-05-25,Monday,Excellent,Normal,Normal
2026-05-25 10:11:03.718141,device_002,camera,factory_floor_2,62.4,71.3,56.46,-62,17520,False,10,2026-05-25,Monday,Good,Normal,Normal
2026-05-25 10:11:03.718141,device_003,sensor,warehouse_b,16.8,35.9,42.06,-62,17520,False,10,2026-05-25,Monday,Good,Normal,Normal
2026-05-25 10:11:03.718141,device_004,camera,warehouse_b,68.5,76.8,57.19,-64,17520,False,10,2026-05-25,Monday,Good,Normal,Normal
2026-05-25 10:11:03.718141,device_005,gateway,warehouse_a,29.0,52.1,56.9,-52,17520,False,10,2026-05-25,Monday,Excellent,Normal,Normal
2026-05-25 10:11:03.718141,device_006,sensor,factory_floor_2,17.1,37.2,44.33,-64,17520,False,10,2026-05-25,Monday,Good,Normal,Normal
2026-05-25 10:11:03.718141,device_007,sensor,warehouse_a,9.2,39.8,41.25,-58,17520,False,10,2026-05-25,Monday,Excellent,Normal,Normal
2026-05-25 10:11:03.718141,device_008,gateway,loading_bay,28.7,50.5,46.1,-62,17520,False,10,2026-05-25,Monday,Good,Normal,Normal
2026-05-25 10:11:03.718141,device_009,sensor,office_block,7.1,34.8,42.93,-64,17520,False,10,2026-05-25,Monday,Good,Normal,Normal
2026-05-25 10:11:03.718141,device_010,camera,warehouse_a,71.1,70.6,55.15,-60,17520,False,10,2026-05-25,Monday,Excellent,Normal,High
2026-05-25 10:11:03.718141,device_011,camera,factory_floor_1,55.9,69.6,63.28,-56,17520,False,10,2026-05-25,Monday,Excellent,Normal,Normal
2026-05-25 10:11:03.718141,device_012,camera,server_room,67.1,75.1,58.41,-66,17520,False,10,2026-05-25,Monday,Good,Normal,Normal
2026-05-25 10:11:03.718141,device_013,sensor,factory_floor_2,13.2,34.5,43.75,-64,17520,False,10,2026-05-25,Monday,Good,Normal,Normal
2026-05-25 10:11:03.718141,device_014,controller,server_room,20.9,48.4,45.88,-65,17520,False,10,2026-05-25,Monday,Good,Normal,Normal
2026-05-25 10:11:03.718141,device_015,sensor,loading_bay,16.2,32.1,45.21,-55,17520,False,10,2026-05-25,Monday,Excellent,Normal,Normal
2026-05-25 10:12:03.718141,device_001,gateway,warehouse_a,29.8,57.3,48.12,-57,17460,False,10,2026-05-25,Monday,Excellent,Normal,Normal
2026-05-25 10:12:03.718141,device_002,camera,factory_floor_2,67.3,65.4,55.39,-59,17460,False,10,2026-05-25,Monday,Excellent,Normal,Normal
2026-05-25 10:12:03.718141,device_003,sensor,warehouse_b,6.6,30.2,41.1,-61,17460,False,10,2026-05-25,Monday,Good,Normal,Normal
2026-05-25 10:12:03.718141,device_004,camera,warehouse_b,66.9,69.2,61.75,-55,17460,False,10,2026-05-25,Monday,Excellent,Normal,Normal
2026-05-25 10:12:03.718141,device_005,gateway,warehouse_a,24.2,61.6,55.15,-52,17460,False,10,2026-05-25,Monday,Excellent,Normal,Normal
2026-05-25 10:12:03.718141,device_006,sensor,factory_floor_2,5.6,37.0,40.16,-55,17460,False,10,2026-05-25,Monday,Excellent,Normal,Normal
2026-05-25 10:12:03.718141,device_007,sensor,warehouse_a,6.2,38.0,41.58,-55,17460,False,10,2026-05-25,Monday,Excellent,Normal,Normal
2026-05-25 10:12:03.718141,device_008,gateway,loading_bay,18.5,55.3,55.95,-53,17460,False,10,2026-05-25,Monday,Excellent,Normal,Normal
2026-05-25 10:12:03.718141,device_009,sensor,office_block,5.9,34.8,41.73,-59,17460,False,10,2026-05-25,Monday,Excellent,Normal,Normal
2026-05-25 10:12:03.718141,device_010,camera,warehouse_a,56.3,70.2,65.48,-65,17460,False,10,2026-05-25,Monday,Good,Normal,Normal
2026-05-25 10:12:03.718141,device_011,camera,factory_floor_1,67.2,65.9,63.85,-59,17460,False,10,2026-05-25,Monday,Excellent,Normal,Normal
2026-05-25 10:12:03.718141,device_012,camera,server_room,67.4,73.4,60.2,-66,17460,False,10,2026-05-25,Monday,Good,Normal,Normal
2026-05-25 10:12:03.718141,device_013,sensor,factory_floor_2,1.0,32.6,41.7,-57,17460,False,10,2026-05-25,Monday,Excellent,Normal,Normal
2026-05-25 10:12:03.718141,device_014,controller,server_room,20.2,42.2,49.41,-62,17460,False,10,2026-05-25,Monday,Good,Normal,Normal
2026-05-25 10:12:03.718141,device_015,sensor,loading_bay,4.4,31.4,41.67,-58,17460,False,10,2026-05-25,Monday,Excellent,Normal,Normal
2026-05-25 10:13:03.718141,device_001,gateway,warehouse_a,32.2,43.4,50.89,-56,17400,False,10,2026-05-25,Monday,Excellent,Normal,Normal
2026-05-25 10:13:03.718141,device_002,camera,factory_floor_2,63.1,63.5,57.88,-56,17400,False,10,2026-05-25,Monday,Excellent,Normal,Normal
2026-05-25 10:13:03.718141,device_003,sensor,warehouse_b,1.8,40.3,42.33,-55,17400,False,10,2026-05-25,Monday,Excellent,Normal,Normal
2026-05-25 10:13:03.718141,device_004,camera,warehouse_b,66.6,71.8,59.18,-51,17400,False,10,2026-05-25,Monday,Excellent,Normal,Normal
2026-05-25 10:13:03.718141,device_005,gateway,warehouse_a,25.7,50.4,49.92,-52,17400,False,10,2026-05-25,Monday,Excellent,Normal,Normal
2026-05-25 10:13:03.718141,device_006,sensor,factory_floor_2,1.0,35.6,40.83,-55,17400,False,10,2026-05-25,Monday,Excellent,Normal,Normal
2026-05-25 10:13:03.718141,device_007,sensor,warehouse_a,7.5,31.2,40.75,-69,17400,False,10,2026-05-25,Monday,Good,Normal,Normal
2026-05-25 10:13:03.718141,device_008,gateway,loading_bay,31.0,58.1,48.05,-61,17400,False,10,2026-05-25,Monday,Good,Normal,Normal
2026-05-25 10:13:03.718141,device_009,sensor,office_block,3.0,29.1,39.74,-69,17400,False,10,2026-05-25,Monday,Good,Normal,Normal
2026-05-25 10:13:03.718141,device_010,camera,warehouse_a,62.5,72.1,63.93,-53,17400,False,10,2026-05-25,Monday,Excellent,Normal,Normal
2026-05-25 10:13:03.718141,device_011,camera,factory_floor_1,69.9,65.6,62.57,-59,17400,False,10,2026-05-25,Monday,Excellent,Normal,Normal
2026-05-25 10:13:03.718141,device_012,camera,server_room,63.3,75.3,58.66,-62,17400,False,10,2026-05-25,Monday,Good,Normal,Normal
2026-05-25 10:13:03.718141,device_013,sensor,factory_floor_2,32.0,38.6,64.68,-54,17400,True,10,2026-05-25,Monday,Excellent,Normal,Normal
2026-05-25 10:13:03.718141,device_014,controller,server_room,27.1,47.8,46.77,-67,17400,False,10,2026-05-25,Monday,Good,Normal,Normal
2026-05-25 10:13:03.718141,device_015,sensor,loading_bay,19.4,28.9,40.15,-55,17400,False,10,2026-05-25,Monday,Excellent,Normal,Normal
2026-05-25 10:14:03.718141,device_001,gateway,warehouse_a,18.6,47.5,54.14,-63,17340,False,10,2026-05-25,Monday,Good,Normal,Normal
2026-05-25 10:14:03.718141,device_002,camera,factory_floor_2,93.1,70.7,82.31,-53,17340,True,10,2026-05-25,Monday,Excellent,Critical,Critical
2026-05-25 10:14:03.718141,device_003,sensor,warehouse_b,40.1,40.1,62.67,-54,17340,True,10,2026-05-25,Monday,Excellent,Normal,Normal
2026-05-25 10:14:03.718141,device_004,camera,warehouse_b,60.2,66.9,58.97,-57,17340,False,10,2026-05-25,Monday,Excellent,Normal,Normal
2026-05-25 10:14:03.718141,device_005,gateway,warehouse_a,62.2,56.8,74.7,-50,17340,True,10,2026-05-25,Monday,Excellent,Warning,Normal
2026-05-25 10:14:03.718141,device_006,sensor,factory_floor_2,13.9,41.7,38.47,-65,17340,False,10,2026-05-25,Monday,Good,Normal,Normal
2026-05-25 10:14:03.718141,device_007,sensor,warehouse_a,15.6,42.1,44.21,-67,17340,False,10,2026-05-25,Monday,Good,Normal,Normal
2026-05-25 10:14:03.718141,device_008,gateway,loading_bay,19.7,52.1,50.43,-56,17340,False,10,2026-05-25,Monday,Excellent,Normal,Normal
2026-05-25 10:14:03.718141,device_009,sensor,office_block,11.6,38.0,38.85,-54,17340,False,10,2026-05-25,Monday,Excellent,Normal,Normal
2026-05-25 10:14:03.718141,device_010,camera,warehouse_a,71.9,71.1,63.09,-55,17340,False,10,2026-05-25,Monday,Excellent,Normal,High
2026-05-25 10:14:03.718141,device_011,camera,factory_floor_1,60.1,75.0,58.46,-54,17340,False,10,2026-05-25,Monday,Excellent,Normal,Normal
2026-05-25 10:14:03.718141,device_012,camera,server_room,68.9,68.3,60.88,-54,17340,False,10,2026-05-25,Monday,Excellent,Normal,Normal
2026-05-25 10:14:03.718141,device_013,sensor,factory_floor_2,1.0,42.6,38.79,-63,17340,False,10,2026-05-25,Monday,Good,Normal,Normal
2026-05-25 10:14:03.718141,device_014,controller,server_room,11.6,49.0,48.57,-61,17340,False,10,2026-05-25,Monday,Good,Normal,Normal
2026-05-25 10:14:03.718141,device_015,sensor,loading_bay,1.7,38.8,42.55,-68,17340,False,10,2026-05-25,Monday,Good,Normal,Normal
2026-05-25 10:15:03.718141,device_001,gateway,warehouse_a,28.1,48.3,60.61,-62,17280,False,10,2026-05-25,Monday,Good,Normal,Normal
2026-05-25 10:15:03.718141,device_002,camera,factory_floor_2,70.3,73.1,60.48,-54,17280,False,10,2026-05-25,Monday,Excellent,Normal,High
2026-05-25 10:15:03.718141,device_003,sensor,warehouse_b,10.2,35.9,39.8,-55,17280,False,10,2026-05-25,Monday,Excellent,Normal,Normal
2026-05-25 10:15:03.718141,device_004,camera,warehouse_b,55.7,71.2,62.81,-66,17280,False,10,2026-05-25,Monday,Good,Normal,Normal
2026-05-25 10:15:03.718141,device_005,gateway,warehouse_a,31.2,56.5,55.17,-61,17280,False,10,2026-05-25,Monday,Good,Normal,Normal
2026-05-25 10:15:03.718141,device_006,sensor,factory_floor_2,8.7,32.2,39.36,-57,17280,False,10,2026-05-25,Monday,Excellent,Normal,Normal
2026-05-25 10:15:03.718141,device_007,sensor,warehouse_a,13.9,34.0,46.31,-60,17280,False,10,2026-05-25,Monday,Excellent,Normal,Normal
2026-05-25 10:15:03.718141,device_008,gateway,loading_bay,28.2,59.7,49.29,-60,17280,False,10,2026-05-25,Monday,Excellent,Normal,Normal
2026-05-25 10:15:03.718141,device_009,sensor,office_block,11.3,31.5,47.82,-69,17280,False,10,2026-05-25,Monday,Good,Normal,Normal
2026-05-25 10:15:03.718141,device_010,camera,warehouse_a,63.1,72.6,61.69,-51,17280,False,10,2026-05-25,Monday,Excellent,Normal,Normal
2026-05-25 10:15:03.718141,device_011,camera,factory_floor_1,63.9,73.5,58.38,-64,17280,False,10,2026-05-25,Monday,Good,Normal,Normal
2026-05-25 10:15:03.718141,device_012,camera,server_room,68.6,75.4,58.25,-58,17280,False,10,2026-05-25,Monday,Excellent,Normal,Normal
2026-05-25 10:15:03.718141,device_013,sensor,factory_floor_2,13.9,35.3,42.4,-69,17280,False,10,2026-05-25,Monday,Good,Normal,Normal
2026-05-25 10:15:03.718141,device_014,controller,server_room,20.8,45.1,45.41,-58,17280,False,10,2026-05-25,Monday,Excellent,Normal,Normal
2026-05-25 10:15:03.718141,device_015,sensor,loading_bay,27.2,28.8,64.63,-64,17280,True,10,2026-05-25,Monday,Good,Normal,Normal
2026-05-25 10:16:03.718141,device_001,gateway,warehouse_a,35.5,54.2,51.01,-51,17220,False,10,2026-05-25,Monday,Excellent,Normal,Normal
2026-05-25 10:16:03.718141,device_002,camera,factory_floor_2,61.9,75.7,60.14,-57,17220,False,10,2026-05-25,Monday,Excellent,Normal,Normal
2026-05-25 10:16:03.718141,device_003,sensor,warehouse_b,1.0,36.4,45.83,-63,17220,False,10,2026-05-25,Monday,Good,Normal,Normal
2026-05-25 10:16:03.718141,device_004,camera,warehouse_b,59.0,76.7,57.77,-54,17220,False,10,2026-05-25,Monday,Excellent,Normal,Normal
2026-05-25 10:16:03.718141,device_005,gateway,warehouse_a,23.3,59.5,48.54,-53,17220,False,10,2026-05-25,Monday,Excellent,Normal,Normal
2026-05-25 10:16:03.718141,device_006,sensor,factory_floor_2,9.7,35.9,39.19,-66,17220,False,10,2026-05-25,Monday,Good,Normal,Normal
2026-05-25 10:16:03.718141,device_007,sensor,warehouse_a,2.9,39.2,45.3,-68,17220,False,10,2026-05-25,Monday,Good,Normal,Normal
2026-05-25 10:16:03.718141,device_008,gateway,loading_bay,30.7,62.0,53.08,-52,17220,False,10,2026-05-25,Monday,Excellent,Normal,Normal
2026-05-25 10:16:03.718141,device_009,sensor,office_block,8.0,36.8,38.45,-57,17220,False,10,2026-05-25,Monday,Excellent,Normal,Normal
2026-05-25 10:16:03.718141,device_010,camera,warehouse_a,75.4,68.6,57.96,-64,17220,False,10,2026-05-25,Monday,Good,Normal,High
2026-05-25 10:16:03.718141,device_011,camera,factory_floor_1,67.1,66.1,60.84,-54,17220,False,10,2026-05-25,Monday,Excellent,Normal,Normal
2026-05-25 10:16:03.718141,device_012,camera,server_room,70.6,70.8,67.96,-56,17220,False,10,2026-05-25,Monday,Excellent,Normal,High
2026-05-25 10:16:03.718141,device_013,sensor,factory_floor_2,3.5,36.0,37.35,-62,17220,False,10,2026-05-25,Monday,Good,Normal,Normal
2026-05-25 10:16:03.718141,device_014,controller,server_room,23.5,45.0,49.43,-54,17220,False,10,2026-05-25,Monday,Excellent,Normal,Normal
2026-05-25 10:16:03.718141,device_015,sensor,loading_bay,5.1,38.3,38.72,-59,17220,False,10,2026-05-25,Monday,Excellent,Normal,Normal
2026-05-25 10:17:03.718141,device_001,gateway,warehouse_a,32.6,61.4,47.36,-51,17160,False,10,2026-05-25,Monday,Excellent,Normal,Normal
2026-05-25 10:17:03.718141,device_002,camera,factory_floor_2,67.9,64.6,65.2,-54,17160,False,10,2026-05-25,Monday,Excellent,Normal,Normal
2026-05-25 10:17:03.718141,device_003,sensor,warehouse_b,1.2,37.0,41.55,-61,17160,False,10,2026-05-25,Monday,Good,Normal,Normal
2026-05-25 10:17:03.718141,device_004,camera,warehouse_b,74.0,69.0,63.12,-64,17160,False,10,2026-05-25,Monday,Good,Normal,High
2026-05-25 10:17:03.718141,device_005,gateway,warehouse_a,22.9,51.1,55.69,-59,17160,False,10,2026-05-25,Monday,Excellent,Normal,Normal
2026-05-25 10:17:03.718141,device_006,sensor,factory_floor_2,16.1,41.4,41.15,-66,17160,False,10,2026-05-25,Monday,Good,Normal,Normal
2026-05-25 10:17:03.718141,device_007,sensor,warehouse_a,11.4,32.9,41.59,-60,17160,False,10,2026-05-25,Monday,Excellent,Normal,Normal
2026-05-25 10:17:03.718141,device_008,gateway,loading_bay,26.3,55.3,53.28,-61,17160,False,10,2026-05-25,Monday,Good,Normal,Normal
2026-05-25 10:17:03.718141,device_009,sensor,office_block,35.0,35.3,61.5,-61,17160,True,10,2026-05-25,Monday,Good,Normal,Normal
2026-05-25 10:17:03.718141,device_010,camera,warehouse_a,54.4,66.1,62.37,-58,17160,False,10,2026-05-25,Monday,Excellent,Normal,Normal
2026-05-25 10:17:03.718141,device_011,camera,factory_floor_1,59.2,62.8,55.94,-64,17160,False,10,2026-05-25,Monday,Good,Normal,Normal
2026-05-25 10:17:03.718141,device_012,camera,server_room,58.2,77.8,58.87,-52,17160,False,10,2026-05-25,Monday,Excellent,Normal,Normal
2026-05-25 10:17:03.718141,device_013,sensor,factory_floor_2,5.4,36.6,42.53,-54,17160,False,10,2026-05-25,Monday,Excellent,Normal,Normal
2026-05-25 10:17:03.718141,device_014,controller,server_room,18.7,40.2,47.77,-68,17160,False,10,2026-05-25,Monday,Good,Normal,Normal
2026-05-25 10:17:03.718141,device_015,sensor,loading_bay,15.3,28.3,47.42,-68,17160,False,10,2026-05-25,Monday,Good,Normal,Normal
2026-05-25 10:18:03.718141,device_001,gateway,warehouse_a,22.9,51.1,51.16,-53,17100,False,10,2026-05-25,Monday,Excellent,Normal,Normal
2026-05-25 10:18:03.718141,device_002,camera,factory_floor_2,67.5,78.7,58.82,-66,17100,False,10,2026-05-25,Monday,Good,Normal,Normal
2026-05-25 10:18:03.718141,device_003,sensor,warehouse_b,14.0,39.1,42.64,-58,17100,False,10,2026-05-25,Monday,Excellent,Normal,Normal
2026-05-25 10:18:03.718141,device_004,camera,warehouse_b,70.5,66.7,59.31,-59,17100,False,10,2026-05-25,Monday,Excellent,Normal,High
2026-05-25 10:18:03.718141,device_005,gateway,warehouse_a,28.4,55.6,54.58,-58,17100,False,10,2026-05-25,Monday,Excellent,Normal,Normal
2026-05-25 10:18:03.718141,device_006,sensor,factory_floor_2,1.0,34.7,39.59,-65,17100,False,10,2026-05-25,Monday,Good,Normal,Normal
2026-05-25 10:18:03.718141,device_007,sensor,warehouse_a,7.6,29.5,47.92,-61,17100,False,10,2026-05-25,Monday,Good,Normal,Normal
2026-05-25 10:18:03.718141,device_008,gateway,loading_bay,30.5,64.1,56.47,-59,17100,False,10,2026-05-25,Monday,Excellent,Normal,Normal
2026-05-25 10:18:03.718141,device_009,sensor,office_block,6.0,37.3,43.47,-57,17100,False,10,2026-05-25,Monday,Excellent,Normal,Normal
2026-05-25 10:18:03.718141,device_010,camera,warehouse_a,66.0,71.7,60.7,-57,17100,False,10,2026-05-25,Monday,Excellent,Normal,Normal
2026-05-25 10:18:03.718141,device_011,camera,factory_floor_1,52.3,70.5,63.05,-64,17100,False,10,2026-05-25,Monday,Good,Normal,Normal
2026-05-25 10:18:03.718141,device_012,camera,server_room,63.9,67.3,67.14,-59,17100,False,10,2026-05-25,Monday,Excellent,Normal,Normal
2026-05-25 10:18:03.718141,device_013,sensor,factory_floor_2,6.0,31.7,47.97,-55,17100,False,10,2026-05-25,Monday,Excellent,Normal,Normal
2026-05-25 10:18:03.718141,device_014,controller,server_room,15.2,48.4,47.56,-62,17100,False,10,2026-05-25,Monday,Good,Normal,Normal
2026-05-25 10:18:03.718141,device_015,sensor,loading_bay,9.0,32.9,38.12,-66,17100,False,10,2026-05-25,Monday,Good,Normal,Normal
2026-05-25 10:19:03.718141,device_001,gateway,warehouse_a,25.0,56.7,51.77,-51,17040,False,10,2026-05-25,Monday,Excellent,Normal,Normal
2026-05-25 10:19:03.718141,device_002,camera,factory_floor_2,67.1,74.3,55.67,-54,17040,False,10,2026-05-25,Monday,Excellent,Normal,Normal
2026-05-25 10:19:03.718141,device_003,sensor,warehouse_b,9.3,36.8,46.15,-60,17040,False,10,2026-05-25,Monday,Excellent,Normal,Normal
2026-05-25 10:19:03.718141,device_004,camera,warehouse_b,70.5,75.4,62.4,-53,17040,False,10,2026-05-25,Monday,Excellent,Normal,High
2026-05-25 10:19:03.718141,device_005,gateway,warehouse_a,30.6,64.1,51.71,-59,17040,False,10,2026-05-25,Monday,Excellent,Normal,Normal
2026-05-25 10:19:03.718141,device_006,sensor,factory_floor_2,12.4,29.9,43.72,-64,17040,False,10,2026-05-25,Monday,Good,Normal,Normal
2026-05-25 10:19:03.718141,device_007,sensor,warehouse_a,1.6,35.6,42.88,-65,17040,False,10,2026-05-25,Monday,Good,Normal,Normal
2026-05-25 10:19:03.718141,device_008,gateway,loading_bay,24.9,61.4,52.42,-53,17040,False,10,2026-05-25,Monday,Excellent,Normal,Normal
2026-05-25 10:19:03.718141,device_009,sensor,office_block,11.5,34.6,38.58,-55,17040,False,10,2026-05-25,Monday,Excellent,Normal,Normal
2026-05-25 10:19:03.718141,device_010,camera,warehouse_a,61.0,68.3,59.84,-59,17040,False,10,2026-05-25,Monday,Excellent,Normal,Normal
2026-05-25 10:19:03.718141,device_011,camera,factory_floor_1,62.6,69.5,57.23,-58,17040,False,10,2026-05-25,Monday,Excellent,Normal,Normal
2026-05-25 10:19:03.718141,device_012,camera,server_room,62.2,78.2,52.21,-54,17040,False,10,2026-05-25,Monday,Excellent,Normal,Normal
2026-05-25 10:19:03.718141,device_013,sensor,factory_floor_2,13.4,35.1,40.87,-64,17040,False,10,2026-05-25,Monday,Good,Normal,Normal
2026-05-25 10:19:03.718141,device_014,controller,server_room,12.1,52.6,53.09,-63,17040,False,10,2026-05-25,Monday,Good,Normal,Normal
2026-05-25 10:19:03.718141,device_015,sensor,loading_bay,8.8,35.7,45.07,-70,17040,False,10,2026-05-25,Monday,Good,Normal,Normal
2026-05-25 10:20:03.718141,device_001,gateway,warehouse_a,21.3,55.5,50.76,-49,16980,False,10,2026-05-25,Monday,Excellent,Normal,Normal
2026-05-25 10:20:03.718141,device_002,camera,factory_floor_2,62.7,69.6,60.34,-60,16980,False,10,2026-05-25,Monday,Excellent,Normal,Normal
2026-05-25 10:20:03.718141,device_003,sensor,warehouse_b,7.6,30.8,42.16,-61,16980,False,10,2026-05-25,Monday,Good,Normal,Normal
2026-05-25 10:20:03.718141,device_004,camera,warehouse_b,61.4,73.9,57.15,-64,16980,False,10,2026-05-25,Monday,Good,Normal,Normal
2026-05-25 10:20:03.718141,device_005,gateway,warehouse_a,17.5,60.5,55.46,-50,16980,False,10,2026-05-25,Monday,Excellent,Normal,Normal
2026-05-25 10:20:03.718141,device_006,sensor,factory_floor_2,6.5,33.6,34.19,-66,16980,False,10,2026-05-25,Monday,Good,Normal,Normal
2026-05-25 10:20:03.718141,device_007,sensor,warehouse_a,7.7,32.9,38.97,-63,16980,False,10,2026-05-25,Monday,Good,Normal,Normal
2026-05-25 10:20:03.718141,device_008,gateway,loading_bay,35.7,51.3,53.99,-59,16980,False,10,2026-05-25,Monday,Excellent,Normal,Normal
2026-05-25 10:20:03.718141,device_009,sensor,office_block,1.0,34.1,41.02,-58,16980,False,10,2026-05-25,Monday,Excellent,Normal,Normal
2026-05-25 10:20:03.718141,device_010,camera,warehouse_a,67.5,72.0,59.39,-51,16980,False,10,2026-05-25,Monday,Excellent,Normal,Normal
2026-05-25 10:20:03.718141,device_011,camera,factory_floor_1,74.7,69.8,63.45,-50,16980,False,10,2026-05-25,Monday,Excellent,Normal,High
2026-05-25 10:20:03.718141,device_012,camera,server_room,64.1,74.7,59.93,-53,16980,False,10,2026-05-25,Monday,Excellent,Normal,Normal
2026-05-25 10:20:03.718141,device_013,sensor,factory_floor_2,4.9,35.2,42.14,-59,16980,False,10,2026-05-25,Monday,Excellent,Normal,Normal
2026-05-25 10:20:03.718141,device_014,controller,server_room,15.5,46.3,43.88,-66,16980,False,10,2026-05-25,Monday,Good,Normal,Normal
2026-05-25 10:20:03.718141,device_015,sensor,loading_bay,7.7,32.9,43.5,-63,16980,False,10,2026-05-25,Monday,Good,Normal,Normal
2026-05-25 10:21:03.718141,device_001,gateway,warehouse_a,34.1,61.8,49.37,-52,16920,False,10,2026-05-25,Monday,Excellent,Normal,Normal
2026-05-25 10:21:03.718141,device_002,camera,factory_floor_2,56.3,71.9,62.3,-65,16920,False,10,2026-05-25,Monday,Good,Normal,Normal
2026-05-25 10:21:03.718141,device_003,sensor,warehouse_b,4.0,40.1,43.27,-58,16920,False,10,2026-05-25,Monday,Excellent,Normal,Normal
2026-05-25 10:21:03.718141,device_004,camera,warehouse_b,53.9,60.0,62.51,-56,16920,False,10,2026-05-25,Monday,Excellent,Normal,Normal
2026-05-25 10:21:03.718141,device_005,gateway,warehouse_a,23.2,52.7,56.89,-50,16920,False,10,2026-05-25,Monday,Excellent,Normal,Normal
2026-05-25 10:21:03.718141,device_006,sensor,factory_floor_2,2.1,43.3,41.41,-67,16920,False,10,2026-05-25,Monday,Good,Normal,Normal
2026-05-25 10:21:03.718141,device_007,sensor,warehouse_a,1.0,41.0,38.85,-54,16920,False,10,2026-05-25,Monday,Excellent,Normal,Normal
2026-05-25 10:21:03.718141,device_008,gateway,loading_bay,37.3,50.0,51.69,-56,16920,False,10,2026-05-25,Monday,Excellent,Normal,Normal
2026-05-25 10:21:03.718141,device_009,sensor,office_block,18.5,37.7,46.78,-58,16920,False,10,2026-05-25,Monday,Excellent,Normal,Normal
2026-05-25 10:21:03.718141,device_010,camera,warehouse_a,60.9,69.4,60.85,-50,16920,False,10,2026-05-25,Monday,Excellent,Normal,Normal
2026-05-25 10:21:03.718141,device_011,camera,factory_floor_1,66.7,73.5,65.35,-66,16920,False,10,2026-05-25,Monday,Good,Normal,Normal
2026-05-25 10:21:03.718141,device_012,camera,server_room,59.6,71.3,65.13,-57,16920,False,10,2026-05-25,Monday,Excellent,Normal,Normal
2026-05-25 10:21:03.718141,device_013,sensor,factory_floor_2,11.4,30.6,46.4,-68,16920,False,10,2026-05-25,Monday,Good,Normal,Normal
2026-05-25 10:21:03.718141,device_014,controller,server_room,17.8,38.7,46.41,-64,16920,False,10,2026-05-25,Monday,Good,Normal,Normal
2026-05-25 10:21:03.718141,device_015,sensor,loading_bay,9.7,27.6,49.53,-60,16920,False,10,2026-05-25,Monday,Excellent,Normal,Normal
2026-05-25 10:22:03.718141,device_001,gateway,warehouse_a,27.8,55.5,53.92,-57,16860,False,10,2026-05-25,Monday,Excellent,Normal,Normal
2026-05-25 10:22:03.718141,device_002,camera,factory_floor_2,64.4,70.9,57.1,-55,16860,False,10,2026-05-25,Monday,Excellent,Normal,Normal
2026-05-25 10:22:03.718141,device_003,sensor,warehouse_b,4.2,39.8,35.43,-56,16860,False,10,2026-05-25,Monday,Excellent,Normal,Normal
2026-05-25 10:22:03.718141,device_004,camera,warehouse_b,69.8,70.9,61.15,-52,16860,False,10,2026-05-25,Monday,Excellent,Normal,Normal
2026-05-25 10:22:03.718141,device_005,gateway,warehouse_a,33.4,58.6,52.67,-54,16860,False,10,2026-05-25,Monday,Excellent,Normal,Normal
2026-05-25 10:22:03.718141,device_006,sensor,factory_floor_2,6.5,36.3,45.94,-67,16860,False,10,2026-05-25,Monday,Good,Normal,Normal
2026-05-25 10:22:03.718141,device_007,sensor,warehouse_a,9.0,36.1,38.19,-60,16860,False,10,2026-05-25,Monday,Excellent,Normal,Normal
2026-05-25 10:22:03.718141,device_008,gateway,loading_bay,23.8,51.7,50.09,-58,16860,False,10,2026-05-25,Monday,Excellent,Normal,Normal
2026-05-25 10:22:03.718141,device_009,sensor,office_block,2.7,40.3,48.37,-63,16860,False,10,2026-05-25,Monday,Good,Normal,Normal
2026-05-25 10:22:03.718141,device_010,camera,warehouse_a,74.6,70.3,57.33,-61,16860,False,10,2026-05-25,Monday,Good,Normal,High
2026-05-25 10:22:03.718141,device_011,camera,factory_floor_1,58.5,66.3,58.91,-53,16860,False,10,2026-05-25,Monday,Excellent,Normal,Normal
2026-05-25 10:22:03.718141,device_012,camera,server_room,71.2,74.3,59.81,-59,16860,False,10,2026-05-25,Monday,Excellent,Normal,High
2026-05-25 10:22:03.718141,device_013,sensor,factory_floor_2,11.0,29.1,48.91,-65,16860,False,10,2026-05-25,Monday,Good,Normal,Normal
2026-05-25 10:22:03.718141,device_014,controller,server_room,24.3,41.1,51.44,-55,16860,False,10,2026-05-25,Monday,Excellent,Normal,Normal
2026-05-25 10:22:03.718141,device_015,sensor,loading_bay,13.0,34.1,43.01,-64,16860,False,10,2026-05-25,Monday,Good,Normal,Normal
2026-05-25 10:23:03.718141,device_001,gateway,warehouse_a,23.9,63.2,49.84,-50,16800,False,10,2026-05-25,Monday,Excellent,Normal,Normal
2026-05-25 10:23:03.718141,device_002,camera,factory_floor_2,65.0,66.8,63.35,-60,16800,False,10,2026-05-25,Monday,Excellent,Normal,Normal
2026-05-25 10:23:03.718141,device_003,sensor,warehouse_b,4.1,29.6,45.25,-68,16800,False,10,2026-05-25,Monday,Good,Normal,Normal
2026-05-25 10:23:03.718141,device_004,camera,warehouse_b,62.9,70.4,61.1,-61,16800,False,10,2026-05-25,Monday,Good,Normal,Normal
2026-05-25 10:23:03.718141,device_005,gateway,warehouse_a,27.1,57.8,53.19,-57,16800,False,10,2026-05-25,Monday,Excellent,Normal,Normal
2026-05-25 10:23:03.718141,device_006,sensor,factory_floor_2,11.7,33.9,39.04,-62,16800,False,10,2026-05-25,Monday,Good,Normal,Normal
2026-05-25 10:23:03.718141,device_007,sensor,warehouse_a,14.0,29.5,44.68,-55,16800,False,10,2026-05-25,Monday,Excellent,Normal,Normal
2026-05-25 10:23:03.718141,device_008,gateway,loading_bay,29.8,55.2,46.07,-53,16800,False,10,2026-05-25,Monday,Excellent,Normal,Normal
2026-05-25 10:23:03.718141,device_009,sensor,office_block,17.5,31.7,39.16,-58,16800,False,10,2026-05-25,Monday,Excellent,Normal,Normal
2026-05-25 10:23:03.718141,device_010,camera,warehouse_a,68.8,67.5,56.37,-55,16800,False,10,2026-05-25,Monday,Excellent,Normal,Normal
2026-05-25 10:23:03.718141,device_011,camera,factory_floor_1,68.0,69.1,59.1,-52,16800,False,10,2026-05-25,Monday,Excellent,Normal,Normal
2026-05-25 10:23:03.718141,device_012,camera,server_room,68.7,71.1,62.26,-57,16800,False,10,2026-05-25,Monday,Excellent,Normal,Normal
2026-05-25 10:23:03.718141,device_013,sensor,factory_floor_2,6.3,34.5,43.11,-68,16800,False,10,2026-05-25,Monday,Good,Normal,Normal
2026-05-25 10:23:03.718141,device_014,controller,server_room,20.3,44.3,46.51,-58,16800,False,10,2026-05-25,Monday,Excellent,Normal,Normal
2026-05-25 10:23:03.718141,device_015,sensor,loading_bay,3.1,31.8,41.89,-61,16800,False,10,2026-05-25,Monday,Good,Normal,Normal
2026-05-25 10:24:03.718141,device_001,gateway,warehouse_a,22.4,55.9,52.78,-52,16740,False,10,2026-05-25,Monday,Excellent,Normal,Normal
2026-05-25 10:24:03.718141,device_002,camera,factory_floor_2,68.9,71.6,59.71,-50,16740,False,10,2026-05-25,Monday,Excellent,Normal,Normal
2026-05-25 10:24:03.718141,device_003,sensor,warehouse_b,10.8,31.7,43.33,-66,16740,False,10,2026-05-25,Monday,Good,Normal,Normal
2026-05-25 10:24:03.718141,device_004,camera,warehouse_b,65.7,70.0,62.09,-53,16740,False,10,2026-05-25,Monday,Excellent,Normal,Normal
2026-05-25 10:24:03.718141,device_005,gateway,warehouse_a,17.6,63.9,52.48,-58,16740,False,10,2026-05-25,Monday,Excellent,Normal,Normal
2026-05-25 10:24:03.718141,device_006,sensor,factory_floor_2,6.2,36.5,39.82,-55,16740,False,10,2026-05-25,Monday,Excellent,Normal,Normal
2026-05-25 10:24:03.718141,device_007,sensor,warehouse_a,9.6,30.0,45.58,-65,16740,False,10,2026-05-25,Monday,Good,Normal,Normal
2026-05-25 10:24:03.718141,device_008,gateway,loading_bay,31.7,54.4,53.77,-49,16740,False,10,2026-05-25,Monday,Excellent,Normal,Normal
2026-05-25 10:24:03.718141,device_009,sensor,office_block,9.7,38.5,45.09,-59,16740,False,10,2026-05-25,Monday,Excellent,Normal,Normal
2026-05-25 10:24:03.718141,device_010,camera,warehouse_a,59.3,69.7,63.46,-51,16740,False,10,2026-05-25,Monday,Excellent,Normal,Normal
2026-05-25 10:24:03.718141,device_011,camera,factory_floor_1,65.4,69.4,61.22,-54,16740,False,10,2026-05-25,Monday,Excellent,Normal,Normal
2026-05-25 10:24:03.718141,device_012,camera,server_room,71.0,65.5,60.75,-50,16740,False,10,2026-05-25,Monday,Excellent,Normal,High
2026-05-25 10:24:03.718141,device_013,sensor,factory_floor_2,6.0,39.9,42.54,-57,16740,False,10,2026-05-25,Monday,Excellent,Normal,Normal
2026-05-25 10:24:03.718141,device_014,controller,server_room,21.0,54.9,45.45,-55,16740,False,10,2026-05-25,Monday,Excellent,Normal,Normal
2026-05-25 10:24:03.718141,device_015,sensor,loading_bay,9.3,34.4,45.83,-56,16740,False,10,2026-05-25,Monday,Excellent,Normal,Normal
2026-05-25 10:25:03.718141,device_001,gateway,warehouse_a,30.7,59.9,54.52,-61,16680,False,10,2026-05-25,Monday,Good,Normal,Normal
2026-05-25 10:25:03.718141,device_002,camera,factory_floor_2,70.3,68.7,63.62,-59,16680,False,10,2026-05-25,Monday,Excellent,Normal,High
2026-05-25 10:25:03.718141,device_003,sensor,warehouse_b,5.1,38.7,43.0,-62,16680,False,10,2026-05-25,Monday,Good,Normal,Normal
2026-05-25 10:25:03.718141,device_004,camera,warehouse_b,63.9,75.8,64.2,-57,16680,False,10,2026-05-25,Monday,Excellent,Normal,Normal
2026-05-25 10:25:03.718141,device_005,gateway,warehouse_a,23.4,54.4,49.49,-49,16680,False,10,2026-05-25,Monday,Excellent,Normal,Normal
2026-05-25 10:25:03.718141,device_006,sensor,factory_floor_2,9.5,40.4,40.43,-55,16680,False,10,2026-05-25,Monday,Excellent,Normal,Normal
2026-05-25 10:25:03.718141,device_007,sensor,warehouse_a,10.1,29.3,42.12,-67,16680,False,10,2026-05-25,Monday,Good,Normal,Normal
2026-05-25 10:25:03.718141,device_008,gateway,loading_bay,21.4,46.5,52.84,-55,16680,False,10,2026-05-25,Monday,Excellent,Normal,Normal
2026-05-25 10:25:03.718141,device_009,sensor,office_block,13.1,48.0,41.53,-59,16680,False,10,2026-05-25,Monday,Excellent,Normal,Normal
2026-05-25 10:25:03.718141,device_010,camera,warehouse_a,76.5,69.6,60.46,-65,16680,False,10,2026-05-25,Monday,Good,Normal,High
2026-05-25 10:25:03.718141,device_011,camera,factory_floor_1,70.0,63.4,66.11,-52,16680,False,10,2026-05-25,Monday,Excellent,Normal,Normal
2026-05-25 10:25:03.718141,device_012,camera,server_room,56.1,72.3,59.13,-53,16680,False,10,2026-05-25,Monday,Excellent,Normal,Normal
2026-05-25 10:25:03.718141,device_013,sensor,factory_floor_2,10.5,30.2,45.21,-63,16680,False,10,2026-05-25,Monday,Good,Normal,Normal
2026-05-25 10:25:03.718141,device_014,controller,server_room,6.4,41.7,50.57,-67,16680,False,10,2026-05-25,Monday,Good,Normal,Normal
2026-05-25 10:25:03.718141,device_015,sensor,loading_bay,1.0,38.2,42.44,-59,16680,False,10,2026-05-25,Monday,Excellent,Normal,Normal
2026-05-25 10:26:03.718141,device_001,gateway,warehouse_a,27.4,54.4,50.63,-61,16620,False,10,2026-05-25,Monday,Good,Normal,Normal
2026-05-25 10:26:03.718141,device_002,camera,factory_floor_2,63.1,67.1,56.96,-63,16620,False,10,2026-05-25,Monday,Good,Normal,Normal
2026-05-25 10:26:03.718141,device_003,sensor,warehouse_b,10.6,35.7,42.97,-63,16620,False,10,2026-05-25,Monday,Good,Normal,Normal
2026-05-25 10:26:03.718141,device_004,camera,warehouse_b,60.0,61.3,60.46,-55,16620,False,10,2026-05-25,Monday,Excellent,Normal,Normal
2026-05-25 10:26:03.718141,device_005,gateway,warehouse_a,28.9,49.1,56.29,-50,16620,False,10,2026-05-25,Monday,Excellent,Normal,Normal
2026-05-25 10:26:03.718141,device_006,sensor,factory_floor_2,5.1,40.0,42.99,-66,16620,False,10,2026-05-25,Monday,Good,Normal,Normal
2026-05-25 10:26:03.718141,device_007,sensor,warehouse_a,5.8,27.1,39.92,-64,16620,False,10,2026-05-25,Monday,Good,Normal,Normal
2026-05-25 10:26:03.718141,device_008,gateway,loading_bay,28.5,56.1,58.13,-52,16620,False,10,2026-05-25,Monday,Excellent,Normal,Normal
2026-05-25 10:26:03.718141,device_009,sensor,office_block,7.9,35.0,42.97,-65,16620,False,10,2026-05-25,Monday,Good,Normal,Normal
2026-05-25 10:26:03.718141,device_010,camera,warehouse_a,60.9,70.9,63.47,-57,16620,False,10,2026-05-25,Monday,Excellent,Normal,Normal
2026-05-25 10:26:03.718141,device_011,camera,factory_floor_1,65.1,75.2,58.07,-58,16620,False,10,2026-05-25,Monday,Excellent,Normal,Normal
2026-05-25 10:26:03.718141,device_012,camera,server_room,68.3,74.0,59.34,-50,16620,False,10,2026-05-25,Monday,Excellent,Normal,Normal
2026-05-25 10:26:03.718141,device_013,sensor,factory_floor_2,5.5,32.0,39.65,-67,16620,False,10,2026-05-25,Monday,Good,Normal,Normal
2026-05-25 10:26:03.718141,device_014,controller,server_room,9.1,37.7,49.41,-55,16620,False,10,2026-05-25,Monday,Excellent,Normal,Normal
2026-05-25 10:26:03.718141,device_015,sensor,loading_bay,1.9,34.7,35.77,-62,16620,False,10,2026-05-25,Monday,Good,Normal,Normal
2026-05-25 10:27:03.718141,device_001,gateway,warehouse_a,27.2,50.8,51.02,-59,16560,False,10,2026-05-25,Monday,Excellent,Normal,Normal
2026-05-25 10:27:03.718141,device_002,camera,factory_floor_2,59.1,67.8,62.39,-62,16560,False,10,2026-05-25,Monday,Good,Normal,Normal
2026-05-25 10:27:03.718141,device_003,sensor,warehouse_b,9.6,35.7,39.34,-60,16560,False,10,2026-05-25,Monday,Excellent,Normal,Normal
2026-05-25 10:27:03.718141,device_004,camera,warehouse_b,71.5,68.4,62.76,-54,16560,False,10,2026-05-25,Monday,Excellent,Normal,High
2026-05-25 10:27:03.718141,device_005,gateway,warehouse_a,29.3,55.0,51.28,-55,16560,False,10,2026-05-25,Monday,Excellent,Normal,Normal
2026-05-25 10:27:03.718141,device_006,sensor,factory_floor_2,6.4,35.8,41.51,-58,16560,False,10,2026-05-25,Monday,Excellent,Normal,Normal
2026-05-25 10:27:03.718141,device_007,sensor,warehouse_a,3.0,29.4,38.95,-68,16560,False,10,2026-05-25,Monday,Good,Normal,Normal
2026-05-25 10:27:03.718141,device_008,gateway,loading_bay,20.0,55.6,48.35,-55,16560,False,10,2026-05-25,Monday,Excellent,Normal,Normal
2026-05-25 10:27:03.718141,device_009,sensor,office_block,3.5,35.1,43.54,-59,16560,False,10,2026-05-25,Monday,Excellent,Normal,Normal
2026-05-25 10:27:03.718141,device_010,camera,warehouse_a,55.2,73.2,62.96,-51,16560,False,10,2026-05-25,Monday,Excellent,Normal,Normal
2026-05-25 10:27:03.718141,device_011,camera,factory_floor_1,60.0,66.6,62.26,-66,16560,False,10,2026-05-25,Monday,Good,Normal,Normal
2026-05-25 10:27:03.718141,device_012,camera,server_room,65.5,62.8,57.21,-64,16560,False,10,2026-05-25,Monday,Good,Normal,Normal
2026-05-25 10:27:03.718141,device_013,sensor,factory_floor_2,6.1,33.4,41.63,-56,16560,False,10,2026-05-25,Monday,Excellent,Normal,Normal
2026-05-25 10:27:03.718141,device_014,controller,server_room,12.1,46.1,46.8,-57,16560,False,10,2026-05-25,Monday,Excellent,Normal,Normal
2026-05-25 10:27:03.718141,device_015,sensor,loading_bay,7.8,32.3,42.55,-58,16560,False,10,2026-05-25,Monday,Excellent,Normal,Normal
2026-05-25 10:28:03.718141,device_001,gateway,warehouse_a,33.9,57.0,48.47,-50,16500,False,10,2026-05-25,Monday,Excellent,Normal,Normal
2026-05-25 10:28:03.718141,device_002,camera,factory_floor_2,70.9,69.2,62.44,-51,16500,False,10,2026-05-25,Monday,Excellent,Normal,High
2026-05-25 10:28:03.718141,device_003,sensor,warehouse_b,5.4,29.3,45.11,-61,16500,False,10,2026-05-25,Monday,Good,Normal,Normal
2026-05-25 10:28:03.718141,device_004,camera,warehouse_b,60.1,75.0,59.81,-62,16500,False,10,2026-05-25,Monday,Good,Normal,Normal
2026-05-25 10:28:03.718141,device_005,gateway,warehouse_a,29.9,53.8,49.1,-48,16500,False,10,2026-05-25,Monday,Excellent,Normal,Normal
2026-05-25 10:28:03.718141,device_006,sensor,factory_floor_2,4.9,38.9,39.87,-69,16500,False,10,2026-05-25,Monday,Good,Normal,Normal
2026-05-25 10:28:03.718141,device_007,sensor,warehouse_a,1.1,38.3,46.83,-56,16500,False,10,2026-05-25,Monday,Excellent,Normal,Normal
2026-05-25 10:28:03.718141,device_008,gateway,loading_bay,63.5,54.4,70.61,-58,16500,True,10,2026-05-25,Monday,Excellent,Warning,Normal
2026-05-25 10:28:03.718141,device_009,sensor,office_block,1.0,37.0,40.43,-70,16500,False,10,2026-05-25,Monday,Good,Normal,Normal
2026-05-25 10:28:03.718141,device_010,camera,warehouse_a,71.5,68.5,57.68,-53,16500,False,10,2026-05-25,Monday,Excellent,Normal,High
2026-05-25 10:28:03.718141,device_011,camera,factory_floor_1,64.2,72.4,56.81,-62,16500,False,10,2026-05-25,Monday,Good,Normal,Normal
2026-05-25 10:28:03.718141,device_012,camera,server_room,61.4,68.2,60.41,-57,16500,False,10,2026-05-25,Monday,Excellent,Normal,Normal
2026-05-25 10:28:03.718141,device_013,sensor,factory_floor_2,4.1,34.1,41.98,-62,16500,False,10,2026-05-25,Monday,Good,Normal,Normal
2026-05-25 10:28:03.718141,device_014,controller,server_room,16.1,46.3,45.81,-57,16500,False,10,2026-05-25,Monday,Excellent,Normal,Normal
2026-05-25 10:28:03.718141,device_015,sensor,loading_bay,16.3,39.0,42.42,-59,16500,False,10,2026-05-25,Monday,Excellent,Normal,Normal
2026-05-25 10:29:03.718141,device_001,gateway,warehouse_a,21.0,50.6,52.47,-58,16440,False,10,2026-05-25,Monday,Excellent,Normal,Normal
2026-05-25 10:29:03.718141,device_002,camera,factory_floor_2,57.6,74.8,58.78,-57,16440,False,10,2026-05-25,Monday,Excellent,Normal,Normal
2026-05-25 10:29:03.718141,device_003,sensor,warehouse_b,12.8,28.9,42.73,-63,16440,False,10,2026-05-25,Monday,Good,Normal,Normal
2026-05-25 10:29:03.718141,device_004,camera,warehouse_b,64.0,70.7,61.91,-64,16440,False,10,2026-05-25,Monday,Good,Normal,Normal
2026-05-25 10:29:03.718141,device_005,gateway,warehouse_a,18.8,54.7,49.33,-63,16440,False,10,2026-05-25,Monday,Good,Normal,Normal
2026-05-25 10:29:03.718141,device_006,sensor,factory_floor_2,10.7,34.4,35.41,-68,16440,False,10,2026-05-25,Monday,Good,Normal,Normal
2026-05-25 10:29:03.718141,device_007,sensor,warehouse_a,8.7,37.8,44.55,-63,16440,False,10,2026-05-25,Monday,Good,Normal,Normal
2026-05-25 10:29:03.718141,device_008,gateway,loading_bay,30.9,47.4,49.6,-49,16440,False,10,2026-05-25,Monday,Excellent,Normal,Normal
2026-05-25 10:29:03.718141,device_009,sensor,office_block,36.0,40.6,65.0,-60,16440,True,10,2026-05-25,Monday,Excellent,Normal,Normal
2026-05-25 10:29:03.718141,device_010,camera,warehouse_a,68.6,71.5,62.29,-53,16440,False,10,2026-05-25,Monday,Excellent,Normal,Normal
2026-05-25 10:29:03.718141,device_011,camera,factory_floor_1,62.2,76.7,60.61,-51,16440,False,10,2026-05-25,Monday,Excellent,Normal,Normal
2026-05-25 10:29:03.718141,device_012,camera,server_room,60.3,68.7,65.84,-54,16440,False,10,2026-05-25,Monday,Excellent,Normal,Normal
2026-05-25 10:29:03.718141,device_013,sensor,factory_floor_2,14.6,37.3,37.78,-67,16440,False,10,2026-05-25,Monday,Good,Normal,Normal
2026-05-25 10:29:03.718141,device_014,controller,server_room,14.3,45.9,43.75,-57,16440,False,10,2026-05-25,Monday,Excellent,Normal,Normal
2026-05-25 10:29:03.718141,device_015,sensor,loading_bay,13.0,29.0,39.47,-66,16440,False,10,2026-05-25,Monday,Good,Normal,Normal
2026-05-25 10:30:03.718141,device_001,gateway,warehouse_a,27.5,57.2,51.74,-59,16380,False,10,2026-05-25,Monday,Excellent,Normal,Normal
2026-05-25 10:30:03.718141,device_002,camera,factory_floor_2,69.7,77.4,60.82,-62,16380,False,10,2026-05-25,Monday,Good,Normal,Normal
2026-05-25 10:30:03.718141,device_003,sensor,warehouse_b,9.1,28.6,40.96,-70,16380,False,10,2026-05-25,Monday,Good,Normal,Normal
2026-05-25 10:30:03.718141,device_004,camera,warehouse_b,63.7,73.8,59.99,-61,16380,False,10,2026-05-25,Monday,Good,Normal,Normal
2026-05-25 10:30:03.718141,device_005,gateway,warehouse_a,30.3,55.7,48.46,-57,16380,False,10,2026-05-25,Monday,Excellent,Normal,Normal
2026-05-25 10:30:03.718141,device_006,sensor,factory_floor_2,11.4,38.6,46.58,-66,16380,False,10,2026-05-25,Monday,Good,Normal,Normal
2026-05-25 10:30:03.718141,device_007,sensor,warehouse_a,11.8,36.6,42.18,-56,16380,False,10,2026-05-25,Monday,Excellent,Normal,Normal
2026-05-25 10:30:03.718141,device_008,gateway,loading_bay,34.2,53.6,48.0,-61,16380,False,10,2026-05-25,Monday,Good,Normal,Normal
2026-05-25 10:30:03.718141,device_009,sensor,office_block,4.1,39.9,43.14,-66,16380,False,10,2026-05-25,Monday,Good,Normal,Normal
2026-05-25 10:30:03.718141,device_010,camera,warehouse_a,62.0,68.4,53.83,-54,16380,False,10,2026-05-25,Monday,Excellent,Normal,Normal
2026-05-25 10:30:03.718141,device_011,camera,factory_floor_1,69.6,71.7,62.61,-53,16380,False,10,2026-05-25,Monday,Excellent,Normal,Normal
2026-05-25 10:30:03.718141,device_012,camera,server_room,63.6,72.1,57.16,-62,16380,False,10,2026-05-25,Monday,Good,Normal,Normal
2026-05-25 10:30:03.718141,device_013,sensor,factory_floor_2,3.8,37.3,48.55,-68,16380,False,10,2026-05-25,Monday,Good,Normal,Normal
2026-05-25 10:30:03.718141,device_014,controller,server_room,15.1,44.6,46.17,-59,16380,False,10,2026-05-25,Monday,Excellent,Normal,Normal
2026-05-25 10:30:03.718141,device_015,sensor,loading_bay,6.8,35.7,45.35,-70,16380,False,10,2026-05-25,Monday,Good,Normal,Normal
2026-05-25 10:31:03.718141,device_001,gateway,warehouse_a,24.3,55.2,57.67,-54,16320,False,10,2026-05-25,Monday,Excellent,Normal,Normal
2026-05-25 10:31:03.718141,device_002,camera,factory_floor_2,68.8,71.5,59.18,-50,16320,False,10,2026-05-25,Monday,Excellent,Normal,Normal
2026-05-25 10:31:03.718141,device_003,sensor,warehouse_b,9.6,43.1,36.33,-58,16320,False,10,2026-05-25,Monday,Excellent,Normal,Normal
2026-05-25 10:31:03.718141,device_004,camera,warehouse_b,71.5,65.6,59.81,-65,16320,False,10,2026-05-25,Monday,Good,Normal,High
2026-05-25 10:31:03.718141,device_005,gateway,warehouse_a,29.7,56.4,52.26,-56,16320,False,10,2026-05-25,Monday,Excellent,Normal,Normal
2026-05-25 10:31:03.718141,device_006,sensor,factory_floor_2,9.0,40.8,43.52,-67,16320,False,10,2026-05-25,Monday,Good,Normal,Normal
2026-05-25 10:31:03.718141,device_007,sensor,warehouse_a,10.8,40.5,38.85,-68,16320,False,10,2026-05-25,Monday,Good,Normal,Normal
2026-05-25 10:31:03.718141,device_008,gateway,loading_bay,36.2,50.5,61.46,-63,16320,False,10,2026-05-25,Monday,Good,Normal,Normal
2026-05-25 10:31:03.718141,device_009,sensor,office_block,9.2,37.2,35.75,-60,16320,False,10,2026-05-25,Monday,Excellent,Normal,Normal
2026-05-25 10:31:03.718141,device_010,camera,warehouse_a,62.3,66.9,66.77,-53,16320,False,10,2026-05-25,Monday,Excellent,Normal,Normal
2026-05-25 10:31:03.718141,device_011,camera,factory_floor_1,56.6,62.1,59.59,-61,16320,False,10,2026-05-25,Monday,Good,Normal,Normal
2026-05-25 10:31:03.718141,device_012,camera,server_room,68.8,70.1,54.8,-64,16320,False,10,2026-05-25,Monday,Good,Normal,Normal
2026-05-25 10:31:03.718141,device_013,sensor,factory_floor_2,27.6,41.6,61.04,-68,16320,True,10,2026-05-25,Monday,Good,Normal,Normal
2026-05-25 10:31:03.718141,device_014,controller,server_room,49.8,44.9,65.41,-62,16320,True,10,2026-05-25,Monday,Good,Normal,Normal
2026-05-25 10:31:03.718141,device_015,sensor,loading_bay,8.1,29.5,43.42,-69,16320,False,10,2026-05-25,Monday,Good,Normal,Normal
2026-05-25 10:32:03.718141,device_001,gateway,warehouse_a,31.0,52.5,43.89,-51,16260,False,10,2026-05-25,Monday,Excellent,Normal,Normal
2026-05-25 10:32:03.718141,device_002,camera,factory_floor_2,62.6,70.1,62.9,-50,16260,False,10,2026-05-25,Monday,Excellent,Normal,Normal
2026-05-25 10:32:03.718141,device_003,sensor,warehouse_b,1.0,35.8,39.05,-57,16260,False,10,2026-05-25,Monday,Excellent,Normal,Normal
2026-05-25 10:32:03.718141,device_004,camera,warehouse_b,64.6,68.1,59.26,-64,16260,False,10,2026-05-25,Monday,Good,Normal,Normal
2026-05-25 10:32:03.718141,device_005,gateway,warehouse_a,31.5,54.6,50.45,-59,16260,False,10,2026-05-25,Monday,Excellent,Normal,Normal
2026-05-25 10:32:03.718141,device_006,sensor,factory_floor_2,18.8,27.6,37.73,-61,16260,False,10,2026-05-25,Monday,Good,Normal,Normal
2026-05-25 10:32:03.718141,device_007,sensor,warehouse_a,11.9,33.7,39.96,-64,16260,False,10,2026-05-25,Monday,Good,Normal,Normal
2026-05-25 10:32:03.718141,device_008,gateway,loading_bay,24.1,61.4,51.22,-59,16260,False,10,2026-05-25,Monday,Excellent,Normal,Normal
2026-05-25 10:32:03.718141,device_009,sensor,office_block,12.0,29.3,44.59,-58,16260,False,10,2026-05-25,Monday,Excellent,Normal,Normal
2026-05-25 10:32:03.718141,device_010,camera,warehouse_a,59.2,66.8,52.48,-64,16260,False,10,2026-05-25,Monday,Good,Normal,Normal
2026-05-25 10:32:03.718141,device_011,camera,factory_floor_1,69.8,69.1,62.55,-53,16260,False,10,2026-05-25,Monday,Excellent,Normal,Normal
2026-05-25 10:32:03.718141,device_012,camera,server_room,64.9,70.8,58.93,-59,16260,False,10,2026-05-25,Monday,Excellent,Normal,Normal
2026-05-25 10:32:03.718141,device_013,sensor,factory_floor_2,11.8,36.2,37.15,-68,16260,False,10,2026-05-25,Monday,Good,Normal,Normal
2026-05-25 10:32:03.718141,device_014,controller,server_room,22.7,47.8,46.75,-65,16260,False,10,2026-05-25,Monday,Good,Normal,Normal
2026-05-25 10:32:03.718141,device_015,sensor,loading_bay,22.1,36.6,41.69,-69,16260,False,10,2026-05-25,Monday,Good,Normal,Normal
2026-05-25 10:33:03.718141,device_001,gateway,warehouse_a,24.3,56.8,52.54,-58,16200,False,10,2026-05-25,Monday,Excellent,Normal,Normal
2026-05-25 10:33:03.718141,device_002,camera,factory_floor_2,66.0,70.8,57.94,-62,16200,False,10,2026-05-25,Monday,Good,Normal,Normal
2026-05-25 10:33:03.718141,device_003,sensor,warehouse_b,15.3,38.8,43.35,-65,16200,False,10,2026-05-25,Monday,Good,Normal,Normal
2026-05-25 10:33:03.718141,device_004,camera,warehouse_b,63.8,71.1,63.25,-55,16200,False,10,2026-05-25,Monday,Excellent,Normal,Normal
2026-05-25 10:33:03.718141,device_005,gateway,warehouse_a,23.2,51.0,52.96,-55,16200,False,10,2026-05-25,Monday,Excellent,Normal,Normal
2026-05-25 10:33:03.718141,device_006,sensor,factory_floor_2,4.8,36.2,42.57,-66,16200,False,10,2026-05-25,Monday,Good,Normal,Normal
2026-05-25 10:33:03.718141,device_007,sensor,warehouse_a,2.1,37.3,45.16,-62,16200,False,10,2026-05-25,Monday,Good,Normal,Normal
2026-05-25 10:33:03.718141,device_008,gateway,loading_bay,24.5,54.4,47.39,-60,16200,False,10,2026-05-25,Monday,Excellent,Normal,Normal
2026-05-25 10:33:03.718141,device_009,sensor,office_block,5.8,33.5,42.34,-70,16200,False,10,2026-05-25,Monday,Good,Normal,Normal
2026-05-25 10:33:03.718141,device_010,camera,warehouse_a,55.0,68.8,59.83,-53,16200,False,10,2026-05-25,Monday,Excellent,Normal,Normal
2026-05-25 10:33:03.718141,device_011,camera,factory_floor_1,68.2,76.7,58.91,-64,16200,False,10,2026-05-25,Monday,Good,Normal,Normal
2026-05-25 10:33:03.718141,device_012,camera,server_room,55.4,69.1,64.93,-64,16200,False,10,2026-05-25,Monday,Good,Normal,Normal
2026-05-25 10:33:03.718141,device_013,sensor,factory_floor_2,12.3,39.6,42.24,-54,16200,False,10,2026-05-25,Monday,Excellent,Normal,Normal
2026-05-25 10:33:03.718141,device_014,controller,server_room,16.1,50.7,44.7,-53,16200,False,10,2026-05-25,Monday,Excellent,Normal,Normal
2026-05-25 10:33:03.718141,device_015,sensor,loading_bay,7.4,39.9,42.66,-65,16200,False,10,2026-05-25,Monday,Good,Normal,Normal
2026-05-25 10:34:03.718141,device_001,gateway,warehouse_a,22.8,52.6,53.79,-55,16140,False,10,2026-05-25,Monday,Excellent,Normal,Normal
2026-05-25 10:34:03.718141,device_002,camera,factory_floor_2,64.3,64.0,61.22,-63,16140,False,10,2026-05-25,Monday,Good,Normal,Normal
2026-05-25 10:34:03.718141,device_003,sensor,warehouse_b,4.1,38.5,46.05,-54,16140,False,10,2026-05-25,Monday,Excellent,Normal,Normal
2026-05-25 10:34:03.718141,device_004,camera,warehouse_b,94.7,68.8,81.73,-66,16140,True,10,2026-05-25,Monday,Good,Critical,Critical
2026-05-25 10:34:03.718141,device_005,gateway,warehouse_a,34.8,55.9,51.4,-48,16140,False,10,2026-05-25,Monday,Excellent,Normal,Normal
2026-05-25 10:34:03.718141,device_006,sensor,factory_floor_2,13.7,41.2,39.67,-66,16140,False,10,2026-05-25,Monday,Good,Normal,Normal
2026-05-25 10:34:03.718141,device_007,sensor,warehouse_a,1.0,33.5,46.89,-69,16140,False,10,2026-05-25,Monday,Good,Normal,Normal
2026-05-25 10:34:03.718141,device_008,gateway,loading_bay,26.8,53.2,46.33,-50,16140,False,10,2026-05-25,Monday,Excellent,Normal,Normal
2026-05-25 10:34:03.718141,device_009,sensor,office_block,2.8,34.5,40.18,-63,16140,False,10,2026-05-25,Monday,Good,Normal,Normal
2026-05-25 10:34:03.718141,device_010,camera,warehouse_a,69.8,71.2,61.62,-56,16140,False,10,2026-05-25,Monday,Excellent,Normal,Normal
2026-05-25 10:34:03.718141,device_011,camera,factory_floor_1,59.5,77.2,58.36,-64,16140,False,10,2026-05-25,Monday,Good,Normal,Normal
2026-05-25 10:34:03.718141,device_012,camera,server_room,61.3,69.0,65.97,-63,16140,False,10,2026-05-25,Monday,Good,Normal,Normal
2026-05-25 10:34:03.718141,device_013,sensor,factory_floor_2,8.0,40.1,45.21,-69,16140,False,10,2026-05-25,Monday,Good,Normal,Normal
2026-05-25 10:34:03.718141,device_014,controller,server_room,17.4,44.8,46.84,-52,16140,False,10,2026-05-25,Monday,Excellent,Normal,Normal
2026-05-25 10:34:03.718141,device_015,sensor,loading_bay,9.7,35.0,44.67,-58,16140,False,10,2026-05-25,Monday,Excellent,Normal,Normal
2026-05-25 10:35:03.718141,device_001,gateway,warehouse_a,31.1,56.5,56.92,-49,16080,False,10,2026-05-25,Monday,Excellent,Normal,Normal
2026-05-25 10:35:03.718141,device_002,camera,factory_floor_2,66.6,59.5,56.44,-57,16080,False,10,2026-05-25,Monday,Excellent,Normal,Normal
2026-05-25 10:35:03.718141,device_003,sensor,warehouse_b,9.9,32.9,41.72,-56,16080,False,10,2026-05-25,Monday,Excellent,Normal,Normal
2026-05-25 10:35:03.718141,device_004,camera,warehouse_b,96.2,74.5,80.82,-60,16080,True,10,2026-05-25,Monday,Excellent,Critical,Critical
2026-05-25 10:35:03.718141,device_005,gateway,warehouse_a,28.4,59.0,49.76,-54,16080,False,10,2026-05-25,Monday,Excellent,Normal,Normal
2026-05-25 10:35:03.718141,device_006,sensor,factory_floor_2,6.9,33.1,43.58,-63,16080,False,10,2026-05-25,Monday,Good,Normal,Normal
2026-05-25 10:35:03.718141,device_007,sensor,warehouse_a,4.8,35.1,42.25,-55,16080,False,10,2026-05-25,Monday,Excellent,Normal,Normal
2026-05-25 10:35:03.718141,device_008,gateway,loading_bay,30.4,47.7,51.19,-57,16080,False,10,2026-05-25,Monday,Excellent,Normal,Normal
2026-05-25 10:35:03.718141,device_009,sensor,office_block,5.8,33.8,44.38,-63,16080,False,10,2026-05-25,Monday,Good,Normal,Normal
2026-05-25 10:35:03.718141,device_010,camera,warehouse_a,63.8,67.2,63.96,-53,16080,False,10,2026-05-25,Monday,Excellent,Normal,Normal
2026-05-25 10:35:03.718141,device_011,camera,factory_floor_1,57.3,68.1,60.52,-55,16080,False,10,2026-05-25,Monday,Excellent,Normal,Normal
2026-05-25 10:35:03.718141,device_012,camera,server_room,60.2,72.0,60.47,-66,16080,False,10,2026-05-25,Monday,Good,Normal,Normal
2026-05-25 10:35:03.718141,device_013,sensor,factory_floor_2,8.0,42.3,42.92,-70,16080,False,10,2026-05-25,Monday,Good,Normal,Normal
2026-05-25 10:35:03.718141,device_014,controller,server_room,16.3,43.0,48.84,-56,16080,False,10,2026-05-25,Monday,Excellent,Normal,Normal
2026-05-25 10:35:03.718141,device_015,sensor,loading_bay,3.8,33.1,40.25,-61,16080,False,10,2026-05-25,Monday,Good,Normal,Normal
2026-05-25 10:36:03.718141,device_001,gateway,warehouse_a,29.8,52.1,59.05,-47,16020,False,10,2026-05-25,Monday,Excellent,Normal,Normal
2026-05-25 10:36:03.718141,device_002,camera,factory_floor_2,62.9,71.6,60.81,-53,16020,False,10,2026-05-25,Monday,Excellent,Normal,Normal
2026-05-25 10:36:03.718141,device_003,sensor,warehouse_b,9.3,25.3,45.85,-69,16020,False,10,2026-05-25,Monday,Good,Normal,Normal
2026-05-25 10:36:03.718141,device_004,camera,warehouse_b,53.1,74.4,59.51,-62,16020,False,10,2026-05-25,Monday,Good,Normal,Normal
2026-05-25 10:36:03.718141,device_005,gateway,warehouse_a,20.2,57.3,42.98,-61,16020,False,10,2026-05-25,Monday,Good,Normal,Normal
2026-05-25 10:36:03.718141,device_006,sensor,factory_floor_2,9.2,31.1,38.73,-63,16020,False,10,2026-05-25,Monday,Good,Normal,Normal
2026-05-25 10:36:03.718141,device_007,sensor,warehouse_a,3.2,32.5,42.33,-54,16020,False,10,2026-05-25,Monday,Excellent,Normal,Normal
2026-05-25 10:36:03.718141,device_008,gateway,loading_bay,30.5,51.6,43.44,-52,16020,False,10,2026-05-25,Monday,Excellent,Normal,Normal
2026-05-25 10:36:03.718141,device_009,sensor,office_block,2.4,32.8,41.23,-68,16020,False,10,2026-05-25,Monday,Good,Normal,Normal
2026-05-25 10:36:03.718141,device_010,camera,warehouse_a,69.0,70.2,55.42,-50,16020,False,10,2026-05-25,Monday,Excellent,Normal,Normal
2026-05-25 10:36:03.718141,device_011,camera,factory_floor_1,67.8,68.1,66.57,-54,16020,False,10,2026-05-25,Monday,Excellent,Normal,Normal
2026-05-25 10:36:03.718141,device_012,camera,server_room,66.6,60.4,55.59,-65,16020,False,10,2026-05-25,Monday,Good,Normal,Normal
2026-05-25 10:36:03.718141,device_013,sensor,factory_floor_2,12.2,39.7,41.98,-66,16020,False,10,2026-05-25,Monday,Good,Normal,Normal
2026-05-25 10:36:03.718141,device_014,controller,server_room,11.1,52.5,49.56,-60,16020,False,10,2026-05-25,Monday,Excellent,Normal,Normal
2026-05-25 10:36:03.718141,device_015,sensor,loading_bay,10.1,35.0,42.83,-58,16020,False,10,2026-05-25,Monday,Excellent,Normal,Normal
2026-05-25 10:37:03.718141,device_001,gateway,warehouse_a,20.1,52.6,56.07,-53,15960,False,10,2026-05-25,Monday,Excellent,Normal,Normal
2026-05-25 10:37:03.718141,device_002,camera,factory_floor_2,67.5,65.3,56.31,-58,15960,False,10,2026-05-25,Monday,Excellent,Normal,Normal
2026-05-25 10:37:03.718141,device_003,sensor,warehouse_b,15.2,40.8,40.96,-64,15960,False,10,2026-05-25,Monday,Good,Normal,Normal
2026-05-25 10:37:03.718141,device_004,camera,warehouse_b,64.6,73.6,55.47,-63,15960,False,10,2026-05-25,Monday,Good,Normal,Normal
2026-05-25 10:37:03.718141,device_005,gateway,warehouse_a,25.1,55.1,54.1,-58,15960,False,10,2026-05-25,Monday,Excellent,Normal,Normal
2026-05-25 10:37:03.718141,device_006,sensor,factory_floor_2,1.0,43.8,42.49,-60,15960,False,10,2026-05-25,Monday,Excellent,Normal,Normal
2026-05-25 10:37:03.718141,device_007,sensor,warehouse_a,10.5,39.3,41.83,-59,15960,False,10,2026-05-25,Monday,Excellent,Normal,Normal
2026-05-25 10:37:03.718141,device_008,gateway,loading_bay,29.1,50.6,52.63,-57,15960,False,10,2026-05-25,Monday,Excellent,Normal,Normal
2026-05-25 10:37:03.718141,device_009,sensor,office_block,9.2,31.7,45.11,-56,15960,False,10,2026-05-25,Monday,Excellent,Normal,Normal
2026-05-25 10:37:03.718141,device_010,camera,warehouse_a,72.1,66.4,60.72,-63,15960,False,10,2026-05-25,Monday,Good,Normal,High
2026-05-25 10:37:03.718141,device_011,camera,factory_floor_1,70.0,73.0,60.14,-57,15960,False,10,2026-05-25,Monday,Excellent,Normal,Normal
2026-05-25 10:37:03.718141,device_012,camera,server_room,63.5,72.0,60.82,-65,15960,False,10,2026-05-25,Monday,Good,Normal,Normal
2026-05-25 10:37:03.718141,device_013,sensor,factory_floor_2,9.5,30.5,36.01,-60,15960,False,10,2026-05-25,Monday,Excellent,Normal,Normal
2026-05-25 10:37:03.718141,device_014,controller,server_room,22.6,42.9,47.6,-61,15960,False,10,2026-05-25,Monday,Good,Normal,Normal
2026-05-25 10:37:03.718141,device_015,sensor,loading_bay,1.2,26.9,38.76,-58,15960,False,10,2026-05-25,Monday,Excellent,Normal,Normal
2026-05-25 10:38:03.718141,device_001,gateway,warehouse_a,27.5,51.1,50.2,-54,15900,False,10,2026-05-25,Monday,Excellent,Normal,Normal
2026-05-25 10:38:03.718141,device_002,camera,factory_floor_2,64.7,78.4,62.09,-61,15900,False,10,2026-05-25,Monday,Good,Normal,Normal
2026-05-25 10:38:03.718141,device_003,sensor,warehouse_b,1.0,38.9,45.48,-58,15900,False,10,2026-05-25,Monday,Excellent,Normal,Normal
2026-05-25 10:38:03.718141,device_004,camera,warehouse_b,61.1,68.2,61.61,-59,15900,False,10,2026-05-25,Monday,Excellent,Normal,Normal
2026-05-25 10:38:03.718141,device_005,gateway,warehouse_a,28.9,57.4,56.53,-60,15900,False,10,2026-05-25,Monday,Excellent,Normal,Normal
2026-05-25 10:38:03.718141,device_006,sensor,factory_floor_2,10.5,29.1,40.71,-66,15900,False,10,2026-05-25,Monday,Good,Normal,Normal
2026-05-25 10:38:03.718141,device_007,sensor,warehouse_a,7.0,28.9,45.62,-69,15900,False,10,2026-05-25,Monday,Good,Normal,Normal
2026-05-25 10:38:03.718141,device_008,gateway,loading_bay,22.7,51.1,52.38,-56,15900,False,10,2026-05-25,Monday,Excellent,Normal,Normal
2026-05-25 10:38:03.718141,device_009,sensor,office_block,4.0,29.5,40.73,-58,15900,False,10,2026-05-25,Monday,Excellent,Normal,Normal
2026-05-25 10:38:03.718141,device_010,camera,warehouse_a,60.1,64.8,63.11,-64,15900,False,10,2026-05-25,Monday,Good,Normal,Normal
2026-05-25 10:38:03.718141,device_011,camera,factory_floor_1,57.0,72.9,59.11,-58,15900,False,10,2026-05-25,Monday,Excellent,Normal,Normal
2026-05-25 10:38:03.718141,device_012,camera,server_room,64.0,70.2,59.61,-64,15900,False,10,2026-05-25,Monday,Good,Normal,Normal
2026-05-25 10:38:03.718141,device_013,sensor,factory_floor_2,1.0,36.5,43.48,-68,15900,False,10,2026-05-25,Monday,Good,Normal,Normal
2026-05-25 10:38:03.718141,device_014,controller,server_room,16.0,40.5,51.02,-54,15900,False,10,2026-05-25,Monday,Excellent,Normal,Normal
2026-05-25 10:38:03.718141,device_015,sensor,loading_bay,13.6,33.7,42.46,-68,15900,False,10,2026-05-25,Monday,Good,Normal,Normal
2026-05-25 10:39:03.718141,device_001,gateway,warehouse_a,27.9,59.9,51.68,-53,15840,False,10,2026-05-25,Monday,Excellent,Normal,Normal
2026-05-25 10:39:03.718141,device_002,camera,factory_floor_2,59.6,74.1,58.71,-52,15840,False,10,2026-05-25,Monday,Excellent,Normal,Normal
2026-05-25 10:39:03.718141,device_003,sensor,warehouse_b,5.0,41.8,44.7,-57,15840,False,10,2026-05-25,Monday,Excellent,Normal,Normal
2026-05-25 10:39:03.718141,device_004,camera,warehouse_b,63.0,65.4,63.04,-54,15840,False,10,2026-05-25,Monday,Excellent,Normal,Normal
2026-05-25 10:39:03.718141,device_005,gateway,warehouse_a,31.8,56.9,52.6,-51,15840,False,10,2026-05-25,Monday,Excellent,Normal,Normal
2026-05-25 10:39:03.718141,device_006,sensor,factory_floor_2,4.8,37.0,37.02,-65,15840,False,10,2026-05-25,Monday,Good,Normal,Normal
2026-05-25 10:39:03.718141,device_007,sensor,warehouse_a,1.0,38.8,41.05,-65,15840,False,10,2026-05-25,Monday,Good,Normal,Normal
2026-05-25 10:39:03.718141,device_008,gateway,loading_bay,29.0,59.1,57.85,-49,15840,False,10,2026-05-25,Monday,Excellent,Normal,Normal
2026-05-25 10:39:03.718141,device_009,sensor,office_block,4.7,34.8,42.08,-69,15840,False,10,2026-05-25,Monday,Good,Normal,Normal
2026-05-25 10:39:03.718141,device_010,camera,warehouse_a,57.1,67.8,58.18,-59,15840,False,10,2026-05-25,Monday,Excellent,Normal,Normal
2026-05-25 10:39:03.718141,device_011,camera,factory_floor_1,54.8,69.0,61.14,-51,15840,False,10,2026-05-25,Monday,Excellent,Normal,Normal
2026-05-25 10:39:03.718141,device_012,camera,server_room,56.6,72.9,62.21,-51,15840,False,10,2026-05-25,Monday,Excellent,Normal,Normal
2026-05-25 10:39:03.718141,device_013,sensor,factory_floor_2,9.1,37.4,41.03,-62,15840,False,10,2026-05-25,Monday,Good,Normal,Normal
2026-05-25 10:39:03.718141,device_014,controller,server_room,21.4,41.7,48.92,-55,15840,False,10,2026-05-25,Monday,Excellent,Normal,Normal
2026-05-25 10:39:03.718141,device_015,sensor,loading_bay,9.4,32.6,45.59,-54,15840,False,10,2026-05-25,Monday,Excellent,Normal,Normal
2026-05-25 10:40:03.718141,device_001,gateway,warehouse_a,38.5,55.1,50.42,-63,15780,False,10,2026-05-25,Monday,Good,Normal,Normal
2026-05-25 10:40:03.718141,device_002,camera,factory_floor_2,61.6,63.0,61.67,-55,15780,False,10,2026-05-25,Monday,Excellent,Normal,Normal
2026-05-25 10:40:03.718141,device_003,sensor,warehouse_b,5.3,35.5,38.72,-55,15780,False,10,2026-05-25,Monday,Excellent,Normal,Normal
2026-05-25 10:40:03.718141,device_004,camera,warehouse_b,70.0,60.5,62.94,-50,15780,False,10,2026-05-25,Monday,Excellent,Normal,Normal
2026-05-25 10:40:03.718141,device_005,gateway,warehouse_a,38.2,51.9,52.89,-55,15780,False,10,2026-05-25,Monday,Excellent,Normal,Normal
2026-05-25 10:40:03.718141,device_006,sensor,factory_floor_2,8.8,32.3,42.53,-60,15780,False,10,2026-05-25,Monday,Excellent,Normal,Normal
2026-05-25 10:40:03.718141,device_007,sensor,warehouse_a,9.0,33.4,40.18,-70,15780,False,10,2026-05-25,Monday,Good,Normal,Normal
2026-05-25 10:40:03.718141,device_008,gateway,loading_bay,24.6,55.6,47.7,-55,15780,False,10,2026-05-25,Monday,Excellent,Normal,Normal
2026-05-25 10:40:03.718141,device_009,sensor,office_block,10.9,38.3,43.54,-55,15780,False,10,2026-05-25,Monday,Excellent,Normal,Normal
2026-05-25 10:40:03.718141,device_010,camera,warehouse_a,66.6,73.4,59.4,-59,15780,False,10,2026-05-25,Monday,Excellent,Normal,Normal
2026-05-25 10:40:03.718141,device_011,camera,factory_floor_1,58.2,66.1,58.3,-63,15780,False,10,2026-05-25,Monday,Good,Normal,Normal
2026-05-25 10:40:03.718141,device_012,camera,server_room,70.4,71.9,63.83,-59,15780,False,10,2026-05-25,Monday,Excellent,Normal,High
2026-05-25 10:40:03.718141,device_013,sensor,factory_floor_2,13.4,36.4,39.36,-69,15780,False,10,2026-05-25,Monday,Good,Normal,Normal
2026-05-25 10:40:03.718141,device_014,controller,server_room,17.4,44.5,50.54,-61,15780,False,10,2026-05-25,Monday,Good,Normal,Normal
2026-05-25 10:40:03.718141,device_015,sensor,loading_bay,6.1,38.5,43.62,-58,15780,False,10,2026-05-25,Monday,Excellent,Normal,Normal
2026-05-25 10:41:03.718141,device_001,gateway,warehouse_a,24.7,50.8,51.82,-58,15720,False,10,2026-05-25,Monday,Excellent,Normal,Normal
2026-05-25 10:41:03.718141,device_002,camera,factory_floor_2,52.5,72.4,61.6,-56,15720,False,10,2026-05-25,Monday,Excellent,Normal,Normal
2026-05-25 10:41:03.718141,device_003,sensor,warehouse_b,9.3,33.6,36.15,-59,15720,False,10,2026-05-25,Monday,Excellent,Normal,Normal
2026-05-25 10:41:03.718141,device_004,camera,warehouse_b,53.9,65.7,65.11,-66,15720,False,10,2026-05-25,Monday,Good,Normal,Normal
2026-05-25 10:41:03.718141,device_005,gateway,warehouse_a,34.3,51.4,54.84,-52,15720,False,10,2026-05-25,Monday,Excellent,Normal,Normal
2026-05-25 10:41:03.718141,device_006,sensor,factory_floor_2,2.3,31.6,43.05,-66,15720,False,10,2026-05-25,Monday,Good,Normal,Normal
2026-05-25 10:41:03.718141,device_007,sensor,warehouse_a,8.5,27.9,40.55,-64,15720,False,10,2026-05-25,Monday,Good,Normal,Normal
2026-05-25 10:41:03.718141,device_008,gateway,loading_bay,16.8,52.8,52.68,-48,15720,False,10,2026-05-25,Monday,Excellent,Normal,Normal
2026-05-25 10:41:03.718141,device_009,sensor,office_block,5.2,39.7,44.09,-65,15720,False,10,2026-05-25,Monday,Good,Normal,Normal
2026-05-25 10:41:03.718141,device_010,camera,warehouse_a,63.6,72.0,59.98,-64,15720,False,10,2026-05-25,Monday,Good,Normal,Normal
2026-05-25 10:41:03.718141,device_011,camera,factory_floor_1,58.2,72.2,61.67,-59,15720,False,10,2026-05-25,Monday,Excellent,Normal,Normal
2026-05-25 10:41:03.718141,device_012,camera,server_room,98.4,67.0,75.19,-51,15720,True,10,2026-05-25,Monday,Excellent,Warning,Critical
2026-05-25 10:41:03.718141,device_013,sensor,factory_floor_2,33.6,36.9,62.3,-64,15720,True,10,2026-05-25,Monday,Good,Normal,Normal
2026-05-25 10:41:03.718141,device_014,controller,server_room,25.5,43.0,46.52,-58,15720,False,10,2026-05-25,Monday,Excellent,Normal,Normal
2026-05-25 10:41:03.718141,device_015,sensor,loading_bay,13.7,40.1,42.89,-60,15720,False,10,2026-05-25,Monday,Excellent,Normal,Normal
2026-05-25 10:42:03.718141,device_001,gateway,warehouse_a,29.4,49.7,48.53,-59,15660,False,10,2026-05-25,Monday,Excellent,Normal,Normal
2026-05-25 10:42:03.718141,device_002,camera,factory_floor_2,57.2,74.8,62.99,-62,15660,False,10,2026-05-25,Monday,Good,Normal,Normal
2026-05-25 10:42:03.718141,device_003,sensor,warehouse_b,17.2,39.7,44.53,-54,15660,False,10,2026-05-25,Monday,Excellent,Normal,Normal
2026-05-25 10:42:03.718141,device_004,camera,warehouse_b,62.1,73.4,57.53,-64,15660,False,10,2026-05-25,Monday,Good,Normal,Normal
2026-05-25 10:42:03.718141,device_005,gateway,warehouse_a,30.1,56.5,52.32,-51,15660,False,10,2026-05-25,Monday,Excellent,Normal,Normal
2026-05-25 10:42:03.718141,device_006,sensor,factory_floor_2,9.6,40.2,45.85,-60,15660,False,10,2026-05-25,Monday,Excellent,Normal,Normal
2026-05-25 10:42:03.718141,device_007,sensor,warehouse_a,10.7,37.1,44.54,-66,15660,False,10,2026-05-25,Monday,Good,Normal,Normal
2026-05-25 10:42:03.718141,device_008,gateway,loading_bay,25.7,49.4,54.27,-50,15660,False,10,2026-05-25,Monday,Excellent,Normal,Normal
2026-05-25 10:42:03.718141,device_009,sensor,office_block,13.3,36.1,38.42,-55,15660,False,10,2026-05-25,Monday,Excellent,Normal,Normal
2026-05-25 10:42:03.718141,device_010,camera,warehouse_a,60.8,69.9,62.66,-61,15660,False,10,2026-05-25,Monday,Good,Normal,Normal
2026-05-25 10:42:03.718141,device_011,camera,factory_floor_1,57.0,67.7,62.26,-55,15660,False,10,2026-05-25,Monday,Excellent,Normal,Normal
2026-05-25 10:42:03.718141,device_012,camera,server_room,69.4,71.6,61.0,-61,15660,False,10,2026-05-25,Monday,Good,Normal,Normal
2026-05-25 10:42:03.718141,device_013,sensor,factory_floor_2,3.2,33.2,40.23,-61,15660,False,10,2026-05-25,Monday,Good,Normal,Normal
2026-05-25 10:42:03.718141,device_014,controller,server_room,22.3,41.8,53.03,-68,15660,False,10,2026-05-25,Monday,Good,Normal,Normal
2026-05-25 10:42:03.718141,device_015,sensor,loading_bay,13.4,30.2,35.49,-58,15660,False,10,2026-05-25,Monday,Excellent,Normal,Normal
2026-05-25 10:43:03.718141,device_001,gateway,warehouse_a,23.2,48.7,47.94,-62,15600,False,10,2026-05-25,Monday,Good,Normal,Normal
2026-05-25 10:43:03.718141,device_002,camera,factory_floor_2,67.1,71.5,60.36,-56,15600,False,10,2026-05-25,Monday,Excellent,Normal,Normal
2026-05-25 10:43:03.718141,device_003,sensor,warehouse_b,11.5,37.6,42.8,-63,15600,False,10,2026-05-25,Monday,Good,Normal,Normal
2026-05-25 10:43:03.718141,device_004,camera,warehouse_b,64.7,74.2,57.44,-63,15600,False,10,2026-05-25,Monday,Good,Normal,Normal
2026-05-25 10:43:03.718141,device_005,gateway,warehouse_a,25.1,54.3,49.19,-59,15600,False,10,2026-05-25,Monday,Excellent,Normal,Normal
2026-05-25 10:43:03.718141,device_006,sensor,factory_floor_2,3.4,36.4,40.75,-68,15600,False,10,2026-05-25,Monday,Good,Normal,Normal
2026-05-25 10:43:03.718141,device_007,sensor,warehouse_a,9.7,33.0,39.31,-60,15600,False,10,2026-05-25,Monday,Excellent,Normal,Normal
2026-05-25 10:43:03.718141,device_008,gateway,loading_bay,33.4,63.3,53.49,-61,15600,False,10,2026-05-25,Monday,Good,Normal,Normal
2026-05-25 10:43:03.718141,device_009,sensor,office_block,13.9,29.4,45.43,-60,15600,False,10,2026-05-25,Monday,Excellent,Normal,Normal
2026-05-25 10:43:03.718141,device_010,camera,warehouse_a,68.8,67.8,60.84,-58,15600,False,10,2026-05-25,Monday,Excellent,Normal,Normal
2026-05-25 10:43:03.718141,device_011,camera,factory_floor_1,65.8,72.0,63.84,-64,15600,False,10,2026-05-25,Monday,Good,Normal,Normal
2026-05-25 10:43:03.718141,device_012,camera,server_room,60.6,67.4,63.23,-63,15600,False,10,2026-05-25,Monday,Good,Normal,Normal
2026-05-25 10:43:03.718141,device_013,sensor,factory_floor_2,9.1,34.1,41.09,-69,15600,False,10,2026-05-25,Monday,Good,Normal,Normal
2026-05-25 10:43:03.718141,device_014,controller,server_room,21.8,52.8,44.88,-55,15600,False,10,2026-05-25,Monday,Excellent,Normal,Normal
2026-05-25 10:43:03.718141,device_015,sensor,loading_bay,1.0,36.5,40.21,-57,15600,False,10,2026-05-25,Monday,Excellent,Normal,Normal
2026-05-25 10:44:03.718141,device_001,gateway,warehouse_a,30.9,54.8,51.7,-51,15540,False,10,2026-05-25,Monday,Excellent,Normal,Normal
2026-05-25 10:44:03.718141,device_002,camera,factory_floor_2,67.1,75.6,60.31,-54,15540,False,10,2026-05-25,Monday,Excellent,Normal,Normal
2026-05-25 10:44:03.718141,device_003,sensor,warehouse_b,12.2,31.1,44.62,-55,15540,False,10,2026-05-25,Monday,Excellent,Normal,Normal
2026-05-25 10:44:03.718141,device_004,camera,warehouse_b,64.6,66.0,60.1,-59,15540,False,10,2026-05-25,Monday,Excellent,Normal,Normal
2026-05-25 10:44:03.718141,device_005,gateway,warehouse_a,29.8,57.6,50.39,-61,15540,False,10,2026-05-25,Monday,Good,Normal,Normal
2026-05-25 10:44:03.718141,device_006,sensor,factory_floor_2,2.6,31.4,47.16,-69,15540,False,10,2026-05-25,Monday,Good,Normal,Normal
2026-05-25 10:44:03.718141,device_007,sensor,warehouse_a,9.1,32.7,44.38,-60,15540,False,10,2026-05-25,Monday,Excellent,Normal,Normal
2026-05-25 10:44:03.718141,device_008,gateway,loading_bay,32.3,60.8,48.31,-60,15540,False,10,2026-05-25,Monday,Excellent,Normal,Normal
2026-05-25 10:44:03.718141,device_009,sensor,office_block,8.1,33.8,40.21,-65,15540,False,10,2026-05-25,Monday,Good,Normal,Normal
2026-05-25 10:44:03.718141,device_010,camera,warehouse_a,69.0,67.0,59.25,-61,15540,False,10,2026-05-25,Monday,Good,Normal,Normal
2026-05-25 10:44:03.718141,device_011,camera,factory_floor_1,63.9,77.3,57.47,-64,15540,False,10,2026-05-25,Monday,Good,Normal,Normal
2026-05-25 10:44:03.718141,device_012,camera,server_room,62.2,70.8,63.49,-51,15540,False,10,2026-05-25,Monday,Excellent,Normal,Normal
2026-05-25 10:44:03.718141,device_013,sensor,factory_floor_2,3.1,38.1,41.98,-57,15540,False,10,2026-05-25,Monday,Excellent,Normal,Normal
2026-05-25 10:44:03.718141,device_014,controller,server_room,17.1,49.1,51.58,-63,15540,False,10,2026-05-25,Monday,Good,Normal,Normal
2026-05-25 10:44:03.718141,device_015,sensor,loading_bay,12.6,30.7,40.62,-57,15540,False,10,2026-05-25,Monday,Excellent,Normal,Normal
2026-05-25 10:45:03.718141,device_001,gateway,warehouse_a,24.9,57.2,52.59,-60,15480,False,10,2026-05-25,Monday,Excellent,Normal,Normal
2026-05-25 10:45:03.718141,device_002,camera,factory_floor_2,54.1,70.6,60.98,-60,15480,False,10,2026-05-25,Monday,Excellent,Normal,Normal
2026-05-25 10:45:03.718141,device_003,sensor,warehouse_b,6.6,36.7,45.87,-62,15480,False,10,2026-05-25,Monday,Good,Normal,Normal
2026-05-25 10:45:03.718141,device_004,camera,warehouse_b,71.6,73.7,60.35,-57,15480,False,10,2026-05-25,Monday,Excellent,Normal,High
2026-05-25 10:45:03.718141,device_005,gateway,warehouse_a,36.2,50.6,55.94,-62,15480,False,10,2026-05-25,Monday,Good,Normal,Normal
2026-05-25 10:45:03.718141,device_006,sensor,factory_floor_2,6.7,37.0,40.96,-55,15480,False,10,2026-05-25,Monday,Excellent,Normal,Normal
2026-05-25 10:45:03.718141,device_007,sensor,warehouse_a,11.4,35.3,39.48,-59,15480,False,10,2026-05-25,Monday,Excellent,Normal,Normal
2026-05-25 10:45:03.718141,device_008,gateway,loading_bay,47.9,53.0,76.33,-61,15480,True,10,2026-05-25,Monday,Good,Warning,Normal
2026-05-25 10:45:03.718141,device_009,sensor,office_block,8.3,39.6,41.07,-55,15480,False,10,2026-05-25,Monday,Excellent,Normal,Normal
2026-05-25 10:45:03.718141,device_010,camera,warehouse_a,50.8,69.6,60.95,-66,15480,False,10,2026-05-25,Monday,Good,Normal,Normal
2026-05-25 10:45:03.718141,device_011,camera,factory_floor_1,62.7,66.5,66.18,-57,15480,False,10,2026-05-25,Monday,Excellent,Normal,Normal
2026-05-25 10:45:03.718141,device_012,camera,server_room,68.9,75.0,62.07,-51,15480,False,10,2026-05-25,Monday,Excellent,Normal,Normal
2026-05-25 10:45:03.718141,device_013,sensor,factory_floor_2,4.7,39.4,39.8,-61,15480,False,10,2026-05-25,Monday,Good,Normal,Normal
2026-05-25 10:45:03.718141,device_014,controller,server_room,20.1,42.8,43.37,-53,15480,False,10,2026-05-25,Monday,Excellent,Normal,Normal
2026-05-25 10:45:03.718141,device_015,sensor,loading_bay,9.9,32.3,44.51,-62,15480,False,10,2026-05-25,Monday,Good,Normal,Normal
2026-05-25 10:46:03.718141,device_001,gateway,warehouse_a,13.4,50.1,53.57,-51,15420,False,10,2026-05-25,Monday,Excellent,Normal,Normal
2026-05-25 10:46:03.718141,device_002,camera,factory_floor_2,54.9,73.3,52.5,-54,15420,False,10,2026-05-25,Monday,Excellent,Normal,Normal
2026-05-25 10:46:03.718141,device_003,sensor,warehouse_b,8.6,40.6,41.32,-56,15420,False,10,2026-05-25,Monday,Excellent,Normal,Normal
2026-05-25 10:46:03.718141,device_004,camera,warehouse_b,68.2,64.4,65.85,-52,15420,False,10,2026-05-25,Monday,Excellent,Normal,Normal
2026-05-25 10:46:03.718141,device_005,gateway,warehouse_a,27.8,54.1,47.15,-56,15420,False,10,2026-05-25,Monday,Excellent,Normal,Normal
2026-05-25 10:46:03.718141,device_006,sensor,factory_floor_2,6.8,35.2,43.88,-69,15420,False,10,2026-05-25,Monday,Good,Normal,Normal
2026-05-25 10:46:03.718141,device_007,sensor,warehouse_a,11.1,43.6,44.11,-67,15420,False,10,2026-05-25,Monday,Good,Normal,Normal
2026-05-25 10:46:03.718141,device_008,gateway,loading_bay,26.4,56.0,49.18,-52,15420,False,10,2026-05-25,Monday,Excellent,Normal,Normal
2026-05-25 10:46:03.718141,device_009,sensor,office_block,4.0,33.9,46.45,-57,15420,False,10,2026-05-25,Monday,Excellent,Normal,Normal
2026-05-25 10:46:03.718141,device_010,camera,warehouse_a,62.2,72.9,59.59,-59,15420,False,10,2026-05-25,Monday,Excellent,Normal,Normal
2026-05-25 10:46:03.718141,device_011,camera,factory_floor_1,64.2,76.7,59.07,-54,15420,False,10,2026-05-25,Monday,Excellent,Normal,Normal
2026-05-25 10:46:03.718141,device_012,camera,server_room,60.7,72.6,61.11,-53,15420,False,10,2026-05-25,Monday,Excellent,Normal,Normal
2026-05-25 10:46:03.718141,device_013,sensor,factory_floor_2,1.0,30.8,43.44,-55,15420,False,10,2026-05-25,Monday,Excellent,Normal,Normal
2026-05-25 10:46:03.718141,device_014,controller,server_room,22.1,47.8,45.11,-61,15420,False,10,2026-05-25,Monday,Good,Normal,Normal
2026-05-25 10:46:03.718141,device_015,sensor,loading_bay,13.5,36.0,44.58,-68,15420,False,10,2026-05-25,Monday,Good,Normal,Normal
2026-05-25 10:47:03.718141,device_001,gateway,warehouse_a,26.8,60.9,50.27,-62,15360,False,10,2026-05-25,Monday,Good,Normal,Normal
2026-05-25 10:47:03.718141,device_002,camera,factory_floor_2,61.5,72.7,57.89,-50,15360,False,10,2026-05-25,Monday,Excellent,Normal,Normal
2026-05-25 10:47:03.718141,device_003,sensor,warehouse_b,4.0,29.2,39.15,-66,15360,False,10,2026-05-25,Monday,Good,Normal,Normal
2026-05-25 10:47:03.718141,device_004,camera,warehouse_b,62.6,71.0,60.75,-52,15360,False,10,2026-05-25,Monday,Excellent,Normal,Normal
2026-05-25 10:47:03.718141,device_005,gateway,warehouse_a,32.8,54.2,53.58,-58,15360,False,10,2026-05-25,Monday,Excellent,Normal,Normal
2026-05-25 10:47:03.718141,device_006,sensor,factory_floor_2,7.0,40.1,43.53,-64,15360,False,10,2026-05-25,Monday,Good,Normal,Normal
2026-05-25 10:47:03.718141,device_007,sensor,warehouse_a,8.6,31.0,40.59,-57,15360,False,10,2026-05-25,Monday,Excellent,Normal,Normal
2026-05-25 10:47:03.718141,device_008,gateway,loading_bay,20.8,57.3,54.0,-50,15360,False,10,2026-05-25,Monday,Excellent,Normal,Normal
2026-05-25 10:47:03.718141,device_009,sensor,office_block,10.9,40.6,41.61,-66,15360,False,10,2026-05-25,Monday,Good,Normal,Normal
2026-05-25 10:47:03.718141,device_010,camera,warehouse_a,62.6,69.8,63.87,-58,15360,False,10,2026-05-25,Monday,Excellent,Normal,Normal
2026-05-25 10:47:03.718141,device_011,camera,factory_floor_1,62.0,71.6,62.78,-64,15360,False,10,2026-05-25,Monday,Good,Normal,Normal
2026-05-25 10:47:03.718141,device_012,camera,server_room,66.8,69.8,61.24,-54,15360,False,10,2026-05-25,Monday,Excellent,Normal,Normal
2026-05-25 10:47:03.718141,device_013,sensor,factory_floor_2,19.9,37.9,45.55,-62,15360,False,10,2026-05-25,Monday,Good,Normal,Normal
2026-05-25 10:47:03.718141,device_014,controller,server_room,18.6,47.1,51.02,-68,15360,False,10,2026-05-25,Monday,Good,Normal,Normal
2026-05-25 10:47:03.718141,device_015,sensor,loading_bay,8.1,34.7,41.09,-54,15360,False,10,2026-05-25,Monday,Excellent,Normal,Normal
2026-05-25 10:48:03.718141,device_001,gateway,warehouse_a,12.1,53.0,52.63,-60,15300,False,10,2026-05-25,Monday,Excellent,Normal,Normal
2026-05-25 10:48:03.718141,device_002,camera,factory_floor_2,73.0,65.2,61.06,-62,15300,False,10,2026-05-25,Monday,Good,Normal,High
2026-05-25 10:48:03.718141,device_003,sensor,warehouse_b,7.8,36.9,38.86,-67,15300,False,10,2026-05-25,Monday,Good,Normal,Normal
2026-05-25 10:48:03.718141,device_004,camera,warehouse_b,66.5,66.8,63.87,-63,15300,False,10,2026-05-25,Monday,Good,Normal,Normal
2026-05-25 10:48:03.718141,device_005,gateway,warehouse_a,28.2,57.8,47.9,-52,15300,False,10,2026-05-25,Monday,Excellent,Normal,Normal
2026-05-25 10:48:03.718141,device_006,sensor,factory_floor_2,10.6,35.0,43.49,-62,15300,False,10,2026-05-25,Monday,Good,Normal,Normal
2026-05-25 10:48:03.718141,device_007,sensor,warehouse_a,10.1,33.9,46.81,-55,15300,False,10,2026-05-25,Monday,Excellent,Normal,Normal
2026-05-25 10:48:03.718141,device_008,gateway,loading_bay,28.7,51.5,48.74,-48,15300,False,10,2026-05-25,Monday,Excellent,Normal,Normal
2026-05-25 10:48:03.718141,device_009,sensor,office_block,8.5,34.0,45.31,-62,15300,False,10,2026-05-25,Monday,Good,Normal,Normal
2026-05-25 10:48:03.718141,device_010,camera,warehouse_a,63.8,67.9,59.78,-54,15300,False,10,2026-05-25,Monday,Excellent,Normal,Normal
2026-05-25 10:48:03.718141,device_011,camera,factory_floor_1,66.5,75.1,56.51,-56,15300,False,10,2026-05-25,Monday,Excellent,Normal,Normal
2026-05-25 10:48:03.718141,device_012,camera,server_room,61.7,64.9,63.17,-65,15300,False,10,2026-05-25,Monday,Good,Normal,Normal
2026-05-25 10:48:03.718141,device_013,sensor,factory_floor_2,11.3,36.5,44.02,-62,15300,False,10,2026-05-25,Monday,Good,Normal,Normal
2026-05-25 10:48:03.718141,device_014,controller,server_room,13.0,40.3,48.75,-68,15300,False,10,2026-05-25,Monday,Good,Normal,Normal
2026-05-25 10:48:03.718141,device_015,sensor,loading_bay,6.7,38.2,45.09,-61,15300,False,10,2026-05-25,Monday,Good,Normal,Normal
2026-05-25 10:49:03.718141,device_001,gateway,warehouse_a,28.1,57.6,49.08,-48,15240,False,10,2026-05-25,Monday,Excellent,Normal,Normal
2026-05-25 10:49:03.718141,device_002,camera,factory_floor_2,65.1,73.1,54.04,-63,15240,False,10,2026-05-25,Monday,Good,Normal,Normal
2026-05-25 10:49:03.718141,device_003,sensor,warehouse_b,7.9,30.6,45.61,-63,15240,False,10,2026-05-25,Monday,Good,Normal,Normal
2026-05-25 10:49:03.718141,device_004,camera,warehouse_b,49.1,71.2,61.84,-52,15240,False,10,2026-05-25,Monday,Excellent,Normal,Normal
2026-05-25 10:49:03.718141,device_005,gateway,warehouse_a,19.5,66.0,49.06,-53,15240,False,10,2026-05-25,Monday,Excellent,Normal,Normal
2026-05-25 10:49:03.718141,device_006,sensor,factory_floor_2,6.5,32.4,44.19,-57,15240,False,10,2026-05-25,Monday,Excellent,Normal,Normal
2026-05-25 10:49:03.718141,device_007,sensor,warehouse_a,1.0,33.9,41.49,-68,15240,False,10,2026-05-25,Monday,Good,Normal,Normal
2026-05-25 10:49:03.718141,device_008,gateway,loading_bay,26.0,56.1,51.66,-57,15240,False,10,2026-05-25,Monday,Excellent,Normal,Normal
2026-05-25 10:49:03.718141,device_009,sensor,office_block,7.2,36.9,38.21,-57,15240,False,10,2026-05-25,Monday,Excellent,Normal,Normal
2026-05-25 10:49:03.718141,device_010,camera,warehouse_a,55.3,73.0,54.85,-50,15240,False,10,2026-05-25,Monday,Excellent,Normal,Normal
2026-05-25 10:49:03.718141,device_011,camera,factory_floor_1,67.5,64.4,60.83,-65,15240,False,10,2026-05-25,Monday,Good,Normal,Normal
2026-05-25 10:49:03.718141,device_012,camera,server_room,61.5,63.6,60.21,-61,15240,False,10,2026-05-25,Monday,Good,Normal,Normal
2026-05-25 10:49:03.718141,device_013,sensor,factory_floor_2,4.3,40.7,43.96,-54,15240,False,10,2026-05-25,Monday,Excellent,Normal,Normal
2026-05-25 10:49:03.718141,device_014,controller,server_room,15.9,37.3,50.27,-52,15240,False,10,2026-05-25,Monday,Excellent,Normal,Normal
2026-05-25 10:49:03.718141,device_015,sensor,loading_bay,11.3,36.2,39.59,-70,15240,False,10,2026-05-25,Monday,Good,Normal,Normal
2026-05-25 10:50:03.718141,device_001,gateway,warehouse_a,26.8,51.5,55.96,-57,15180,False,10,2026-05-25,Monday,Excellent,Normal,Normal
2026-05-25 10:50:03.718141,device_002,camera,factory_floor_2,68.1,69.4,60.16,-59,15180,False,10,2026-05-25,Monday,Excellent,Normal,Normal
2026-05-25 10:50:03.718141,device_003,sensor,warehouse_b,7.1,34.9,39.46,-69,15180,False,10,2026-05-25,Monday,Good,Normal,Normal
2026-05-25 10:50:03.718141,device_004,camera,warehouse_b,64.7,70.3,61.72,-60,15180,False,10,2026-05-25,Monday,Excellent,Normal,Normal
2026-05-25 10:50:03.718141,device_005,gateway,warehouse_a,32.0,50.8,54.77,-49,15180,False,10,2026-05-25,Monday,Excellent,Normal,Normal
2026-05-25 10:50:03.718141,device_006,sensor,factory_floor_2,12.3,37.4,38.44,-67,15180,False,10,2026-05-25,Monday,Good,Normal,Normal
2026-05-25 10:50:03.718141,device_007,sensor,warehouse_a,11.1,35.4,36.27,-63,15180,False,10,2026-05-25,Monday,Good,Normal,Normal
2026-05-25 10:50:03.718141,device_008,gateway,loading_bay,25.7,60.4,49.72,-49,15180,False,10,2026-05-25,Monday,Excellent,Normal,Normal
2026-05-25 10:50:03.718141,device_009,sensor,office_block,4.7,35.3,39.58,-55,15180,False,10,2026-05-25,Monday,Excellent,Normal,Normal
2026-05-25 10:50:03.718141,device_010,camera,warehouse_a,68.4,74.7,60.58,-55,15180,False,10,2026-05-25,Monday,Excellent,Normal,Normal
2026-05-25 10:50:03.718141,device_011,camera,factory_floor_1,67.7,67.9,54.47,-58,15180,False,10,2026-05-25,Monday,Excellent,Normal,Normal
2026-05-25 10:50:03.718141,device_012,camera,server_room,62.2,59.5,62.44,-64,15180,False,10,2026-05-25,Monday,Good,Normal,Normal
2026-05-25 10:50:03.718141,device_013,sensor,factory_floor_2,20.7,35.6,43.59,-58,15180,False,10,2026-05-25,Monday,Excellent,Normal,Normal
2026-05-25 10:50:03.718141,device_014,controller,server_room,23.9,48.5,55.03,-62,15180,False,10,2026-05-25,Monday,Good,Normal,Normal
2026-05-25 10:50:03.718141,device_015,sensor,loading_bay,12.7,34.4,42.39,-63,15180,False,10,2026-05-25,Monday,Good,Normal,Normal
2026-05-25 10:51:03.718141,device_001,gateway,warehouse_a,25.6,52.3,49.52,-55,15120,False,10,2026-05-25,Monday,Excellent,Normal,Normal
2026-05-25 10:51:03.718141,device_002,camera,factory_floor_2,58.2,63.3,60.77,-50,15120,False,10,2026-05-25,Monday,Excellent,Normal,Normal
2026-05-25 10:51:03.718141,device_003,sensor,warehouse_b,9.0,35.6,41.89,-70,15120,False,10,2026-05-25,Monday,Good,Normal,Normal
2026-05-25 10:51:03.718141,device_004,camera,warehouse_b,62.4,75.4,70.23,-62,15120,False,10,2026-05-25,Monday,Good,Warning,Normal
2026-05-25 10:51:03.718141,device_005,gateway,warehouse_a,21.8,52.6,52.7,-63,15120,False,10,2026-05-25,Monday,Good,Normal,Normal
2026-05-25 10:51:03.718141,device_006,sensor,factory_floor_2,2.9,36.7,37.98,-61,15120,False,10,2026-05-25,Monday,Good,Normal,Normal
2026-05-25 10:51:03.718141,device_007,sensor,warehouse_a,4.6,39.0,44.9,-62,15120,False,10,2026-05-25,Monday,Good,Normal,Normal
2026-05-25 10:51:03.718141,device_008,gateway,loading_bay,34.9,56.9,49.44,-51,15120,False,10,2026-05-25,Monday,Excellent,Normal,Normal
2026-05-25 10:51:03.718141,device_009,sensor,office_block,11.2,31.9,40.58,-56,15120,False,10,2026-05-25,Monday,Excellent,Normal,Normal
2026-05-25 10:51:03.718141,device_010,camera,warehouse_a,73.0,72.5,61.68,-52,15120,False,10,2026-05-25,Monday,Excellent,Normal,High
2026-05-25 10:51:03.718141,device_011,camera,factory_floor_1,60.9,67.7,57.34,-50,15120,False,10,2026-05-25,Monday,Excellent,Normal,Normal
2026-05-25 10:51:03.718141,device_012,camera,server_room,64.4,70.0,57.81,-54,15120,False,10,2026-05-25,Monday,Excellent,Normal,Normal
2026-05-25 10:51:03.718141,device_013,sensor,factory_floor_2,1.0,37.7,38.64,-70,15120,False,10,2026-05-25,Monday,Good,Normal,Normal
2026-05-25 10:51:03.718141,device_014,controller,server_room,21.0,40.9,46.82,-57,15120,False,10,2026-05-25,Monday,Excellent,Normal,Normal
2026-05-25 10:51:03.718141,device_015,sensor,loading_bay,2.9,37.6,40.88,-61,15120,False,10,2026-05-25,Monday,Good,Normal,Normal
2026-05-25 10:52:03.718141,device_001,gateway,warehouse_a,32.6,50.4,50.51,-60,15060,False,10,2026-05-25,Monday,Excellent,Normal,Normal
2026-05-25 10:52:03.718141,device_002,camera,factory_floor_2,66.3,67.9,58.53,-56,15060,False,10,2026-05-25,Monday,Excellent,Normal,Normal
2026-05-25 10:52:03.718141,device_003,sensor,warehouse_b,14.6,35.6,44.48,-60,15060,False,10,2026-05-25,Monday,Excellent,Normal,Normal
2026-05-25 10:52:03.718141,device_004,camera,warehouse_b,58.6,74.3,61.63,-58,15060,False,10,2026-05-25,Monday,Excellent,Normal,Normal
2026-05-25 10:52:03.718141,device_005,gateway,warehouse_a,26.1,60.2,56.05,-54,15060,False,10,2026-05-25,Monday,Excellent,Normal,Normal
2026-05-25 10:52:03.718141,device_006,sensor,factory_floor_2,16.3,37.3,42.92,-54,15060,False,10,2026-05-25,Monday,Excellent,Normal,Normal
2026-05-25 10:52:03.718141,device_007,sensor,warehouse_a,15.1,33.0,43.34,-69,15060,False,10,2026-05-25,Monday,Good,Normal,Normal
2026-05-25 10:52:03.718141,device_008,gateway,loading_bay,25.8,49.8,52.72,-51,15060,False,10,2026-05-25,Monday,Excellent,Normal,Normal
2026-05-25 10:52:03.718141,device_009,sensor,office_block,7.3,26.2,45.29,-66,15060,False,10,2026-05-25,Monday,Good,Normal,Normal
2026-05-25 10:52:03.718141,device_010,camera,warehouse_a,72.7,68.2,64.37,-51,15060,False,10,2026-05-25,Monday,Excellent,Normal,High
2026-05-25 10:52:03.718141,device_011,camera,factory_floor_1,67.7,74.9,61.01,-58,15060,False,10,2026-05-25,Monday,Excellent,Normal,Normal
2026-05-25 10:52:03.718141,device_012,camera,server_room,69.9,72.3,56.8,-54,15060,False,10,2026-05-25,Monday,Excellent,Normal,Normal
2026-05-25 10:52:03.718141,device_013,sensor,factory_floor_2,7.0,32.1,42.25,-69,15060,False,10,2026-05-25,Monday,Good,Normal,Normal
2026-05-25 10:52:03.718141,device_014,controller,server_room,26.7,42.0,51.12,-62,15060,False,10,2026-05-25,Monday,Good,Normal,Normal
2026-05-25 10:52:03.718141,device_015,sensor,loading_bay,1.3,36.7,40.84,-63,15060,False,10,2026-05-25,Monday,Good,Normal,Normal
2026-05-25 10:53:03.718141,device_001,gateway,warehouse_a,29.2,58.2,55.76,-48,15000,False,10,2026-05-25,Monday,Excellent,Normal,Normal
2026-05-25 10:53:03.718141,device_002,camera,factory_floor_2,69.8,64.4,61.98,-55,15000,False,10,2026-05-25,Monday,Excellent,Normal,Normal
2026-05-25 10:53:03.718141,device_003,sensor,warehouse_b,7.0,34.8,45.18,-65,15000,False,10,2026-05-25,Monday,Good,Normal,Normal
2026-05-25 10:53:03.718141,device_004,camera,warehouse_b,67.5,65.9,60.04,-61,15000,False,10,2026-05-25,Monday,Good,Normal,Normal
2026-05-25 10:53:03.718141,device_005,gateway,warehouse_a,27.4,52.4,52.93,-48,15000,False,10,2026-05-25,Monday,Excellent,Normal,Normal
2026-05-25 10:53:03.718141,device_006,sensor,factory_floor_2,6.8,39.5,39.18,-62,15000,False,10,2026-05-25,Monday,Good,Normal,Normal
2026-05-25 10:53:03.718141,device_007,sensor,warehouse_a,6.5,41.1,46.36,-65,15000,False,10,2026-05-25,Monday,Good,Normal,Normal
2026-05-25 10:53:03.718141,device_008,gateway,loading_bay,27.6,46.7,48.97,-53,15000,False,10,2026-05-25,Monday,Excellent,Normal,Normal
2026-05-25 10:53:03.718141,device_009,sensor,office_block,1.0,40.5,37.88,-63,15000,False,10,2026-05-25,Monday,Good,Normal,Normal
2026-05-25 10:53:03.718141,device_010,camera,warehouse_a,65.6,61.1,62.17,-57,15000,False,10,2026-05-25,Monday,Excellent,Normal,Normal
2026-05-25 10:53:03.718141,device_011,camera,factory_floor_1,59.0,71.1,63.66,-56,15000,False,10,2026-05-25,Monday,Excellent,Normal,Normal
2026-05-25 10:53:03.718141,device_012,camera,server_room,64.3,76.5,62.69,-57,15000,False,10,2026-05-25,Monday,Excellent,Normal,Normal
2026-05-25 10:53:03.718141,device_013,sensor,factory_floor_2,6.9,35.8,42.21,-67,15000,False,10,2026-05-25,Monday,Good,Normal,Normal
2026-05-25 10:53:03.718141,device_014,controller,server_room,30.0,47.7,41.7,-66,15000,False,10,2026-05-25,Monday,Good,Normal,Normal
2026-05-25 10:53:03.718141,device_015,sensor,loading_bay,7.4,32.4,43.7,-64,15000,False,10,2026-05-25,Monday,Good,Normal,Normal
2026-05-25 10:54:03.718141,device_001,gateway,warehouse_a,27.8,67.5,54.13,-51,14940,False,10,2026-05-25,Monday,Excellent,Normal,Normal
2026-05-25 10:54:03.718141,device_002,camera,factory_floor_2,69.0,68.3,58.46,-53,14940,False,10,2026-05-25,Monday,Excellent,Normal,Normal
2026-05-25 10:54:03.718141,device_003,sensor,warehouse_b,5.7,33.7,36.61,-66,14940,False,10,2026-05-25,Monday,Good,Normal,Normal
2026-05-25 10:54:03.718141,device_004,camera,warehouse_b,68.7,74.2,57.18,-60,14940,False,10,2026-05-25,Monday,Excellent,Normal,Normal
2026-05-25 10:54:03.718141,device_005,gateway,warehouse_a,30.4,54.4,49.8,-49,14940,False,10,2026-05-25,Monday,Excellent,Normal,Normal
2026-05-25 10:54:03.718141,device_006,sensor,factory_floor_2,16.0,35.0,44.2,-65,14940,False,10,2026-05-25,Monday,Good,Normal,Normal
2026-05-25 10:54:03.718141,device_007,sensor,warehouse_a,6.8,33.0,42.23,-55,14940,False,10,2026-05-25,Monday,Excellent,Normal,Normal
2026-05-25 10:54:03.718141,device_008,gateway,loading_bay,17.5,55.6,58.13,-58,14940,False,10,2026-05-25,Monday,Excellent,Normal,Normal
2026-05-25 10:54:03.718141,device_009,sensor,office_block,10.0,32.1,41.83,-69,14940,False,10,2026-05-25,Monday,Good,Normal,Normal
2026-05-25 10:54:03.718141,device_010,camera,warehouse_a,94.1,79.1,76.2,-58,14940,True,10,2026-05-25,Monday,Excellent,Warning,Critical
2026-05-25 10:54:03.718141,device_011,camera,factory_floor_1,58.8,68.2,57.9,-61,14940,False,10,2026-05-25,Monday,Good,Normal,Normal
2026-05-25 10:54:03.718141,device_012,camera,server_room,71.4,65.1,61.04,-61,14940,False,10,2026-05-25,Monday,Good,Normal,High
2026-05-25 10:54:03.718141,device_013,sensor,factory_floor_2,14.3,37.2,44.19,-68,14940,False,10,2026-05-25,Monday,Good,Normal,Normal
2026-05-25 10:54:03.718141,device_014,controller,server_room,21.6,53.7,55.18,-55,14940,False,10,2026-05-25,Monday,Excellent,Normal,Normal
2026-05-25 10:54:03.718141,device_015,sensor,loading_bay,4.6,36.5,46.87,-58,14940,False,10,2026-05-25,Monday,Excellent,Normal,Normal
2026-05-25 10:55:03.718141,device_001,gateway,warehouse_a,30.5,54.3,46.92,-48,14880,False,10,2026-05-25,Monday,Excellent,Normal,Normal
2026-05-25 10:55:03.718141,device_002,camera,factory_floor_2,60.9,74.3,63.48,-65,14880,False,10,2026-05-25,Monday,Good,Normal,Normal
2026-05-25 10:55:03.718141,device_003,sensor,warehouse_b,1.0,39.5,41.93,-59,14880,False,10,2026-05-25,Monday,Excellent,Normal,Normal
2026-05-25 10:55:03.718141,device_004,camera,warehouse_b,64.1,71.4,63.19,-56,14880,False,10,2026-05-25,Monday,Excellent,Normal,Normal
2026-05-25 10:55:03.718141,device_005,gateway,warehouse_a,29.7,50.1,51.19,-47,14880,False,10,2026-05-25,Monday,Excellent,Normal,Normal
2026-05-25 10:55:03.718141,device_006,sensor,factory_floor_2,2.4,35.1,44.13,-70,14880,False,10,2026-05-25,Monday,Good,Normal,Normal
2026-05-25 10:55:03.718141,device_007,sensor,warehouse_a,7.3,33.8,40.73,-63,14880,False,10,2026-05-25,Monday,Good,Normal,Normal
2026-05-25 10:55:03.718141,device_008,gateway,loading_bay,33.2,49.6,50.99,-52,14880,False,10,2026-05-25,Monday,Excellent,Normal,Normal
2026-05-25 10:55:03.718141,device_009,sensor,office_block,11.7,35.1,41.39,-67,14880,False,10,2026-05-25,Monday,Good,Normal,Normal
2026-05-25 10:55:03.718141,device_010,camera,warehouse_a,73.0,71.2,60.94,-57,14880,False,10,2026-05-25,Monday,Excellent,Normal,High
2026-05-25 10:55:03.718141,device_011,camera,factory_floor_1,59.1,72.4,60.34,-65,14880,False,10,2026-05-25,Monday,Good,Normal,Normal
2026-05-25 10:55:03.718141,device_012,camera,server_room,57.2,70.4,61.6,-57,14880,False,10,2026-05-25,Monday,Excellent,Normal,Normal
2026-05-25 10:55:03.718141,device_013,sensor,factory_floor_2,8.2,36.3,45.11,-54,14880,False,10,2026-05-25,Monday,Excellent,Normal,Normal
2026-05-25 10:55:03.718141,device_014,controller,server_room,25.4,45.5,45.02,-58,14880,False,10,2026-05-25,Monday,Excellent,Normal,Normal
2026-05-25 10:55:03.718141,device_015,sensor,loading_bay,8.4,38.8,38.79,-66,14880,False,10,2026-05-25,Monday,Good,Normal,Normal
2026-05-25 10:56:03.718141,device_001,gateway,warehouse_a,39.6,57.0,51.95,-48,14820,False,10,2026-05-25,Monday,Excellent,Normal,Normal
2026-05-25 10:56:03.718141,device_002,camera,factory_floor_2,65.4,62.7,58.86,-60,14820,False,10,2026-05-25,Monday,Excellent,Normal,Normal
2026-05-25 10:56:03.718141,device_003,sensor,warehouse_b,4.5,41.8,37.82,-58,14820,False,10,2026-05-25,Monday,Excellent,Normal,Normal
2026-05-25 10:56:03.718141,device_004,camera,warehouse_b,94.4,73.6,79.96,-59,14820,True,10,2026-05-25,Monday,Excellent,Warning,Critical
2026-05-25 10:56:03.718141,device_005,gateway,warehouse_a,22.4,55.3,49.7,-59,14820,False,10,2026-05-25,Monday,Excellent,Normal,Normal
2026-05-25 10:56:03.718141,device_006,sensor,factory_floor_2,13.1,36.0,43.51,-70,14820,False,10,2026-05-25,Monday,Good,Normal,Normal
2026-05-25 10:56:03.718141,device_007,sensor,warehouse_a,8.4,35.8,43.2,-65,14820,False,10,2026-05-25,Monday,Good,Normal,Normal
2026-05-25 10:56:03.718141,device_008,gateway,loading_bay,22.9,50.7,52.14,-62,14820,False,10,2026-05-25,Monday,Good,Normal,Normal
2026-05-25 10:56:03.718141,device_009,sensor,office_block,8.4,45.2,40.56,-62,14820,False,10,2026-05-25,Monday,Good,Normal,Normal
2026-05-25 10:56:03.718141,device_010,camera,warehouse_a,64.8,69.5,56.79,-65,14820,False,10,2026-05-25,Monday,Good,Normal,Normal
2026-05-25 10:56:03.718141,device_011,camera,factory_floor_1,67.6,67.6,66.02,-65,14820,False,10,2026-05-25,Monday,Good,Normal,Normal
2026-05-25 10:56:03.718141,device_012,camera,server_room,57.1,64.5,63.45,-66,14820,False,10,2026-05-25,Monday,Good,Normal,Normal
2026-05-25 10:56:03.718141,device_013,sensor,factory_floor_2,5.8,34.7,41.23,-67,14820,False,10,2026-05-25,Monday,Good,Normal,Normal
2026-05-25 10:56:03.718141,device_014,controller,server_room,21.4,43.9,45.95,-56,14820,False,10,2026-05-25,Monday,Excellent,Normal,Normal
2026-05-25 10:56:03.718141,device_015,sensor,loading_bay,7.9,35.4,42.45,-62,14820,False,10,2026-05-25,Monday,Good,Normal,Normal
2026-05-25 10:57:03.718141,device_001,gateway,warehouse_a,30.2,56.6,54.53,-59,14760,False,10,2026-05-25,Monday,Excellent,Normal,Normal
2026-05-25 10:57:03.718141,device_002,camera,factory_floor_2,67.3,70.2,56.25,-66,14760,False,10,2026-05-25,Monday,Good,Normal,Normal
2026-05-25 10:57:03.718141,device_003,sensor,warehouse_b,10.4,32.2,44.19,-67,14760,False,10,2026-05-25,Monday,Good,Normal,Normal
2026-05-25 10:57:03.718141,device_004,camera,warehouse_b,61.7,72.1,59.28,-58,14760,False,10,2026-05-25,Monday,Excellent,Normal,Normal
2026-05-25 10:57:03.718141,device_005,gateway,warehouse_a,33.2,58.6,50.78,-59,14760,False,10,2026-05-25,Monday,Excellent,Normal,Normal
2026-05-25 10:57:03.718141,device_006,sensor,factory_floor_2,8.6,34.2,41.63,-67,14760,False,10,2026-05-25,Monday,Good,Normal,Normal
2026-05-25 10:57:03.718141,device_007,sensor,warehouse_a,11.7,44.1,42.98,-67,14760,False,10,2026-05-25,Monday,Good,Normal,Normal
2026-05-25 10:57:03.718141,device_008,gateway,loading_bay,23.7,52.9,53.55,-60,14760,False,10,2026-05-25,Monday,Excellent,Normal,Normal
2026-05-25 10:57:03.718141,device_009,sensor,office_block,3.7,35.5,41.97,-64,14760,False,10,2026-05-25,Monday,Good,Normal,Normal
2026-05-25 10:57:03.718141,device_010,camera,warehouse_a,79.6,65.5,60.45,-50,14760,False,10,2026-05-25,Monday,Excellent,Normal,High
2026-05-25 10:57:03.718141,device_011,camera,factory_floor_1,66.4,69.6,54.78,-55,14760,False,10,2026-05-25,Monday,Excellent,Normal,Normal
2026-05-25 10:57:03.718141,device_012,camera,server_room,65.1,73.9,63.38,-57,14760,False,10,2026-05-25,Monday,Excellent,Normal,Normal
2026-05-25 10:57:03.718141,device_013,sensor,factory_floor_2,5.5,31.9,41.55,-55,14760,False,10,2026-05-25,Monday,Excellent,Normal,Normal
2026-05-25 10:57:03.718141,device_014,controller,server_room,12.4,39.9,48.93,-53,14760,False,10,2026-05-25,Monday,Excellent,Normal,Normal
2026-05-25 10:57:03.718141,device_015,sensor,loading_bay,5.9,37.2,39.01,-70,14760,False,10,2026-05-25,Monday,Good,Normal,Normal
2026-05-25 10:58:03.718141,device_001,gateway,warehouse_a,67.0,47.6,68.1,-61,14700,True,10,2026-05-25,Monday,Good,Normal,Normal
2026-05-25 10:58:03.718141,device_002,camera,factory_floor_2,64.4,70.9,61.05,-51,14700,False,10,2026-05-25,Monday,Excellent,Normal,Normal
2026-05-25 10:58:03.718141,device_003,sensor,warehouse_b,5.8,36.5,41.4,-68,14700,False,10,2026-05-25,Monday,Good,Normal,Normal
2026-05-25 10:58:03.718141,device_004,camera,warehouse_b,70.2,68.5,55.13,-64,14700,False,10,2026-05-25,Monday,Good,Normal,High
2026-05-25 10:58:03.718141,device_005,gateway,warehouse_a,29.1,61.9,49.25,-60,14700,False,10,2026-05-25,Monday,Excellent,Normal,Normal
2026-05-25 10:58:03.718141,device_006,sensor,factory_floor_2,4.8,37.2,41.88,-63,14700,False,10,2026-05-25,Monday,Good,Normal,Normal
2026-05-25 10:58:03.718141,device_007,sensor,warehouse_a,5.0,33.3,36.46,-61,14700,False,10,2026-05-25,Monday,Good,Normal,Normal
2026-05-25 10:58:03.718141,device_008,gateway,loading_bay,33.1,51.6,50.99,-62,14700,False,10,2026-05-25,Monday,Good,Normal,Normal
2026-05-25 10:58:03.718141,device_009,sensor,office_block,12.6,33.0,41.01,-65,14700,False,10,2026-05-25,Monday,Good,Normal,Normal
2026-05-25 10:58:03.718141,device_010,camera,warehouse_a,65.7,79.5,63.31,-57,14700,False,10,2026-05-25,Monday,Excellent,Normal,Normal
2026-05-25 10:58:03.718141,device_011,camera,factory_floor_1,69.1,68.0,64.48,-56,14700,False,10,2026-05-25,Monday,Excellent,Normal,Normal
2026-05-25 10:58:03.718141,device_012,camera,server_room,59.9,70.4,61.19,-63,14700,False,10,2026-05-25,Monday,Good,Normal,Normal
2026-05-25 10:58:03.718141,device_013,sensor,factory_floor_2,2.6,36.6,41.47,-69,14700,False,10,2026-05-25,Monday,Good,Normal,Normal
2026-05-25 10:58:03.718141,device_014,controller,server_room,49.8,46.2,69.51,-64,14700,True,10,2026-05-25,Monday,Good,Normal,Normal
2026-05-25 10:58:03.718141,device_015,sensor,loading_bay,5.5,30.2,40.46,-65,14700,False,10,2026-05-25,Monday,Good,Normal,Normal
2026-05-25 10:59:03.718141,device_001,gateway,warehouse_a,36.9,54.1,52.04,-49,14640,False,10,2026-05-25,Monday,Excellent,Normal,Normal
2026-05-25 10:59:03.718141,device_002,camera,factory_floor_2,60.4,65.7,69.81,-58,14640,False,10,2026-05-25,Monday,Excellent,Normal,Normal
2026-05-25 10:59:03.718141,device_003,sensor,warehouse_b,5.9,37.4,43.25,-68,14640,False,10,2026-05-25,Monday,Good,Normal,Normal
2026-05-25 10:59:03.718141,device_004,camera,warehouse_b,69.8,72.0,66.42,-56,14640,False,10,2026-05-25,Monday,Excellent,Normal,Normal
2026-05-25 10:59:03.718141,device_005,gateway,warehouse_a,22.7,56.2,51.23,-51,14640,False,10,2026-05-25,Monday,Excellent,Normal,Normal
2026-05-25 10:59:03.718141,device_006,sensor,factory_floor_2,18.3,39.8,37.81,-56,14640,False,10,2026-05-25,Monday,Excellent,Normal,Normal
2026-05-25 10:59:03.718141,device_007,sensor,warehouse_a,8.9,34.6,44.51,-58,14640,False,10,2026-05-25,Monday,Excellent,Normal,Normal
2026-05-25 10:59:03.718141,device_008,gateway,loading_bay,23.8,57.6,54.25,-48,14640,False,10,2026-05-25,Monday,Excellent,Normal,Normal
2026-05-25 10:59:03.718141,device_009,sensor,office_block,12.9,32.6,41.96,-65,14640,False,10,2026-05-25,Monday,Good,Normal,Normal
2026-05-25 10:59:03.718141,device_010,camera,warehouse_a,57.2,71.7,63.46,-65,14640,False,10,2026-05-25,Monday,Good,Normal,Normal
2026-05-25 10:59:03.718141,device_011,camera,factory_floor_1,60.2,68.1,59.38,-61,14640,False,10,2026-05-25,Monday,Good,Normal,Normal
2026-05-25 10:59:03.718141,device_012,camera,server_room,57.6,65.5,58.55,-51,14640,False,10,2026-05-25,Monday,Excellent,Normal,Normal
2026-05-25 10:59:03.718141,device_013,sensor,factory_floor_2,5.9,28.5,39.78,-56,14640,False,10,2026-05-25,Monday,Excellent,Normal,Normal
2026-05-25 10:59:03.718141,device_014,controller,server_room,28.1,41.9,51.76,-56,14640,False,10,2026-05-25,Monday,Excellent,Normal,Normal
2026-05-25 10:59:03.718141,device_015,sensor,loading_bay,9.4,39.8,43.25,-70,14640,False,10,2026-05-25,Monday,Good,Normal,Normal
2026-05-25 11:00:03.718141,device_001,gateway,warehouse_a,23.9,52.8,55.28,-59,14580,False,11,2026-05-25,Monday,Excellent,Normal,Normal
2026-05-25 11:00:03.718141,device_002,camera,factory_floor_2,58.3,75.2,63.17,-51,14580,False,11,2026-05-25,Monday,Excellent,Normal,Normal
2026-05-25 11:00:03.718141,device_003,sensor,warehouse_b,20.9,37.8,38.4,-57,14580,False,11,2026-05-25,Monday,Excellent,Normal,Normal
2026-05-25 11:00:03.718141,device_004,camera,warehouse_b,63.0,64.1,63.35,-64,14580,False,11,2026-05-25,Monday,Good,Normal,Normal
2026-05-25 11:00:03.718141,device_005,gateway,warehouse_a,21.7,55.3,49.67,-53,14580,False,11,2026-05-25,Monday,Excellent,Normal,Normal
2026-05-25 11:00:03.718141,device_006,sensor,factory_floor_2,34.8,39.1,63.98,-54,14580,True,11,2026-05-25,Monday,Excellent,Normal,Normal
2026-05-25 11:00:03.718141,device_007,sensor,warehouse_a,11.0,36.7,46.86,-63,14580,False,11,2026-05-25,Monday,Good,Normal,Normal
2026-05-25 11:00:03.718141,device_008,gateway,loading_bay,21.9,52.6,56.09,-53,14580,False,11,2026-05-25,Monday,Excellent,Normal,Normal
2026-05-25 11:00:03.718141,device_009,sensor,office_block,12.6,36.8,46.72,-67,14580,False,11,2026-05-25,Monday,Good,Normal,Normal
2026-05-25 11:00:03.718141,device_010,camera,warehouse_a,57.5,75.3,58.25,-59,14580,False,11,2026-05-25,Monday,Excellent,Normal,Normal
2026-05-25 11:00:03.718141,device_011,camera,factory_floor_1,64.2,73.0,61.24,-54,14580,False,11,2026-05-25,Monday,Excellent,Normal,Normal
2026-05-25 11:00:03.718141,device_012,camera,server_room,68.5,69.2,61.84,-65,14580,False,11,2026-05-25,Monday,Good,Normal,Normal
2026-05-25 11:00:03.718141,device_013,sensor,factory_floor_2,36.4,37.2,64.57,-65,14580,True,11,2026-05-25,Monday,Good,Normal,Normal
2026-05-25 11:00:03.718141,device_014,controller,server_room,16.7,44.5,51.25,-53,14580,False,11,2026-05-25,Monday,Excellent,Normal,Normal
2026-05-25 11:00:03.718141,device_015,sensor,loading_bay,3.7,31.1,39.72,-65,14580,False,11,2026-05-25,Monday,Good,Normal,Normal
2026-05-25 11:01:03.718141,device_001,gateway,warehouse_a,26.6,51.8,55.7,-48,14520,False,11,2026-05-25,Monday,Excellent,Normal,Normal
2026-05-25 11:01:03.718141,device_002,camera,factory_floor_2,65.9,69.0,59.03,-56,14520,False,11,2026-05-25,Monday,Excellent,Normal,Normal
2026-05-25 11:01:03.718141,device_003,sensor,warehouse_b,1.0,34.2,41.34,-69,14520,False,11,2026-05-25,Monday,Good,Normal,Normal
2026-05-25 11:01:03.718141,device_004,camera,warehouse_b,67.7,65.2,61.67,-54,14520,False,11,2026-05-25,Monday,Excellent,Normal,Normal
2026-05-25 11:01:03.718141,device_005,gateway,warehouse_a,33.4,55.8,52.63,-56,14520,False,11,2026-05-25,Monday,Excellent,Normal,Normal
2026-05-25 11:01:03.718141,device_006,sensor,factory_floor_2,8.0,35.9,40.45,-56,14520,False,11,2026-05-25,Monday,Excellent,Normal,Normal
2026-05-25 11:01:03.718141,device_007,sensor,warehouse_a,10.4,32.8,36.76,-56,14520,False,11,2026-05-25,Monday,Excellent,Normal,Normal
2026-05-25 11:01:03.718141,device_008,gateway,loading_bay,26.7,59.8,52.77,-48,14520,False,11,2026-05-25,Monday,Excellent,Normal,Normal
2026-05-25 11:01:03.718141,device_009,sensor,office_block,4.1,32.9,40.51,-67,14520,False,11,2026-05-25,Monday,Good,Normal,Normal
2026-05-25 11:01:03.718141,device_010,camera,warehouse_a,61.0,73.1,59.96,-66,14520,False,11,2026-05-25,Monday,Good,Normal,Normal
2026-05-25 11:01:03.718141,device_011,camera,factory_floor_1,59.7,63.2,62.28,-53,14520,False,11,2026-05-25,Monday,Excellent,Normal,Normal
2026-05-25 11:01:03.718141,device_012,camera,server_room,62.2,76.7,60.01,-66,14520,False,11,2026-05-25,Monday,Good,Normal,Normal
2026-05-25 11:01:03.718141,device_013,sensor,factory_floor_2,6.6,27.0,35.4,-61,14520,False,11,2026-05-25,Monday,Good,Normal,Normal
2026-05-25 11:01:03.718141,device_014,controller,server_room,18.2,46.5,49.84,-62,14520,False,11,2026-05-25,Monday,Good,Normal,Normal
2026-05-25 11:01:03.718141,device_015,sensor,loading_bay,8.8,32.8,45.49,-56,14520,False,11,2026-05-25,Monday,Excellent,Normal,Normal
2026-05-25 11:02:03.718141,device_001,gateway,warehouse_a,32.5,51.4,47.1,-52,14460,False,11,2026-05-25,Monday,Excellent,Normal,Normal
2026-05-25 11:02:03.718141,device_002,camera,factory_floor_2,56.0,69.8,60.18,-59,14460,False,11,2026-05-25,Monday,Excellent,Normal,Normal
2026-05-25 11:02:03.718141,device_003,sensor,warehouse_b,8.6,31.3,42.19,-60,14460,False,11,2026-05-25,Monday,Excellent,Normal,Normal
2026-05-25 11:02:03.718141,device_004,camera,warehouse_b,64.0,75.5,56.51,-51,14460,False,11,2026-05-25,Monday,Excellent,Normal,Normal
2026-05-25 11:02:03.718141,device_005,gateway,warehouse_a,26.5,61.4,50.53,-52,14460,False,11,2026-05-25,Monday,Excellent,Normal,Normal
2026-05-25 11:02:03.718141,device_006,sensor,factory_floor_2,1.8,30.6,38.62,-67,14460,False,11,2026-05-25,Monday,Good,Normal,Normal
2026-05-25 11:02:03.718141,device_007,sensor,warehouse_a,7.7,38.0,43.29,-63,14460,False,11,2026-05-25,Monday,Good,Normal,Normal
2026-05-25 11:02:03.718141,device_008,gateway,loading_bay,70.9,57.4,65.25,-52,14460,True,11,2026-05-25,Monday,Excellent,Normal,High
2026-05-25 11:02:03.718141,device_009,sensor,office_block,5.2,32.5,40.24,-61,14460,False,11,2026-05-25,Monday,Good,Normal,Normal
2026-05-25 11:02:03.718141,device_010,camera,warehouse_a,60.5,73.4,66.05,-55,14460,False,11,2026-05-25,Monday,Excellent,Normal,Normal
2026-05-25 11:02:03.718141,device_011,camera,factory_floor_1,65.1,63.9,65.05,-65,14460,False,11,2026-05-25,Monday,Good,Normal,Normal
2026-05-25 11:02:03.718141,device_012,camera,server_room,58.3,67.2,54.47,-51,14460,False,11,2026-05-25,Monday,Excellent,Normal,Normal
2026-05-25 11:02:03.718141,device_013,sensor,factory_floor_2,8.8,35.6,42.31,-57,14460,False,11,2026-05-25,Monday,Excellent,Normal,Normal
2026-05-25 11:02:03.718141,device_014,controller,server_room,10.9,46.0,50.41,-62,14460,False,11,2026-05-25,Monday,Good,Normal,Normal
2026-05-25 11:02:03.718141,device_015,sensor,loading_bay,11.7,36.2,36.32,-58,14460,False,11,2026-05-25,Monday,Excellent,Normal,Normal
2026-05-25 11:03:03.718141,device_001,gateway,warehouse_a,22.1,57.1,50.81,-57,14400,False,11,2026-05-25,Monday,Excellent,Normal,Normal
2026-05-25 11:03:03.718141,device_002,camera,factory_floor_2,65.5,70.0,58.45,-63,14400,False,11,2026-05-25,Monday,Good,Normal,Normal
2026-05-25 11:03:03.718141,device_003,sensor,warehouse_b,1.0,34.2,45.45,-69,14400,False,11,2026-05-25,Monday,Good,Normal,Normal
2026-05-25 11:03:03.718141,device_004,camera,warehouse_b,70.6,67.9,59.42,-63,14400,False,11,2026-05-25,Monday,Good,Normal,High
2026-05-25 11:03:03.718141,device_005,gateway,warehouse_a,24.2,52.2,54.63,-49,14400,False,11,2026-05-25,Monday,Excellent,Normal,Normal
2026-05-25 11:03:03.718141,device_006,sensor,factory_floor_2,11.2,27.1,40.85,-54,14400,False,11,2026-05-25,Monday,Excellent,Normal,Normal
2026-05-25 11:03:03.718141,device_007,sensor,warehouse_a,5.1,35.1,38.46,-55,14400,False,11,2026-05-25,Monday,Excellent,Normal,Normal
2026-05-25 11:03:03.718141,device_008,gateway,loading_bay,52.0,54.6,74.78,-62,14400,True,11,2026-05-25,Monday,Good,Warning,Normal
2026-05-25 11:03:03.718141,device_009,sensor,office_block,7.1,38.9,43.97,-57,14400,False,11,2026-05-25,Monday,Excellent,Normal,Normal
2026-05-25 11:03:03.718141,device_010,camera,warehouse_a,64.9,62.9,58.69,-51,14400,False,11,2026-05-25,Monday,Excellent,Normal,Normal
2026-05-25 11:03:03.718141,device_011,camera,factory_floor_1,61.6,70.4,59.15,-61,14400,False,11,2026-05-25,Monday,Good,Normal,Normal
2026-05-25 11:03:03.718141,device_012,camera,server_room,63.3,67.5,63.06,-61,14400,False,11,2026-05-25,Monday,Good,Normal,Normal
2026-05-25 11:03:03.718141,device_013,sensor,factory_floor_2,7.7,36.4,45.55,-66,14400,False,11,2026-05-25,Monday,Good,Normal,Normal
2026-05-25 11:03:03.718141,device_014,controller,server_room,17.7,42.5,46.19,-58,14400,False,11,2026-05-25,Monday,Excellent,Normal,Normal
2026-05-25 11:03:03.718141,device_015,sensor,loading_bay,3.7,38.0,40.38,-58,14400,False,11,2026-05-25,Monday,Excellent,Normal,Normal
2026-05-25 11:04:03.718141,device_001,gateway,warehouse_a,26.9,62.1,47.95,-56,14340,False,11,2026-05-25,Monday,Excellent,Normal,Normal
2026-05-25 11:04:03.718141,device_002,camera,factory_floor_2,66.6,68.2,56.78,-56,14340,False,11,2026-05-25,Monday,Excellent,Normal,Normal
2026-05-25 11:04:03.718141,device_003,sensor,warehouse_b,8.6,30.6,47.11,-56,14340,False,11,2026-05-25,Monday,Excellent,Normal,Normal
2026-05-25 11:04:03.718141,device_004,camera,warehouse_b,69.9,67.5,65.2,-62,14340,False,11,2026-05-25,Monday,Good,Normal,Normal
2026-05-25 11:04:03.718141,device_005,gateway,warehouse_a,26.6,54.2,48.89,-47,14340,False,11,2026-05-25,Monday,Excellent,Normal,Normal
2026-05-25 11:04:03.718141,device_006,sensor,factory_floor_2,7.8,39.4,43.98,-60,14340,False,11,2026-05-25,Monday,Excellent,Normal,Normal
2026-05-25 11:04:03.718141,device_007,sensor,warehouse_a,4.3,34.9,36.1,-64,14340,False,11,2026-05-25,Monday,Good,Normal,Normal
2026-05-25 11:04:03.718141,device_008,gateway,loading_bay,29.5,53.7,52.75,-54,14340,False,11,2026-05-25,Monday,Excellent,Normal,Normal
2026-05-25 11:04:03.718141,device_009,sensor,office_block,8.6,36.5,46.55,-66,14340,False,11,2026-05-25,Monday,Good,Normal,Normal
2026-05-25 11:04:03.718141,device_010,camera,warehouse_a,63.1,69.3,59.5,-61,14340,False,11,2026-05-25,Monday,Good,Normal,Normal
2026-05-25 11:04:03.718141,device_011,camera,factory_floor_1,73.2,69.9,60.45,-56,14340,False,11,2026-05-25,Monday,Excellent,Normal,High
2026-05-25 11:04:03.718141,device_012,camera,server_room,62.6,77.8,64.3,-55,14340,False,11,2026-05-25,Monday,Excellent,Normal,Normal
2026-05-25 11:04:03.718141,device_013,sensor,factory_floor_2,10.3,35.1,42.25,-57,14340,False,11,2026-05-25,Monday,Excellent,Normal,Normal
2026-05-25 11:04:03.718141,device_014,controller,server_room,6.1,45.5,50.24,-59,14340,False,11,2026-05-25,Monday,Excellent,Normal,Normal
2026-05-25 11:04:03.718141,device_015,sensor,loading_bay,10.1,33.5,39.87,-57,14340,False,11,2026-05-25,Monday,Excellent,Normal,Normal
2026-05-25 11:05:03.718141,device_001,gateway,warehouse_a,25.9,53.5,55.06,-47,14280,False,11,2026-05-25,Monday,Excellent,Normal,Normal
2026-05-25 11:05:03.718141,device_002,camera,factory_floor_2,75.4,64.9,62.29,-54,14280,False,11,2026-05-25,Monday,Excellent,Normal,High
2026-05-25 11:05:03.718141,device_003,sensor,warehouse_b,7.4,26.2,40.04,-69,14280,False,11,2026-05-25,Monday,Good,Normal,Normal
2026-05-25 11:05:03.718141,device_004,camera,warehouse_b,73.0,72.1,63.11,-61,14280,False,11,2026-05-25,Monday,Good,Normal,High
2026-05-25 11:05:03.718141,device_005,gateway,warehouse_a,28.8,53.1,47.85,-55,14280,False,11,2026-05-25,Monday,Excellent,Normal,Normal
2026-05-25 11:05:03.718141,device_006,sensor,factory_floor_2,12.2,24.9,38.85,-69,14280,False,11,2026-05-25,Monday,Good,Normal,Normal
2026-05-25 11:05:03.718141,device_007,sensor,warehouse_a,6.9,35.5,41.57,-61,14280,False,11,2026-05-25,Monday,Good,Normal,Normal
2026-05-25 11:05:03.718141,device_008,gateway,loading_bay,31.6,56.0,53.91,-62,14280,False,11,2026-05-25,Monday,Good,Normal,Normal
2026-05-25 11:05:03.718141,device_009,sensor,office_block,14.0,37.0,37.44,-56,14280,False,11,2026-05-25,Monday,Excellent,Normal,Normal
2026-05-25 11:05:03.718141,device_010,camera,warehouse_a,68.1,64.0,57.28,-59,14280,False,11,2026-05-25,Monday,Excellent,Normal,Normal
2026-05-25 11:05:03.718141,device_011,camera,factory_floor_1,61.3,73.0,59.02,-54,14280,False,11,2026-05-25,Monday,Excellent,Normal,Normal
2026-05-25 11:05:03.718141,device_012,camera,server_room,61.9,67.6,58.43,-57,14280,False,11,2026-05-25,Monday,Excellent,Normal,Normal
2026-05-25 11:05:03.718141,device_013,sensor,factory_floor_2,13.6,34.3,42.04,-69,14280,False,11,2026-05-25,Monday,Good,Normal,Normal
2026-05-25 11:05:03.718141,device_014,controller,server_room,17.4,42.0,51.88,-56,14280,False,11,2026-05-25,Monday,Excellent,Normal,Normal
2026-05-25 11:05:03.718141,device_015,sensor,loading_bay,14.6,34.4,42.63,-60,14280,False,11,2026-05-25,Monday,Excellent,Normal,Normal
2026-05-25 11:06:03.718141,device_001,gateway,warehouse_a,40.5,53.6,48.83,-62,14220,False,11,2026-05-25,Monday,Good,Normal,Normal
2026-05-25 11:06:03.718141,device_002,camera,factory_floor_2,88.8,76.8,83.86,-58,14220,True,11,2026-05-25,Monday,Excellent,Critical,Critical
2026-05-25 11:06:03.718141,device_003,sensor,warehouse_b,16.3,34.2,45.67,-56,14220,False,11,2026-05-25,Monday,Excellent,Normal,Normal
2026-05-25 11:06:03.718141,device_004,camera,warehouse_b,63.2,78.1,55.99,-55,14220,False,11,2026-05-25,Monday,Excellent,Normal,Normal
2026-05-25 11:06:03.718141,device_005,gateway,warehouse_a,30.3,60.3,50.52,-57,14220,False,11,2026-05-25,Monday,Excellent,Normal,Normal
2026-05-25 11:06:03.718141,device_006,sensor,factory_floor_2,3.1,34.3,43.22,-64,14220,False,11,2026-05-25,Monday,Good,Normal,Normal
2026-05-25 11:06:03.718141,device_007,sensor,warehouse_a,11.2,29.2,41.81,-65,14220,False,11,2026-05-25,Monday,Good,Normal,Normal
2026-05-25 11:06:03.718141,device_008,gateway,loading_bay,28.4,54.9,55.15,-61,14220,False,11,2026-05-25,Monday,Good,Normal,Normal
2026-05-25 11:06:03.718141,device_009,sensor,office_block,11.9,34.9,38.86,-65,14220,False,11,2026-05-25,Monday,Good,Normal,Normal
2026-05-25 11:06:03.718141,device_010,camera,warehouse_a,61.9,70.1,63.24,-63,14220,False,11,2026-05-25,Monday,Good,Normal,Normal
2026-05-25 11:06:03.718141,device_011,camera,factory_floor_1,68.5,72.8,64.26,-53,14220,False,11,2026-05-25,Monday,Excellent,Normal,Normal
2026-05-25 11:06:03.718141,device_012,camera,server_room,66.4,70.0,58.01,-58,14220,False,11,2026-05-25,Monday,Excellent,Normal,Normal
2026-05-25 11:06:03.718141,device_013,sensor,factory_floor_2,5.3,33.5,40.97,-62,14220,False,11,2026-05-25,Monday,Good,Normal,Normal
2026-05-25 11:06:03.718141,device_014,controller,server_room,43.1,42.3,62.13,-54,14220,True,11,2026-05-25,Monday,Excellent,Normal,Normal
2026-05-25 11:06:03.718141,device_015,sensor,loading_bay,9.0,35.1,37.96,-66,14220,False,11,2026-05-25,Monday,Good,Normal,Normal
2026-05-25 11:07:03.718141,device_001,gateway,warehouse_a,37.5,61.6,55.07,-53,14160,False,11,2026-05-25,Monday,Excellent,Normal,Normal
2026-05-25 11:07:03.718141,device_002,camera,factory_floor_2,67.0,67.1,64.5,-57,14160,False,11,2026-05-25,Monday,Excellent,Normal,Normal
2026-05-25 11:07:03.718141,device_003,sensor,warehouse_b,4.8,39.7,33.78,-59,14160,False,11,2026-05-25,Monday,Excellent,Normal,Normal
2026-05-25 11:07:03.718141,device_004,camera,warehouse_b,72.7,69.0,59.34,-56,14160,False,11,2026-05-25,Monday,Excellent,Normal,High
2026-05-25 11:07:03.718141,device_005,gateway,warehouse_a,24.2,59.5,53.15,-58,14160,False,11,2026-05-25,Monday,Excellent,Normal,Normal
2026-05-25 11:07:03.718141,device_006,sensor,factory_floor_2,1.0,33.9,43.23,-54,14160,False,11,2026-05-25,Monday,Excellent,Normal,Normal
2026-05-25 11:07:03.718141,device_007,sensor,warehouse_a,8.6,34.2,43.38,-58,14160,False,11,2026-05-25,Monday,Excellent,Normal,Normal
2026-05-25 11:07:03.718141,device_008,gateway,loading_bay,27.5,58.9,51.36,-56,14160,False,11,2026-05-25,Monday,Excellent,Normal,Normal
2026-05-25 11:07:03.718141,device_009,sensor,office_block,10.1,29.9,42.66,-60,14160,False,11,2026-05-25,Monday,Excellent,Normal,Normal
2026-05-25 11:07:03.718141,device_010,camera,warehouse_a,63.1,70.2,63.7,-57,14160,False,11,2026-05-25,Monday,Excellent,Normal,Normal
2026-05-25 11:07:03.718141,device_011,camera,factory_floor_1,68.3,74.2,66.3,-50,14160,False,11,2026-05-25,Monday,Excellent,Normal,Normal
2026-05-25 11:07:03.718141,device_012,camera,server_room,65.5,59.8,59.47,-66,14160,False,11,2026-05-25,Monday,Good,Normal,Normal
2026-05-25 11:07:03.718141,device_013,sensor,factory_floor_2,7.2,36.6,41.02,-59,14160,False,11,2026-05-25,Monday,Excellent,Normal,Normal
2026-05-25 11:07:03.718141,device_014,controller,server_room,17.2,37.9,47.04,-61,14160,False,11,2026-05-25,Monday,Good,Normal,Normal
2026-05-25 11:07:03.718141,device_015,sensor,loading_bay,3.3,41.9,43.43,-60,14160,False,11,2026-05-25,Monday,Excellent,Normal,Normal
2026-05-25 11:08:03.718141,device_001,gateway,warehouse_a,27.5,58.8,52.98,-60,14100,False,11,2026-05-25,Monday,Excellent,Normal,Normal
2026-05-25 11:08:03.718141,device_002,camera,factory_floor_2,60.9,67.0,62.1,-57,14100,False,11,2026-05-25,Monday,Excellent,Normal,Normal
2026-05-25 11:08:03.718141,device_003,sensor,warehouse_b,12.3,36.2,42.45,-54,14100,False,11,2026-05-25,Monday,Excellent,Normal,Normal
2026-05-25 11:08:03.718141,device_004,camera,warehouse_b,61.1,78.3,63.12,-55,14100,False,11,2026-05-25,Monday,Excellent,Normal,Normal
2026-05-25 11:08:03.718141,device_005,gateway,warehouse_a,23.0,55.9,50.98,-47,14100,False,11,2026-05-25,Monday,Excellent,Normal,Normal
2026-05-25 11:08:03.718141,device_006,sensor,factory_floor_2,11.9,23.7,40.32,-69,14100,False,11,2026-05-25,Monday,Good,Normal,Normal
2026-05-25 11:08:03.718141,device_007,sensor,warehouse_a,14.8,28.0,44.28,-64,14100,False,11,2026-05-25,Monday,Good,Normal,Normal
2026-05-25 11:08:03.718141,device_008,gateway,loading_bay,25.0,60.8,56.7,-61,14100,False,11,2026-05-25,Monday,Good,Normal,Normal
2026-05-25 11:08:03.718141,device_009,sensor,office_block,12.7,35.3,41.47,-65,14100,False,11,2026-05-25,Monday,Good,Normal,Normal
2026-05-25 11:08:03.718141,device_010,camera,warehouse_a,64.3,66.5,64.38,-66,14100,False,11,2026-05-25,Monday,Good,Normal,Normal
2026-05-25 11:08:03.718141,device_011,camera,factory_floor_1,61.0,69.8,64.03,-60,14100,False,11,2026-05-25,Monday,Excellent,Normal,Normal
2026-05-25 11:08:03.718141,device_012,camera,server_room,71.9,69.8,58.99,-60,14100,False,11,2026-05-25,Monday,Excellent,Normal,High
2026-05-25 11:08:03.718141,device_013,sensor,factory_floor_2,3.4,29.1,42.02,-57,14100,False,11,2026-05-25,Monday,Excellent,Normal,Normal
2026-05-25 11:08:03.718141,device_014,controller,server_room,15.6,47.8,43.69,-62,14100,False,11,2026-05-25,Monday,Good,Normal,Normal
2026-05-25 11:08:03.718141,device_015,sensor,loading_bay,11.6,40.3,36.81,-57,14100,False,11,2026-05-25,Monday,Excellent,Normal,Normal
2026-05-25 11:09:03.718141,device_001,gateway,warehouse_a,40.5,52.4,52.14,-61,14040,False,11,2026-05-25,Monday,Good,Normal,Normal
2026-05-25 11:09:03.718141,device_002,camera,factory_floor_2,79.1,70.1,57.04,-62,14040,False,11,2026-05-25,Monday,Good,Normal,High
2026-05-25 11:09:03.718141,device_003,sensor,warehouse_b,8.9,36.4,46.04,-60,14040,False,11,2026-05-25,Monday,Excellent,Normal,Normal
2026-05-25 11:09:03.718141,device_004,camera,warehouse_b,62.5,68.6,58.15,-64,14040,False,11,2026-05-25,Monday,Good,Normal,Normal
2026-05-25 11:09:03.718141,device_005,gateway,warehouse_a,23.0,52.7,52.14,-55,14040,False,11,2026-05-25,Monday,Excellent,Normal,Normal
2026-05-25 11:09:03.718141,device_006,sensor,factory_floor_2,1.0,33.0,45.77,-63,14040,False,11,2026-05-25,Monday,Good,Normal,Normal
2026-05-25 11:09:03.718141,device_007,sensor,warehouse_a,1.7,35.3,41.5,-57,14040,False,11,2026-05-25,Monday,Excellent,Normal,Normal
2026-05-25 11:09:03.718141,device_008,gateway,loading_bay,19.3,50.8,52.99,-51,14040,False,11,2026-05-25,Monday,Excellent,Normal,Normal
2026-05-25 11:09:03.718141,device_009,sensor,office_block,16.6,33.4,43.57,-70,14040,False,11,2026-05-25,Monday,Good,Normal,Normal
2026-05-25 11:09:03.718141,device_010,camera,warehouse_a,61.3,72.5,60.69,-63,14040,False,11,2026-05-25,Monday,Good,Normal,Normal
2026-05-25 11:09:03.718141,device_011,camera,factory_floor_1,64.9,70.2,60.35,-64,14040,False,11,2026-05-25,Monday,Good,Normal,Normal
2026-05-25 11:09:03.718141,device_012,camera,server_room,62.0,61.7,59.97,-65,14040,False,11,2026-05-25,Monday,Good,Normal,Normal
2026-05-25 11:09:03.718141,device_013,sensor,factory_floor_2,12.9,31.9,42.9,-68,14040,False,11,2026-05-25,Monday,Good,Normal,Normal
2026-05-25 11:09:03.718141,device_014,controller,server_room,27.5,40.9,48.26,-52,14040,False,11,2026-05-25,Monday,Excellent,Normal,Normal
2026-05-25 11:09:03.718141,device_015,sensor,loading_bay,12.3,36.6,43.19,-61,14040,False,11,2026-05-25,Monday,Good,Normal,Normal
2026-05-25 11:10:03.718141,device_001,gateway,warehouse_a,25.9,54.0,53.35,-54,13980,False,11,2026-05-25,Monday,Excellent,Normal,Normal
2026-05-25 11:10:03.718141,device_002,camera,factory_floor_2,67.8,68.3,55.29,-52,13980,False,11,2026-05-25,Monday,Excellent,Normal,Normal
2026-05-25 11:10:03.718141,device_003,sensor,warehouse_b,16.6,32.6,39.7,-70,13980,False,11,2026-05-25,Monday,Good,Normal,Normal
2026-05-25 11:10:03.718141,device_004,camera,warehouse_b,62.8,61.2,57.36,-59,13980,False,11,2026-05-25,Monday,Excellent,Normal,Normal
2026-05-25 11:10:03.718141,device_005,gateway,warehouse_a,26.8,54.8,52.41,-51,13980,False,11,2026-05-25,Monday,Excellent,Normal,Normal
2026-05-25 11:10:03.718141,device_006,sensor,factory_floor_2,7.3,39.1,42.13,-61,13980,False,11,2026-05-25,Monday,Good,Normal,Normal
2026-05-25 11:10:03.718141,device_007,sensor,warehouse_a,7.0,33.9,40.28,-66,13980,False,11,2026-05-25,Monday,Good,Normal,Normal
2026-05-25 11:10:03.718141,device_008,gateway,loading_bay,30.9,52.5,56.24,-52,13980,False,11,2026-05-25,Monday,Excellent,Normal,Normal
2026-05-25 11:10:03.718141,device_009,sensor,office_block,8.5,31.0,43.02,-70,13980,False,11,2026-05-25,Monday,Good,Normal,Normal
2026-05-25 11:10:03.718141,device_010,camera,warehouse_a,65.1,62.9,56.6,-62,13980,False,11,2026-05-25,Monday,Good,Normal,Normal
2026-05-25 11:10:03.718141,device_011,camera,factory_floor_1,66.8,70.8,59.85,-66,13980,False,11,2026-05-25,Monday,Good,Normal,Normal
2026-05-25 11:10:03.718141,device_012,camera,server_room,64.9,69.8,58.07,-54,13980,False,11,2026-05-25,Monday,Excellent,Normal,Normal
2026-05-25 11:10:03.718141,device_013,sensor,factory_floor_2,1.8,29.6,46.17,-68,13980,False,11,2026-05-25,Monday,Good,Normal,Normal
2026-05-25 11:10:03.718141,device_014,controller,server_room,17.0,47.3,44.87,-57,13980,False,11,2026-05-25,Monday,Excellent,Normal,Normal
2026-05-25 11:10:03.718141,device_015,sensor,loading_bay,6.3,38.4,40.44,-54,13980,False,11,2026-05-25,Monday,Excellent,Normal,Normal
2026-05-25 11:11:03.718141,device_001,gateway,warehouse_a,28.1,51.1,53.55,-58,13920,False,11,2026-05-25,Monday,Excellent,Normal,Normal
2026-05-25 11:11:03.718141,device_002,camera,factory_floor_2,58.0,68.7,61.32,-58,13920,False,11,2026-05-25,Monday,Excellent,Normal,Normal
2026-05-25 11:11:03.718141,device_003,sensor,warehouse_b,11.1,35.8,41.76,-65,13920,False,11,2026-05-25,Monday,Good,Normal,Normal
2026-05-25 11:11:03.718141,device_004,camera,warehouse_b,56.9,69.3,66.67,-65,13920,False,11,2026-05-25,Monday,Good,Normal,Normal
2026-05-25 11:11:03.718141,device_005,gateway,warehouse_a,31.5,56.2,49.49,-49,13920,False,11,2026-05-25,Monday,Excellent,Normal,Normal
2026-05-25 11:11:03.718141,device_006,sensor,factory_floor_2,1.5,33.6,43.36,-68,13920,False,11,2026-05-25,Monday,Good,Normal,Normal
2026-05-25 11:11:03.718141,device_007,sensor,warehouse_a,8.1,30.1,44.09,-68,13920,False,11,2026-05-25,Monday,Good,Normal,Normal
2026-05-25 11:11:03.718141,device_008,gateway,loading_bay,24.6,63.4,53.37,-57,13920,False,11,2026-05-25,Monday,Excellent,Normal,Normal
2026-05-25 11:11:03.718141,device_009,sensor,office_block,7.3,34.6,43.77,-55,13920,False,11,2026-05-25,Monday,Excellent,Normal,Normal
2026-05-25 11:11:03.718141,device_010,camera,warehouse_a,74.7,70.4,55.76,-55,13920,False,11,2026-05-25,Monday,Excellent,Normal,High
2026-05-25 11:11:03.718141,device_011,camera,factory_floor_1,56.9,71.2,53.48,-59,13920,False,11,2026-05-25,Monday,Excellent,Normal,Normal
2026-05-25 11:11:03.718141,device_012,camera,server_room,65.7,69.6,60.15,-64,13920,False,11,2026-05-25,Monday,Good,Normal,Normal
2026-05-25 11:11:03.718141,device_013,sensor,factory_floor_2,23.5,37.0,41.23,-60,13920,False,11,2026-05-25,Monday,Excellent,Normal,Normal
2026-05-25 11:11:03.718141,device_014,controller,server_room,14.8,44.0,48.89,-58,13920,False,11,2026-05-25,Monday,Excellent,Normal,Normal
2026-05-25 11:11:03.718141,device_015,sensor,loading_bay,5.9,39.7,47.46,-61,13920,False,11,2026-05-25,Monday,Good,Normal,Normal
2026-05-25 11:12:03.718141,device_001,gateway,warehouse_a,28.7,53.6,45.09,-59,13860,False,11,2026-05-25,Monday,Excellent,Normal,Normal
2026-05-25 11:12:03.718141,device_002,camera,factory_floor_2,78.5,74.4,60.31,-55,13860,False,11,2026-05-25,Monday,Excellent,Normal,High
2026-05-25 11:12:03.718141,device_003,sensor,warehouse_b,15.2,31.6,42.66,-57,13860,False,11,2026-05-25,Monday,Excellent,Normal,Normal
2026-05-25 11:12:03.718141,device_004,camera,warehouse_b,52.8,66.7,63.05,-56,13860,False,11,2026-05-25,Monday,Excellent,Normal,Normal
2026-05-25 11:12:03.718141,device_005,gateway,warehouse_a,28.9,53.9,48.25,-56,13860,False,11,2026-05-25,Monday,Excellent,Normal,Normal
2026-05-25 11:12:03.718141,device_006,sensor,factory_floor_2,8.2,30.5,42.81,-57,13860,False,11,2026-05-25,Monday,Excellent,Normal,Normal
2026-05-25 11:12:03.718141,device_007,sensor,warehouse_a,14.0,28.3,40.21,-59,13860,False,11,2026-05-25,Monday,Excellent,Normal,Normal
2026-05-25 11:12:03.718141,device_008,gateway,loading_bay,27.5,55.6,52.1,-53,13860,False,11,2026-05-25,Monday,Excellent,Normal,Normal
2026-05-25 11:12:03.718141,device_009,sensor,office_block,14.8,34.5,41.29,-56,13860,False,11,2026-05-25,Monday,Excellent,Normal,Normal
2026-05-25 11:12:03.718141,device_010,camera,warehouse_a,59.5,70.7,63.46,-57,13860,False,11,2026-05-25,Monday,Excellent,Normal,Normal
2026-05-25 11:12:03.718141,device_011,camera,factory_floor_1,62.9,75.8,55.29,-63,13860,False,11,2026-05-25,Monday,Good,Normal,Normal
2026-05-25 11:12:03.718141,device_012,camera,server_room,58.9,71.4,59.23,-64,13860,False,11,2026-05-25,Monday,Good,Normal,Normal
2026-05-25 11:12:03.718141,device_013,sensor,factory_floor_2,2.0,26.5,37.52,-66,13860,False,11,2026-05-25,Monday,Good,Normal,Normal
2026-05-25 11:12:03.718141,device_014,controller,server_room,21.6,56.7,46.36,-62,13860,False,11,2026-05-25,Monday,Good,Normal,Normal
2026-05-25 11:12:03.718141,device_015,sensor,loading_bay,3.0,32.7,39.24,-68,13860,False,11,2026-05-25,Monday,Good,Normal,Normal
2026-05-25 11:13:03.718141,device_001,gateway,warehouse_a,29.2,57.4,50.59,-63,13800,False,11,2026-05-25,Monday,Good,Normal,Normal
2026-05-25 11:13:03.718141,device_002,camera,factory_floor_2,60.1,62.8,56.86,-66,13800,False,11,2026-05-25,Monday,Good,Normal,Normal
2026-05-25 11:13:03.718141,device_003,sensor,warehouse_b,1.0,33.8,40.45,-58,13800,False,11,2026-05-25,Monday,Excellent,Normal,Normal
2026-05-25 11:13:03.718141,device_004,camera,warehouse_b,61.8,74.9,64.73,-60,13800,False,11,2026-05-25,Monday,Excellent,Normal,Normal
2026-05-25 11:13:03.718141,device_005,gateway,warehouse_a,26.3,52.7,46.62,-55,13800,False,11,2026-05-25,Monday,Excellent,Normal,Normal
2026-05-25 11:13:03.718141,device_006,sensor,factory_floor_2,5.0,32.2,40.03,-55,13800,False,11,2026-05-25,Monday,Excellent,Normal,Normal
2026-05-25 11:13:03.718141,device_007,sensor,warehouse_a,4.7,32.5,40.84,-66,13800,False,11,2026-05-25,Monday,Good,Normal,Normal
2026-05-25 11:13:03.718141,device_008,gateway,loading_bay,29.0,51.4,53.08,-56,13800,False,11,2026-05-25,Monday,Excellent,Normal,Normal
2026-05-25 11:13:03.718141,device_009,sensor,office_block,14.4,28.5,39.06,-61,13800,False,11,2026-05-25,Monday,Good,Normal,Normal
2026-05-25 11:13:03.718141,device_010,camera,warehouse_a,66.9,71.3,58.55,-50,13800,False,11,2026-05-25,Monday,Excellent,Normal,Normal
2026-05-25 11:13:03.718141,device_011,camera,factory_floor_1,53.0,72.7,65.18,-54,13800,False,11,2026-05-25,Monday,Excellent,Normal,Normal
2026-05-25 11:13:03.718141,device_012,camera,server_room,57.5,76.7,56.56,-66,13800,False,11,2026-05-25,Monday,Good,Normal,Normal
2026-05-25 11:13:03.718141,device_013,sensor,factory_floor_2,4.3,25.9,39.5,-65,13800,False,11,2026-05-25,Monday,Good,Normal,Normal
2026-05-25 11:13:03.718141,device_014,controller,server_room,16.2,47.9,47.32,-64,13800,False,11,2026-05-25,Monday,Good,Normal,Normal
2026-05-25 11:13:03.718141,device_015,sensor,loading_bay,1.0,36.8,37.44,-65,13800,False,11,2026-05-25,Monday,Good,Normal,Normal
2026-05-25 11:14:03.718141,device_001,gateway,warehouse_a,33.0,59.3,47.29,-59,13740,False,11,2026-05-25,Monday,Excellent,Normal,Normal
2026-05-25 11:14:03.718141,device_002,camera,factory_floor_2,65.2,69.7,64.28,-51,13740,False,11,2026-05-25,Monday,Excellent,Normal,Normal
2026-05-25 11:14:03.718141,device_003,sensor,warehouse_b,1.0,39.2,41.54,-69,13740,False,11,2026-05-25,Monday,Good,Normal,Normal
2026-05-25 11:14:03.718141,device_004,camera,warehouse_b,60.5,69.3,59.84,-51,13740,False,11,2026-05-25,Monday,Excellent,Normal,Normal
2026-05-25 11:14:03.718141,device_005,gateway,warehouse_a,13.5,51.4,57.01,-55,13740,False,11,2026-05-25,Monday,Excellent,Normal,Normal
2026-05-25 11:14:03.718141,device_006,sensor,factory_floor_2,10.5,40.0,41.74,-69,13740,False,11,2026-05-25,Monday,Good,Normal,Normal
2026-05-25 11:14:03.718141,device_007,sensor,warehouse_a,10.0,31.4,41.3,-54,13740,False,11,2026-05-25,Monday,Excellent,Normal,Normal
2026-05-25 11:14:03.718141,device_008,gateway,loading_bay,32.0,57.6,46.38,-52,13740,False,11,2026-05-25,Monday,Excellent,Normal,Normal
2026-05-25 11:14:03.718141,device_009,sensor,office_block,2.5,35.6,45.76,-56,13740,False,11,2026-05-25,Monday,Excellent,Normal,Normal
2026-05-25 11:14:03.718141,device_010,camera,warehouse_a,68.2,63.0,61.25,-65,13740,False,11,2026-05-25,Monday,Good,Normal,Normal
2026-05-25 11:14:03.718141,device_011,camera,factory_floor_1,60.7,70.7,63.02,-56,13740,False,11,2026-05-25,Monday,Excellent,Normal,Normal
2026-05-25 11:14:03.718141,device_012,camera,server_room,70.9,66.1,62.21,-50,13740,False,11,2026-05-25,Monday,Excellent,Normal,High
2026-05-25 11:14:03.718141,device_013,sensor,factory_floor_2,4.0,25.7,42.31,-62,13740,False,11,2026-05-25,Monday,Good,Normal,Normal
2026-05-25 11:14:03.718141,device_014,controller,server_room,26.4,49.9,49.33,-60,13740,False,11,2026-05-25,Monday,Excellent,Normal,Normal
2026-05-25 11:14:03.718141,device_015,sensor,loading_bay,1.0,43.9,45.73,-65,13740,False,11,2026-05-25,Monday,Good,Normal,Normal
2026-05-25 11:15:03.718141,device_001,gateway,warehouse_a,21.4,55.0,54.31,-51,13680,False,11,2026-05-25,Monday,Excellent,Normal,Normal
2026-05-25 11:15:03.718141,device_002,camera,factory_floor_2,57.3,73.3,62.48,-64,13680,False,11,2026-05-25,Monday,Good,Normal,Normal
2026-05-25 11:15:03.718141,device_003,sensor,warehouse_b,5.0,28.3,45.5,-58,13680,False,11,2026-05-25,Monday,Excellent,Normal,Normal
2026-05-25 11:15:03.718141,device_004,camera,warehouse_b,57.5,70.1,61.41,-59,13680,False,11,2026-05-25,Monday,Excellent,Normal,Normal
2026-05-25 11:15:03.718141,device_005,gateway,warehouse_a,24.4,57.1,54.43,-52,13680,False,11,2026-05-25,Monday,Excellent,Normal,Normal
2026-05-25 11:15:03.718141,device_006,sensor,factory_floor_2,12.3,37.4,41.63,-59,13680,False,11,2026-05-25,Monday,Excellent,Normal,Normal
2026-05-25 11:15:03.718141,device_007,sensor,warehouse_a,5.8,31.7,48.16,-55,13680,False,11,2026-05-25,Monday,Excellent,Normal,Normal
2026-05-25 11:15:03.718141,device_008,gateway,loading_bay,38.5,49.5,52.1,-63,13680,False,11,2026-05-25,Monday,Good,Normal,Normal
2026-05-25 11:15:03.718141,device_009,sensor,office_block,14.8,38.4,42.38,-66,13680,False,11,2026-05-25,Monday,Good,Normal,Normal
2026-05-25 11:15:03.718141,device_010,camera,warehouse_a,71.1,67.6,62.01,-59,13680,False,11,2026-05-25,Monday,Excellent,Normal,High
2026-05-25 11:15:03.718141,device_011,camera,factory_floor_1,69.9,72.7,61.0,-58,13680,False,11,2026-05-25,Monday,Excellent,Normal,Normal
2026-05-25 11:15:03.718141,device_012,camera,server_room,54.2,67.4,62.34,-61,13680,False,11,2026-05-25,Monday,Good,Normal,Normal
2026-05-25 11:15:03.718141,device_013,sensor,factory_floor_2,16.3,36.0,43.87,-67,13680,False,11,2026-05-25,Monday,Good,Normal,Normal
2026-05-25 11:15:03.718141,device_014,controller,server_room,20.4,51.5,45.0,-55,13680,False,11,2026-05-25,Monday,Excellent,Normal,Normal
2026-05-25 11:15:03.718141,device_015,sensor,loading_bay,18.0,41.4,43.18,-67,13680,False,11,2026-05-25,Monday,Good,Normal,Normal
2026-05-25 11:16:03.718141,device_001,gateway,warehouse_a,25.2,55.2,49.61,-48,13620,False,11,2026-05-25,Monday,Excellent,Normal,Normal
2026-05-25 11:16:03.718141,device_002,camera,factory_floor_2,67.2,72.2,59.82,-61,13620,False,11,2026-05-25,Monday,Good,Normal,Normal
2026-05-25 11:16:03.718141,device_003,sensor,warehouse_b,9.5,37.1,39.01,-57,13620,False,11,2026-05-25,Monday,Excellent,Normal,Normal
2026-05-25 11:16:03.718141,device_004,camera,warehouse_b,69.3,74.6,61.51,-65,13620,False,11,2026-05-25,Monday,Good,Normal,Normal
2026-05-25 11:16:03.718141,device_005,gateway,warehouse_a,21.9,50.3,53.4,-58,13620,False,11,2026-05-25,Monday,Excellent,Normal,Normal
2026-05-25 11:16:03.718141,device_006,sensor,factory_floor_2,2.4,31.2,40.11,-54,13620,False,11,2026-05-25,Monday,Excellent,Normal,Normal
2026-05-25 11:16:03.718141,device_007,sensor,warehouse_a,5.3,38.3,41.36,-66,13620,False,11,2026-05-25,Monday,Good,Normal,Normal
2026-05-25 11:16:03.718141,device_008,gateway,loading_bay,26.4,59.6,47.24,-55,13620,False,11,2026-05-25,Monday,Excellent,Normal,Normal
2026-05-25 11:16:03.718141,device_009,sensor,office_block,3.8,36.8,41.82,-54,13620,False,11,2026-05-25,Monday,Excellent,Normal,Normal
2026-05-25 11:16:03.718141,device_010,camera,warehouse_a,66.0,71.9,64.28,-66,13620,False,11,2026-05-25,Monday,Good,Normal,Normal
2026-05-25 11:16:03.718141,device_011,camera,factory_floor_1,60.7,70.8,67.54,-57,13620,False,11,2026-05-25,Monday,Excellent,Normal,Normal
2026-05-25 11:16:03.718141,device_012,camera,server_room,64.3,71.0,63.89,-60,13620,False,11,2026-05-25,Monday,Excellent,Normal,Normal
2026-05-25 11:16:03.718141,device_013,sensor,factory_floor_2,10.0,33.9,49.48,-55,13620,False,11,2026-05-25,Monday,Excellent,Normal,Normal
2026-05-25 11:16:03.718141,device_014,controller,server_room,16.4,49.3,48.35,-63,13620,False,11,2026-05-25,Monday,Good,Normal,Normal
2026-05-25 11:16:03.718141,device_015,sensor,loading_bay,1.0,32.7,36.1,-57,13620,False,11,2026-05-25,Monday,Excellent,Normal,Normal
2026-05-25 11:17:03.718141,device_001,gateway,warehouse_a,19.8,57.0,50.73,-58,13560,False,11,2026-05-25,Monday,Excellent,Normal,Normal
2026-05-25 11:17:03.718141,device_002,camera,factory_floor_2,60.5,70.3,56.72,-50,13560,False,11,2026-05-25,Monday,Excellent,Normal,Normal
2026-05-25 11:17:03.718141,device_003,sensor,warehouse_b,12.3,38.3,36.92,-60,13560,False,11,2026-05-25,Monday,Excellent,Normal,Normal
2026-05-25 11:17:03.718141,device_004,camera,warehouse_b,69.1,74.9,63.86,-64,13560,False,11,2026-05-25,Monday,Good,Normal,Normal
2026-05-25 11:17:03.718141,device_005,gateway,warehouse_a,39.0,55.4,50.93,-51,13560,False,11,2026-05-25,Monday,Excellent,Normal,Normal
2026-05-25 11:17:03.718141,device_006,sensor,factory_floor_2,5.9,41.1,42.01,-70,13560,False,11,2026-05-25,Monday,Good,Normal,Normal
2026-05-25 11:17:03.718141,device_007,sensor,warehouse_a,1.3,40.5,39.42,-54,13560,False,11,2026-05-25,Monday,Excellent,Normal,Normal
2026-05-25 11:17:03.718141,device_008,gateway,loading_bay,33.1,58.4,50.91,-59,13560,False,11,2026-05-25,Monday,Excellent,Normal,Normal
2026-05-25 11:17:03.718141,device_009,sensor,office_block,9.7,35.3,46.5,-65,13560,False,11,2026-05-25,Monday,Good,Normal,Normal
2026-05-25 11:17:03.718141,device_010,camera,warehouse_a,70.1,72.4,68.93,-65,13560,False,11,2026-05-25,Monday,Good,Normal,High
2026-05-25 11:17:03.718141,device_011,camera,factory_floor_1,65.2,68.5,63.17,-50,13560,False,11,2026-05-25,Monday,Excellent,Normal,Normal
2026-05-25 11:17:03.718141,device_012,camera,server_room,76.9,68.9,61.54,-64,13560,False,11,2026-05-25,Monday,Good,Normal,High
2026-05-25 11:17:03.718141,device_013,sensor,factory_floor_2,3.8,38.5,45.29,-66,13560,False,11,2026-05-25,Monday,Good,Normal,Normal
2026-05-25 11:17:03.718141,device_014,controller,server_room,15.5,39.0,49.73,-68,13560,False,11,2026-05-25,Monday,Good,Normal,Normal
2026-05-25 11:17:03.718141,device_015,sensor,loading_bay,8.9,41.8,43.36,-57,13560,False,11,2026-05-25,Monday,Excellent,Normal,Normal
2026-05-25 11:18:03.718141,device_001,gateway,warehouse_a,24.1,51.4,48.16,-52,13500,False,11,2026-05-25,Monday,Excellent,Normal,Normal
2026-05-25 11:18:03.718141,device_002,camera,factory_floor_2,58.3,76.2,65.01,-50,13500,False,11,2026-05-25,Monday,Excellent,Normal,Normal
2026-05-25 11:18:03.718141,device_003,sensor,warehouse_b,9.6,35.5,45.66,-55,13500,False,11,2026-05-25,Monday,Excellent,Normal,Normal
2026-05-25 11:18:03.718141,device_004,camera,warehouse_b,64.5,68.8,60.0,-54,13500,False,11,2026-05-25,Monday,Excellent,Normal,Normal
2026-05-25 11:18:03.718141,device_005,gateway,warehouse_a,20.3,54.8,52.79,-60,13500,False,11,2026-05-25,Monday,Excellent,Normal,Normal
2026-05-25 11:18:03.718141,device_006,sensor,factory_floor_2,11.7,34.3,42.28,-62,13500,False,11,2026-05-25,Monday,Good,Normal,Normal
2026-05-25 11:18:03.718141,device_007,sensor,warehouse_a,3.6,38.0,42.22,-63,13500,False,11,2026-05-25,Monday,Good,Normal,Normal
2026-05-25 11:18:03.718141,device_008,gateway,loading_bay,22.3,55.9,52.26,-61,13500,False,11,2026-05-25,Monday,Good,Normal,Normal
2026-05-25 11:18:03.718141,device_009,sensor,office_block,4.4,35.9,40.24,-57,13500,False,11,2026-05-25,Monday,Excellent,Normal,Normal
2026-05-25 11:18:03.718141,device_010,camera,warehouse_a,59.3,66.4,62.05,-66,13500,False,11,2026-05-25,Monday,Good,Normal,Normal
2026-05-25 11:18:03.718141,device_011,camera,factory_floor_1,70.3,66.6,68.01,-66,13500,False,11,2026-05-25,Monday,Good,Normal,High
2026-05-25 11:18:03.718141,device_012,camera,server_room,67.7,74.2,58.82,-63,13500,False,11,2026-05-25,Monday,Good,Normal,Normal
2026-05-25 11:18:03.718141,device_013,sensor,factory_floor_2,1.7,31.5,43.44,-58,13500,False,11,2026-05-25,Monday,Excellent,Normal,Normal
2026-05-25 11:18:03.718141,device_014,controller,server_room,17.0,48.3,44.91,-58,13500,False,11,2026-05-25,Monday,Excellent,Normal,Normal
2026-05-25 11:18:03.718141,device_015,sensor,loading_bay,3.8,33.6,43.66,-67,13500,False,11,2026-05-25,Monday,Good,Normal,Normal
2026-05-25 11:19:03.718141,device_001,gateway,warehouse_a,27.4,52.0,52.44,-55,13440,False,11,2026-05-25,Monday,Excellent,Normal,Normal
2026-05-25 11:19:03.718141,device_002,camera,factory_floor_2,66.1,66.9,65.59,-53,13440,False,11,2026-05-25,Monday,Excellent,Normal,Normal
2026-05-25 11:19:03.718141,device_003,sensor,warehouse_b,13.9,31.7,46.49,-62,13440,False,11,2026-05-25,Monday,Good,Normal,Normal
2026-05-25 11:19:03.718141,device_004,camera,warehouse_b,57.7,67.8,61.91,-54,13440,False,11,2026-05-25,Monday,Excellent,Normal,Normal
2026-05-25 11:19:03.718141,device_005,gateway,warehouse_a,37.3,51.8,52.1,-50,13440,False,11,2026-05-25,Monday,Excellent,Normal,Normal
2026-05-25 11:19:03.718141,device_006,sensor,factory_floor_2,2.3,32.7,45.27,-55,13440,False,11,2026-05-25,Monday,Excellent,Normal,Normal
2026-05-25 11:19:03.718141,device_007,sensor,warehouse_a,8.2,33.1,44.87,-55,13440,False,11,2026-05-25,Monday,Excellent,Normal,Normal
2026-05-25 11:19:03.718141,device_008,gateway,loading_bay,27.8,57.7,51.95,-54,13440,False,11,2026-05-25,Monday,Excellent,Normal,Normal
2026-05-25 11:19:03.718141,device_009,sensor,office_block,11.0,35.3,41.34,-58,13440,False,11,2026-05-25,Monday,Excellent,Normal,Normal
2026-05-25 11:19:03.718141,device_010,camera,warehouse_a,63.1,71.0,56.57,-63,13440,False,11,2026-05-25,Monday,Good,Normal,Normal
2026-05-25 11:19:03.718141,device_011,camera,factory_floor_1,74.5,66.9,58.35,-52,13440,False,11,2026-05-25,Monday,Excellent,Normal,High
2026-05-25 11:19:03.718141,device_012,camera,server_room,60.6,71.8,63.17,-61,13440,False,11,2026-05-25,Monday,Good,Normal,Normal
2026-05-25 11:19:03.718141,device_013,sensor,factory_floor_2,7.2,35.4,39.25,-54,13440,False,11,2026-05-25,Monday,Excellent,Normal,Normal
2026-05-25 11:19:03.718141,device_014,controller,server_room,10.2,48.5,48.43,-58,13440,False,11,2026-05-25,Monday,Excellent,Normal,Normal
2026-05-25 11:19:03.718141,device_015,sensor,loading_bay,1.7,41.3,37.4,-69,13440,False,11,2026-05-25,Monday,Good,Normal,Normal
2026-05-25 11:20:03.718141,device_001,gateway,warehouse_a,24.9,54.4,55.41,-63,13380,False,11,2026-05-25,Monday,Good,Normal,Normal
2026-05-25 11:20:03.718141,device_002,camera,factory_floor_2,64.2,66.5,62.32,-62,13380,False,11,2026-05-25,Monday,Good,Normal,Normal
2026-05-25 11:20:03.718141,device_003,sensor,warehouse_b,8.7,29.7,40.86,-57,13380,False,11,2026-05-25,Monday,Excellent,Normal,Normal
2026-05-25 11:20:03.718141,device_004,camera,warehouse_b,66.7,69.4,60.21,-58,13380,False,11,2026-05-25,Monday,Excellent,Normal,Normal
2026-05-25 11:20:03.718141,device_005,gateway,warehouse_a,21.9,58.5,56.77,-61,13380,False,11,2026-05-25,Monday,Good,Normal,Normal
2026-05-25 11:20:03.718141,device_006,sensor,factory_floor_2,12.8,28.1,41.08,-58,13380,False,11,2026-05-25,Monday,Excellent,Normal,Normal
2026-05-25 11:20:03.718141,device_007,sensor,warehouse_a,17.8,32.0,41.82,-58,13380,False,11,2026-05-25,Monday,Excellent,Normal,Normal
2026-05-25 11:20:03.718141,device_008,gateway,loading_bay,30.1,54.9,55.5,-47,13380,False,11,2026-05-25,Monday,Excellent,Normal,Normal
2026-05-25 11:20:03.718141,device_009,sensor,office_block,14.4,30.7,45.25,-69,13380,False,11,2026-05-25,Monday,Good,Normal,Normal
2026-05-25 11:20:03.718141,device_010,camera,warehouse_a,61.6,59.1,63.87,-61,13380,False,11,2026-05-25,Monday,Good,Normal,Normal
2026-05-25 11:20:03.718141,device_011,camera,factory_floor_1,64.3,68.1,56.71,-52,13380,False,11,2026-05-25,Monday,Excellent,Normal,Normal
2026-05-25 11:20:03.718141,device_012,camera,server_room,93.5,67.8,79.93,-50,13380,True,11,2026-05-25,Monday,Excellent,Warning,Critical
2026-05-25 11:20:03.718141,device_013,sensor,factory_floor_2,2.5,42.5,48.88,-69,13380,False,11,2026-05-25,Monday,Good,Normal,Normal
2026-05-25 11:20:03.718141,device_014,controller,server_room,12.2,43.4,52.75,-52,13380,False,11,2026-05-25,Monday,Excellent,Normal,Normal
2026-05-25 11:20:03.718141,device_015,sensor,loading_bay,8.6,32.4,41.81,-63,13380,False,11,2026-05-25,Monday,Good,Normal,Normal
2026-05-25 11:21:03.718141,device_001,gateway,warehouse_a,32.9,53.1,52.38,-62,13320,False,11,2026-05-25,Monday,Good,Normal,Normal
2026-05-25 11:21:03.718141,device_002,camera,factory_floor_2,58.5,63.4,58.32,-66,13320,False,11,2026-05-25,Monday,Good,Normal,Normal
2026-05-25 11:21:03.718141,device_003,sensor,warehouse_b,8.1,33.9,38.41,-68,13320,False,11,2026-05-25,Monday,Good,Normal,Normal
2026-05-25 11:21:03.718141,device_004,camera,warehouse_b,71.9,69.9,64.6,-54,13320,False,11,2026-05-25,Monday,Excellent,Normal,High
2026-05-25 11:21:03.718141,device_005,gateway,warehouse_a,27.6,57.1,57.64,-51,13320,False,11,2026-05-25,Monday,Excellent,Normal,Normal
2026-05-25 11:21:03.718141,device_006,sensor,factory_floor_2,6.4,36.6,37.72,-64,13320,False,11,2026-05-25,Monday,Good,Normal,Normal
2026-05-25 11:21:03.718141,device_007,sensor,warehouse_a,12.1,36.2,40.11,-68,13320,False,11,2026-05-25,Monday,Good,Normal,Normal
2026-05-25 11:21:03.718141,device_008,gateway,loading_bay,26.2,45.0,51.45,-54,13320,False,11,2026-05-25,Monday,Excellent,Normal,Normal
2026-05-25 11:21:03.718141,device_009,sensor,office_block,6.9,32.5,44.91,-59,13320,False,11,2026-05-25,Monday,Excellent,Normal,Normal
2026-05-25 11:21:03.718141,device_010,camera,warehouse_a,65.3,71.4,58.73,-58,13320,False,11,2026-05-25,Monday,Excellent,Normal,Normal
2026-05-25 11:21:03.718141,device_011,camera,factory_floor_1,63.9,75.3,58.18,-60,13320,False,11,2026-05-25,Monday,Excellent,Normal,Normal
2026-05-25 11:21:03.718141,device_012,camera,server_room,69.6,72.0,59.19,-54,13320,False,11,2026-05-25,Monday,Excellent,Normal,Normal
2026-05-25 11:21:03.718141,device_013,sensor,factory_floor_2,10.7,28.2,43.93,-62,13320,False,11,2026-05-25,Monday,Good,Normal,Normal
2026-05-25 11:21:03.718141,device_014,controller,server_room,23.0,43.6,46.29,-52,13320,False,11,2026-05-25,Monday,Excellent,Normal,Normal
2026-05-25 11:21:03.718141,device_015,sensor,loading_bay,21.2,33.5,42.91,-68,13320,False,11,2026-05-25,Monday,Good,Normal,Normal
2026-05-25 11:22:03.718141,device_001,gateway,warehouse_a,17.0,49.6,56.17,-53,13260,False,11,2026-05-25,Monday,Excellent,Normal,Normal
2026-05-25 11:22:03.718141,device_002,camera,factory_floor_2,60.0,75.7,60.01,-50,13260,False,11,2026-05-25,Monday,Excellent,Normal,Normal
2026-05-25 11:22:03.718141,device_003,sensor,warehouse_b,11.9,36.2,41.53,-62,13260,False,11,2026-05-25,Monday,Good,Normal,Normal
2026-05-25 11:22:03.718141,device_004,camera,warehouse_b,62.0,70.3,61.42,-54,13260,False,11,2026-05-25,Monday,Excellent,Normal,Normal
2026-05-25 11:22:03.718141,device_005,gateway,warehouse_a,32.8,57.0,54.9,-56,13260,False,11,2026-05-25,Monday,Excellent,Normal,Normal
2026-05-25 11:22:03.718141,device_006,sensor,factory_floor_2,6.2,34.6,44.23,-56,13260,False,11,2026-05-25,Monday,Excellent,Normal,Normal
2026-05-25 11:22:03.718141,device_007,sensor,warehouse_a,2.6,35.3,40.79,-70,13260,False,11,2026-05-25,Monday,Good,Normal,Normal
2026-05-25 11:22:03.718141,device_008,gateway,loading_bay,32.6,50.2,51.45,-55,13260,False,11,2026-05-25,Monday,Excellent,Normal,Normal
2026-05-25 11:22:03.718141,device_009,sensor,office_block,8.3,35.7,42.34,-63,13260,False,11,2026-05-25,Monday,Good,Normal,Normal
2026-05-25 11:22:03.718141,device_010,camera,warehouse_a,69.6,67.6,64.06,-59,13260,False,11,2026-05-25,Monday,Excellent,Normal,Normal
2026-05-25 11:22:03.718141,device_011,camera,factory_floor_1,61.9,72.8,57.88,-53,13260,False,11,2026-05-25,Monday,Excellent,Normal,Normal
2026-05-25 11:22:03.718141,device_012,camera,server_room,72.2,69.0,60.05,-50,13260,False,11,2026-05-25,Monday,Excellent,Normal,High
2026-05-25 11:22:03.718141,device_013,sensor,factory_floor_2,15.3,36.7,43.52,-62,13260,False,11,2026-05-25,Monday,Good,Normal,Normal
2026-05-25 11:22:03.718141,device_014,controller,server_room,12.0,41.3,50.04,-66,13260,False,11,2026-05-25,Monday,Good,Normal,Normal
2026-05-25 11:22:03.718141,device_015,sensor,loading_bay,2.3,32.7,40.96,-60,13260,False,11,2026-05-25,Monday,Excellent,Normal,Normal
2026-05-25 11:23:03.718141,device_001,gateway,warehouse_a,26.9,58.8,47.68,-58,13200,False,11,2026-05-25,Monday,Excellent,Normal,Normal
2026-05-25 11:23:03.718141,device_002,camera,factory_floor_2,70.6,73.9,55.16,-55,13200,False,11,2026-05-25,Monday,Excellent,Normal,High
2026-05-25 11:23:03.718141,device_003,sensor,warehouse_b,3.9,34.7,44.57,-62,13200,False,11,2026-05-25,Monday,Good,Normal,Normal
2026-05-25 11:23:03.718141,device_004,camera,warehouse_b,65.1,74.8,60.44,-60,13200,False,11,2026-05-25,Monday,Excellent,Normal,Normal
2026-05-25 11:23:03.718141,device_005,gateway,warehouse_a,21.8,59.4,53.82,-57,13200,False,11,2026-05-25,Monday,Excellent,Normal,Normal
2026-05-25 11:23:03.718141,device_006,sensor,factory_floor_2,11.6,32.9,48.97,-63,13200,False,11,2026-05-25,Monday,Good,Normal,Normal
2026-05-25 11:23:03.718141,device_007,sensor,warehouse_a,12.8,39.9,41.68,-64,13200,False,11,2026-05-25,Monday,Good,Normal,Normal
2026-05-25 11:23:03.718141,device_008,gateway,loading_bay,28.0,60.2,50.84,-56,13200,False,11,2026-05-25,Monday,Excellent,Normal,Normal
2026-05-25 11:23:03.718141,device_009,sensor,office_block,5.5,32.9,37.76,-59,13200,False,11,2026-05-25,Monday,Excellent,Normal,Normal
2026-05-25 11:23:03.718141,device_010,camera,warehouse_a,68.1,70.4,65.18,-63,13200,False,11,2026-05-25,Monday,Good,Normal,Normal
2026-05-25 11:23:03.718141,device_011,camera,factory_floor_1,71.6,68.2,56.93,-64,13200,False,11,2026-05-25,Monday,Good,Normal,High
2026-05-25 11:23:03.718141,device_012,camera,server_room,63.6,70.3,60.66,-51,13200,False,11,2026-05-25,Monday,Excellent,Normal,Normal
2026-05-25 11:23:03.718141,device_013,sensor,factory_floor_2,11.5,35.6,40.67,-69,13200,False,11,2026-05-25,Monday,Good,Normal,Normal
2026-05-25 11:23:03.718141,device_014,controller,server_room,17.8,44.5,45.22,-57,13200,False,11,2026-05-25,Monday,Excellent,Normal,Normal
2026-05-25 11:23:03.718141,device_015,sensor,loading_bay,7.3,35.1,41.5,-55,13200,False,11,2026-05-25,Monday,Excellent,Normal,Normal
2026-05-25 11:24:03.718141,device_001,gateway,warehouse_a,28.4,60.1,50.7,-55,13140,False,11,2026-05-25,Monday,Excellent,Normal,Normal
2026-05-25 11:24:03.718141,device_002,camera,factory_floor_2,59.2,81.1,58.84,-50,13140,False,11,2026-05-25,Monday,Excellent,Normal,Normal
2026-05-25 11:24:03.718141,device_003,sensor,warehouse_b,2.8,37.9,37.94,-63,13140,False,11,2026-05-25,Monday,Good,Normal,Normal
2026-05-25 11:24:03.718141,device_004,camera,warehouse_b,54.6,78.6,60.29,-62,13140,False,11,2026-05-25,Monday,Good,Normal,Normal
2026-05-25 11:24:03.718141,device_005,gateway,warehouse_a,20.3,49.0,46.05,-50,13140,False,11,2026-05-25,Monday,Excellent,Normal,Normal
2026-05-25 11:24:03.718141,device_006,sensor,factory_floor_2,12.5,32.9,45.37,-69,13140,False,11,2026-05-25,Monday,Good,Normal,Normal
2026-05-25 11:24:03.718141,device_007,sensor,warehouse_a,11.4,42.1,46.17,-58,13140,False,11,2026-05-25,Monday,Excellent,Normal,Normal
2026-05-25 11:24:03.718141,device_008,gateway,loading_bay,26.8,51.7,45.1,-58,13140,False,11,2026-05-25,Monday,Excellent,Normal,Normal
2026-05-25 11:24:03.718141,device_009,sensor,office_block,5.9,34.2,41.22,-67,13140,False,11,2026-05-25,Monday,Good,Normal,Normal
2026-05-25 11:24:03.718141,device_010,camera,warehouse_a,70.6,69.3,64.82,-52,13140,False,11,2026-05-25,Monday,Excellent,Normal,High
2026-05-25 11:24:03.718141,device_011,camera,factory_floor_1,70.5,70.3,62.07,-66,13140,False,11,2026-05-25,Monday,Good,Normal,High
2026-05-25 11:24:03.718141,device_012,camera,server_room,99.0,78.2,81.22,-60,13140,True,11,2026-05-25,Monday,Excellent,Critical,Critical
2026-05-25 11:24:03.718141,device_013,sensor,factory_floor_2,1.0,34.5,40.45,-67,13140,False,11,2026-05-25,Monday,Good,Normal,Normal
2026-05-25 11:24:03.718141,device_014,controller,server_room,20.2,44.9,51.8,-60,13140,False,11,2026-05-25,Monday,Excellent,Normal,Normal
2026-05-25 11:24:03.718141,device_015,sensor,loading_bay,1.0,38.0,44.53,-62,13140,False,11,2026-05-25,Monday,Good,Normal,Normal
2026-05-25 11:25:03.718141,device_001,gateway,warehouse_a,18.3,48.6,51.99,-48,13080,False,11,2026-05-25,Monday,Excellent,Normal,Normal
2026-05-25 11:25:03.718141,device_002,camera,factory_floor_2,61.7,73.2,58.29,-56,13080,False,11,2026-05-25,Monday,Excellent,Normal,Normal
2026-05-25 11:25:03.718141,device_003,sensor,warehouse_b,8.6,38.5,38.14,-55,13080,False,11,2026-05-25,Monday,Excellent,Normal,Normal
2026-05-25 11:25:03.718141,device_004,camera,warehouse_b,57.8,66.7,61.99,-53,13080,False,11,2026-05-25,Monday,Excellent,Normal,Normal
2026-05-25 11:25:03.718141,device_005,gateway,warehouse_a,26.2,57.1,53.51,-52,13080,False,11,2026-05-25,Monday,Excellent,Normal,Normal
2026-05-25 11:25:03.718141,device_006,sensor,factory_floor_2,14.7,36.2,41.75,-58,13080,False,11,2026-05-25,Monday,Excellent,Normal,Normal
2026-05-25 11:25:03.718141,device_007,sensor,warehouse_a,5.8,36.8,42.55,-65,13080,False,11,2026-05-25,Monday,Good,Normal,Normal
2026-05-25 11:25:03.718141,device_008,gateway,loading_bay,27.5,56.3,46.59,-56,13080,False,11,2026-05-25,Monday,Excellent,Normal,Normal
2026-05-25 11:25:03.718141,device_009,sensor,office_block,9.8,29.9,39.96,-62,13080,False,11,2026-05-25,Monday,Good,Normal,Normal
2026-05-25 11:25:03.718141,device_010,camera,warehouse_a,72.4,69.1,62.47,-53,13080,False,11,2026-05-25,Monday,Excellent,Normal,High
2026-05-25 11:25:03.718141,device_011,camera,factory_floor_1,59.3,75.2,58.53,-60,13080,False,11,2026-05-25,Monday,Excellent,Normal,Normal
2026-05-25 11:25:03.718141,device_012,camera,server_room,65.7,72.0,59.35,-62,13080,False,11,2026-05-25,Monday,Good,Normal,Normal
2026-05-25 11:25:03.718141,device_013,sensor,factory_floor_2,3.9,40.4,46.5,-70,13080,False,11,2026-05-25,Monday,Good,Normal,Normal
2026-05-25 11:25:03.718141,device_014,controller,server_room,15.7,34.5,46.11,-53,13080,False,11,2026-05-25,Monday,Excellent,Normal,Normal
2026-05-25 11:25:03.718141,device_015,sensor,loading_bay,1.0,35.5,37.98,-54,13080,False,11,2026-05-25,Monday,Excellent,Normal,Normal
2026-05-25 11:26:03.718141,device_001,gateway,warehouse_a,26.4,53.9,47.96,-53,13020,False,11,2026-05-25,Monday,Excellent,Normal,Normal
2026-05-25 11:26:03.718141,device_002,camera,factory_floor_2,67.5,62.4,62.58,-57,13020,False,11,2026-05-25,Monday,Excellent,Normal,Normal
2026-05-25 11:26:03.718141,device_003,sensor,warehouse_b,7.4,38.6,37.85,-69,13020,False,11,2026-05-25,Monday,Good,Normal,Normal
2026-05-25 11:26:03.718141,device_004,camera,warehouse_b,68.9,66.9,58.31,-61,13020,False,11,2026-05-25,Monday,Good,Normal,Normal
2026-05-25 11:26:03.718141,device_005,gateway,warehouse_a,25.7,56.3,45.24,-55,13020,False,11,2026-05-25,Monday,Excellent,Normal,Normal
2026-05-25 11:26:03.718141,device_006,sensor,factory_floor_2,6.6,30.6,44.91,-67,13020,False,11,2026-05-25,Monday,Good,Normal,Normal
2026-05-25 11:26:03.718141,device_007,sensor,warehouse_a,4.9,31.0,37.48,-60,13020,False,11,2026-05-25,Monday,Excellent,Normal,Normal
2026-05-25 11:26:03.718141,device_008,gateway,loading_bay,22.1,52.2,54.99,-52,13020,False,11,2026-05-25,Monday,Excellent,Normal,Normal
2026-05-25 11:26:03.718141,device_009,sensor,office_block,8.6,29.9,40.86,-62,13020,False,11,2026-05-25,Monday,Good,Normal,Normal
2026-05-25 11:26:03.718141,device_010,camera,warehouse_a,64.2,65.2,62.8,-53,13020,False,11,2026-05-25,Monday,Excellent,Normal,Normal
2026-05-25 11:26:03.718141,device_011,camera,factory_floor_1,69.0,68.1,58.45,-60,13020,False,11,2026-05-25,Monday,Excellent,Normal,Normal
2026-05-25 11:26:03.718141,device_012,camera,server_room,67.7,70.2,59.01,-61,13020,False,11,2026-05-25,Monday,Good,Normal,Normal
2026-05-25 11:26:03.718141,device_013,sensor,factory_floor_2,6.4,25.5,42.39,-61,13020,False,11,2026-05-25,Monday,Good,Normal,Normal
2026-05-25 11:26:03.718141,device_014,controller,server_room,8.9,49.1,49.85,-52,13020,False,11,2026-05-25,Monday,Excellent,Normal,Normal
2026-05-25 11:26:03.718141,device_015,sensor,loading_bay,3.4,36.2,41.27,-56,13020,False,11,2026-05-25,Monday,Excellent,Normal,Normal
2026-05-25 11:27:03.718141,device_001,gateway,warehouse_a,31.5,51.5,45.92,-51,12960,False,11,2026-05-25,Monday,Excellent,Normal,Normal
2026-05-25 11:27:03.718141,device_002,camera,factory_floor_2,63.3,80.0,63.11,-52,12960,False,11,2026-05-25,Monday,Excellent,Normal,Normal
2026-05-25 11:27:03.718141,device_003,sensor,warehouse_b,6.9,36.6,37.78,-66,12960,False,11,2026-05-25,Monday,Good,Normal,Normal
2026-05-25 11:27:03.718141,device_004,camera,warehouse_b,71.6,66.4,61.32,-56,12960,False,11,2026-05-25,Monday,Excellent,Normal,High
2026-05-25 11:27:03.718141,device_005,gateway,warehouse_a,32.8,50.9,53.99,-51,12960,False,11,2026-05-25,Monday,Excellent,Normal,Normal
2026-05-25 11:27:03.718141,device_006,sensor,factory_floor_2,9.9,39.7,44.99,-68,12960,False,11,2026-05-25,Monday,Good,Normal,Normal
2026-05-25 11:27:03.718141,device_007,sensor,warehouse_a,7.7,39.9,40.93,-60,12960,False,11,2026-05-25,Monday,Excellent,Normal,Normal
2026-05-25 11:27:03.718141,device_008,gateway,loading_bay,21.9,49.5,53.32,-53,12960,False,11,2026-05-25,Monday,Excellent,Normal,Normal
2026-05-25 11:27:03.718141,device_009,sensor,office_block,13.3,40.1,41.23,-62,12960,False,11,2026-05-25,Monday,Good,Normal,Normal
2026-05-25 11:27:03.718141,device_010,camera,warehouse_a,67.5,75.7,57.33,-54,12960,False,11,2026-05-25,Monday,Excellent,Normal,Normal
2026-05-25 11:27:03.718141,device_011,camera,factory_floor_1,72.8,67.0,63.65,-52,12960,False,11,2026-05-25,Monday,Excellent,Normal,High
2026-05-25 11:27:03.718141,device_012,camera,server_room,63.5,67.2,61.44,-55,12960,False,11,2026-05-25,Monday,Excellent,Normal,Normal
2026-05-25 11:27:03.718141,device_013,sensor,factory_floor_2,16.5,24.2,42.43,-54,12960,False,11,2026-05-25,Monday,Excellent,Normal,Normal
2026-05-25 11:27:03.718141,device_014,controller,server_room,19.7,44.7,46.96,-55,12960,False,11,2026-05-25,Monday,Excellent,Normal,Normal
2026-05-25 11:27:03.718141,device_015,sensor,loading_bay,6.2,39.5,44.42,-70,12960,False,11,2026-05-25,Monday,Good,Normal,Normal
2026-05-25 11:28:03.718141,device_001,gateway,warehouse_a,29.4,54.8,50.98,-56,12900,False,11,2026-05-25,Monday,Excellent,Normal,Normal
2026-05-25 11:28:03.718141,device_002,camera,factory_floor_2,65.1,72.3,58.59,-64,12900,False,11,2026-05-25,Monday,Good,Normal,Normal
2026-05-25 11:28:03.718141,device_003,sensor,warehouse_b,10.3,40.0,46.62,-58,12900,False,11,2026-05-25,Monday,Excellent,Normal,Normal
2026-05-25 11:28:03.718141,device_004,camera,warehouse_b,61.6,66.2,63.46,-64,12900,False,11,2026-05-25,Monday,Good,Normal,Normal
2026-05-25 11:28:03.718141,device_005,gateway,warehouse_a,31.5,50.9,50.45,-48,12900,False,11,2026-05-25,Monday,Excellent,Normal,Normal
2026-05-25 11:28:03.718141,device_006,sensor,factory_floor_2,9.4,28.0,33.98,-70,12900,False,11,2026-05-25,Monday,Good,Normal,Normal
2026-05-25 11:28:03.718141,device_007,sensor,warehouse_a,7.1,33.5,42.25,-54,12900,False,11,2026-05-25,Monday,Excellent,Normal,Normal
2026-05-25 11:28:03.718141,device_008,gateway,loading_bay,20.1,56.6,49.55,-61,12900,False,11,2026-05-25,Monday,Good,Normal,Normal
2026-05-25 11:28:03.718141,device_009,sensor,office_block,10.9,39.6,41.95,-66,12900,False,11,2026-05-25,Monday,Good,Normal,Normal
2026-05-25 11:28:03.718141,device_010,camera,warehouse_a,67.0,68.9,58.76,-54,12900,False,11,2026-05-25,Monday,Excellent,Normal,Normal
2026-05-25 11:28:03.718141,device_011,camera,factory_floor_1,58.0,74.4,60.68,-59,12900,False,11,2026-05-25,Monday,Excellent,Normal,Normal
2026-05-25 11:28:03.718141,device_012,camera,server_room,68.4,68.8,65.21,-52,12900,False,11,2026-05-25,Monday,Excellent,Normal,Normal
2026-05-25 11:28:03.718141,device_013,sensor,factory_floor_2,14.7,40.9,41.42,-66,12900,False,11,2026-05-25,Monday,Good,Normal,Normal
2026-05-25 11:28:03.718141,device_014,controller,server_room,17.9,50.9,50.12,-63,12900,False,11,2026-05-25,Monday,Good,Normal,Normal
2026-05-25 11:28:03.718141,device_015,sensor,loading_bay,7.0,40.2,42.66,-59,12900,False,11,2026-05-25,Monday,Excellent,Normal,Normal
2026-05-25 11:29:03.718141,device_001,gateway,warehouse_a,27.3,63.6,48.04,-53,12840,False,11,2026-05-25,Monday,Excellent,Normal,Normal
2026-05-25 11:29:03.718141,device_002,camera,factory_floor_2,62.7,74.6,61.48,-52,12840,False,11,2026-05-25,Monday,Excellent,Normal,Normal
2026-05-25 11:29:03.718141,device_003,sensor,warehouse_b,5.0,36.0,38.98,-62,12840,False,11,2026-05-25,Monday,Good,Normal,Normal
2026-05-25 11:29:03.718141,device_004,camera,warehouse_b,56.0,71.0,60.14,-62,12840,False,11,2026-05-25,Monday,Good,Normal,Normal
2026-05-25 11:29:03.718141,device_005,gateway,warehouse_a,26.7,61.4,47.37,-58,12840,False,11,2026-05-25,Monday,Excellent,Normal,Normal
2026-05-25 11:29:03.718141,device_006,sensor,factory_floor_2,8.5,34.0,46.29,-56,12840,False,11,2026-05-25,Monday,Excellent,Normal,Normal
2026-05-25 11:29:03.718141,device_007,sensor,warehouse_a,3.6,34.1,42.81,-57,12840,False,11,2026-05-25,Monday,Excellent,Normal,Normal
2026-05-25 11:29:03.718141,device_008,gateway,loading_bay,22.1,52.5,56.41,-54,12840,False,11,2026-05-25,Monday,Excellent,Normal,Normal
2026-05-25 11:29:03.718141,device_009,sensor,office_block,1.0,33.0,45.98,-55,12840,False,11,2026-05-25,Monday,Excellent,Normal,Normal
2026-05-25 11:29:03.718141,device_010,camera,warehouse_a,62.0,77.0,55.7,-64,12840,False,11,2026-05-25,Monday,Good,Normal,Normal
2026-05-25 11:29:03.718141,device_011,camera,factory_floor_1,58.6,73.7,61.18,-55,12840,False,11,2026-05-25,Monday,Excellent,Normal,Normal
2026-05-25 11:29:03.718141,device_012,camera,server_room,67.1,63.2,60.82,-62,12840,False,11,2026-05-25,Monday,Good,Normal,Normal
2026-05-25 11:29:03.718141,device_013,sensor,factory_floor_2,4.0,31.9,42.56,-70,12840,False,11,2026-05-25,Monday,Good,Normal,Normal
2026-05-25 11:29:03.718141,device_014,controller,server_room,19.0,48.9,50.05,-64,12840,False,11,2026-05-25,Monday,Good,Normal,Normal
2026-05-25 11:29:03.718141,device_015,sensor,loading_bay,1.9,38.1,48.59,-55,12840,False,11,2026-05-25,Monday,Excellent,Normal,Normal
2026-05-25 11:30:03.718141,device_001,gateway,warehouse_a,28.0,64.5,55.27,-48,12780,False,11,2026-05-25,Monday,Excellent,Normal,Normal
2026-05-25 11:30:03.718141,device_002,camera,factory_floor_2,57.8,60.5,60.32,-51,12780,False,11,2026-05-25,Monday,Excellent,Normal,Normal
2026-05-25 11:30:03.718141,device_003,sensor,warehouse_b,9.0,34.8,43.1,-57,12780,False,11,2026-05-25,Monday,Excellent,Normal,Normal
2026-05-25 11:30:03.718141,device_004,camera,warehouse_b,61.7,71.5,54.85,-59,12780,False,11,2026-05-25,Monday,Excellent,Normal,Normal
2026-05-25 11:30:03.718141,device_005,gateway,warehouse_a,35.3,56.8,50.23,-52,12780,False,11,2026-05-25,Monday,Excellent,Normal,Normal
2026-05-25 11:30:03.718141,device_006,sensor,factory_floor_2,1.0,33.4,43.37,-57,12780,False,11,2026-05-25,Monday,Excellent,Normal,Normal
2026-05-25 11:30:03.718141,device_007,sensor,warehouse_a,4.2,33.4,39.72,-65,12780,False,11,2026-05-25,Monday,Good,Normal,Normal
2026-05-25 11:30:03.718141,device_008,gateway,loading_bay,29.9,53.4,48.06,-51,12780,False,11,2026-05-25,Monday,Excellent,Normal,Normal
2026-05-25 11:30:03.718141,device_009,sensor,office_block,7.8,42.2,38.7,-63,12780,False,11,2026-05-25,Monday,Good,Normal,Normal
2026-05-25 11:30:03.718141,device_010,camera,warehouse_a,60.7,66.1,58.99,-53,12780,False,11,2026-05-25,Monday,Excellent,Normal,Normal
2026-05-25 11:30:03.718141,device_011,camera,factory_floor_1,74.0,66.3,62.66,-50,12780,False,11,2026-05-25,Monday,Excellent,Normal,High
2026-05-25 11:30:03.718141,device_012,camera,server_room,70.5,71.0,61.6,-58,12780,False,11,2026-05-25,Monday,Excellent,Normal,High
2026-05-25 11:30:03.718141,device_013,sensor,factory_floor_2,6.3,36.4,39.75,-62,12780,False,11,2026-05-25,Monday,Good,Normal,Normal
2026-05-25 11:30:03.718141,device_014,controller,server_room,15.3,39.9,53.45,-66,12780,False,11,2026-05-25,Monday,Good,Normal,Normal
2026-05-25 11:30:03.718141,device_015,sensor,loading_bay,15.7,36.2,41.67,-61,12780,False,11,2026-05-25,Monday,Good,Normal,Normal
2026-05-25 11:31:03.718141,device_001,gateway,warehouse_a,32.2,58.5,50.11,-49,12720,False,11,2026-05-25,Monday,Excellent,Normal,Normal
2026-05-25 11:31:03.718141,device_002,camera,factory_floor_2,51.5,66.3,58.84,-58,12720,False,11,2026-05-25,Monday,Excellent,Normal,Normal
2026-05-25 11:31:03.718141,device_003,sensor,warehouse_b,1.7,36.5,41.36,-55,12720,False,11,2026-05-25,Monday,Excellent,Normal,Normal
2026-05-25 11:31:03.718141,device_004,camera,warehouse_b,68.5,67.3,61.72,-66,12720,False,11,2026-05-25,Monday,Good,Normal,Normal
2026-05-25 11:31:03.718141,device_005,gateway,warehouse_a,29.8,58.7,52.37,-63,12720,False,11,2026-05-25,Monday,Good,Normal,Normal
2026-05-25 11:31:03.718141,device_006,sensor,factory_floor_2,11.9,31.4,42.09,-67,12720,False,11,2026-05-25,Monday,Good,Normal,Normal
2026-05-25 11:31:03.718141,device_007,sensor,warehouse_a,4.7,33.7,40.35,-66,12720,False,11,2026-05-25,Monday,Good,Normal,Normal
2026-05-25 11:31:03.718141,device_008,gateway,loading_bay,29.3,54.8,54.15,-63,12720,False,11,2026-05-25,Monday,Good,Normal,Normal
2026-05-25 11:31:03.718141,device_009,sensor,office_block,8.1,32.9,42.43,-66,12720,False,11,2026-05-25,Monday,Good,Normal,Normal
2026-05-25 11:31:03.718141,device_010,camera,warehouse_a,90.4,67.2,75.73,-60,12720,True,11,2026-05-25,Monday,Excellent,Warning,Critical
2026-05-25 11:31:03.718141,device_011,camera,factory_floor_1,67.4,69.0,58.89,-57,12720,False,11,2026-05-25,Monday,Excellent,Normal,Normal
2026-05-25 11:31:03.718141,device_012,camera,server_room,67.3,65.7,62.56,-51,12720,False,11,2026-05-25,Monday,Excellent,Normal,Normal
2026-05-25 11:31:03.718141,device_013,sensor,factory_floor_2,13.0,30.5,45.38,-56,12720,False,11,2026-05-25,Monday,Excellent,Normal,Normal
2026-05-25 11:31:03.718141,device_014,controller,server_room,13.9,44.4,51.57,-67,12720,False,11,2026-05-25,Monday,Good,Normal,Normal
2026-05-25 11:31:03.718141,device_015,sensor,loading_bay,1.0,34.0,37.8,-66,12720,False,11,2026-05-25,Monday,Good,Normal,Normal
2026-05-25 11:32:03.718141,device_001,gateway,warehouse_a,22.2,55.1,50.76,-51,12660,False,11,2026-05-25,Monday,Excellent,Normal,Normal
2026-05-25 11:32:03.718141,device_002,camera,factory_floor_2,72.3,74.3,60.13,-51,12660,False,11,2026-05-25,Monday,Excellent,Normal,High
2026-05-25 11:32:03.718141,device_003,sensor,warehouse_b,15.1,36.1,46.3,-62,12660,False,11,2026-05-25,Monday,Good,Normal,Normal
2026-05-25 11:32:03.718141,device_004,camera,warehouse_b,55.2,74.2,62.38,-66,12660,False,11,2026-05-25,Monday,Good,Normal,Normal
2026-05-25 11:32:03.718141,device_005,gateway,warehouse_a,27.6,58.4,57.23,-56,12660,False,11,2026-05-25,Monday,Excellent,Normal,Normal
2026-05-25 11:32:03.718141,device_006,sensor,factory_floor_2,10.8,36.3,45.26,-56,12660,False,11,2026-05-25,Monday,Excellent,Normal,Normal
2026-05-25 11:32:03.718141,device_007,sensor,warehouse_a,1.0,39.8,40.5,-69,12660,False,11,2026-05-25,Monday,Good,Normal,Normal
2026-05-25 11:32:03.718141,device_008,gateway,loading_bay,24.0,50.8,51.33,-60,12660,False,11,2026-05-25,Monday,Excellent,Normal,Normal
2026-05-25 11:32:03.718141,device_009,sensor,office_block,16.9,31.5,47.04,-64,12660,False,11,2026-05-25,Monday,Good,Normal,Normal
2026-05-25 11:32:03.718141,device_010,camera,warehouse_a,65.7,72.5,58.96,-57,12660,False,11,2026-05-25,Monday,Excellent,Normal,Normal
2026-05-25 11:32:03.718141,device_011,camera,factory_floor_1,67.5,71.3,63.44,-61,12660,False,11,2026-05-25,Monday,Good,Normal,Normal
2026-05-25 11:32:03.718141,device_012,camera,server_room,79.7,63.2,57.92,-65,12660,False,11,2026-05-25,Monday,Good,Normal,High
2026-05-25 11:32:03.718141,device_013,sensor,factory_floor_2,6.0,29.0,37.3,-54,12660,False,11,2026-05-25,Monday,Excellent,Normal,Normal
2026-05-25 11:32:03.718141,device_014,controller,server_room,13.0,41.2,45.23,-53,12660,False,11,2026-05-25,Monday,Excellent,Normal,Normal
2026-05-25 11:32:03.718141,device_015,sensor,loading_bay,10.6,34.3,40.48,-64,12660,False,11,2026-05-25,Monday,Good,Normal,Normal
2026-05-25 11:33:03.718141,device_001,gateway,warehouse_a,32.5,53.9,49.7,-62,12600,False,11,2026-05-25,Monday,Good,Normal,Normal
2026-05-25 11:33:03.718141,device_002,camera,factory_floor_2,66.8,60.5,55.18,-60,12600,False,11,2026-05-25,Monday,Excellent,Normal,Normal
2026-05-25 11:33:03.718141,device_003,sensor,warehouse_b,9.7,43.3,43.48,-63,12600,False,11,2026-05-25,Monday,Good,Normal,Normal
2026-05-25 11:33:03.718141,device_004,camera,warehouse_b,65.8,69.2,63.46,-56,12600,False,11,2026-05-25,Monday,Excellent,Normal,Normal
2026-05-25 11:33:03.718141,device_005,gateway,warehouse_a,59.5,46.5,77.0,-55,12600,True,11,2026-05-25,Monday,Excellent,Warning,Normal
2026-05-25 11:33:03.718141,device_006,sensor,factory_floor_2,10.1,36.1,48.41,-58,12600,False,11,2026-05-25,Monday,Excellent,Normal,Normal
2026-05-25 11:33:03.718141,device_007,sensor,warehouse_a,16.3,34.9,40.11,-70,12600,False,11,2026-05-25,Monday,Good,Normal,Normal
2026-05-25 11:33:03.718141,device_008,gateway,loading_bay,28.2,50.3,45.35,-48,12600,False,11,2026-05-25,Monday,Excellent,Normal,Normal
2026-05-25 11:33:03.718141,device_009,sensor,office_block,2.5,38.5,44.47,-66,12600,False,11,2026-05-25,Monday,Good,Normal,Normal
2026-05-25 11:33:03.718141,device_010,camera,warehouse_a,66.6,69.3,63.47,-64,12600,False,11,2026-05-25,Monday,Good,Normal,Normal
2026-05-25 11:33:03.718141,device_011,camera,factory_floor_1,71.0,70.2,61.03,-51,12600,False,11,2026-05-25,Monday,Excellent,Normal,High
2026-05-25 11:33:03.718141,device_012,camera,server_room,63.7,68.3,63.05,-56,12600,False,11,2026-05-25,Monday,Excellent,Normal,Normal
2026-05-25 11:33:03.718141,device_013,sensor,factory_floor_2,12.9,30.6,38.6,-69,12600,False,11,2026-05-25,Monday,Good,Normal,Normal
2026-05-25 11:33:03.718141,device_014,controller,server_room,21.4,43.2,47.73,-64,12600,False,11,2026-05-25,Monday,Good,Normal,Normal
2026-05-25 11:33:03.718141,device_015,sensor,loading_bay,12.5,34.2,40.18,-67,12600,False,11,2026-05-25,Monday,Good,Normal,Normal
2026-05-25 11:34:03.718141,device_001,gateway,warehouse_a,35.0,61.3,56.62,-56,12540,False,11,2026-05-25,Monday,Excellent,Normal,Normal
2026-05-25 11:34:03.718141,device_002,camera,factory_floor_2,63.6,66.2,64.69,-55,12540,False,11,2026-05-25,Monday,Excellent,Normal,Normal
2026-05-25 11:34:03.718141,device_003,sensor,warehouse_b,3.5,41.7,34.95,-56,12540,False,11,2026-05-25,Monday,Excellent,Normal,Normal
2026-05-25 11:34:03.718141,device_004,camera,warehouse_b,60.7,66.4,60.62,-66,12540,False,11,2026-05-25,Monday,Good,Normal,Normal
2026-05-25 11:34:03.718141,device_005,gateway,warehouse_a,31.5,49.8,50.87,-52,12540,False,11,2026-05-25,Monday,Excellent,Normal,Normal
2026-05-25 11:34:03.718141,device_006,sensor,factory_floor_2,10.2,31.7,37.7,-62,12540,False,11,2026-05-25,Monday,Good,Normal,Normal
2026-05-25 11:34:03.718141,device_007,sensor,warehouse_a,1.0,35.7,37.73,-55,12540,False,11,2026-05-25,Monday,Excellent,Normal,Normal
2026-05-25 11:34:03.718141,device_008,gateway,loading_bay,18.2,55.0,47.56,-54,12540,False,11,2026-05-25,Monday,Excellent,Normal,Normal
2026-05-25 11:34:03.718141,device_009,sensor,office_block,5.3,42.3,47.98,-55,12540,False,11,2026-05-25,Monday,Excellent,Normal,Normal
2026-05-25 11:34:03.718141,device_010,camera,warehouse_a,60.7,73.0,62.67,-61,12540,False,11,2026-05-25,Monday,Good,Normal,Normal
2026-05-25 11:34:03.718141,device_011,camera,factory_floor_1,62.0,70.0,56.51,-56,12540,False,11,2026-05-25,Monday,Excellent,Normal,Normal
2026-05-25 11:34:03.718141,device_012,camera,server_room,64.1,71.8,59.69,-58,12540,False,11,2026-05-25,Monday,Excellent,Normal,Normal
2026-05-25 11:34:03.718141,device_013,sensor,factory_floor_2,4.2,35.4,38.54,-65,12540,False,11,2026-05-25,Monday,Good,Normal,Normal
2026-05-25 11:34:03.718141,device_014,controller,server_room,19.9,48.7,44.47,-64,12540,False,11,2026-05-25,Monday,Good,Normal,Normal
2026-05-25 11:34:03.718141,device_015,sensor,loading_bay,1.0,34.0,40.27,-62,12540,False,11,2026-05-25,Monday,Good,Normal,Normal
2026-05-25 11:35:03.718141,device_001,gateway,warehouse_a,24.8,62.5,50.3,-49,12480,False,11,2026-05-25,Monday,Excellent,Normal,Normal
2026-05-25 11:35:03.718141,device_002,camera,factory_floor_2,90.7,71.7,88.32,-50,12480,True,11,2026-05-25,Monday,Excellent,Critical,Critical
2026-05-25 11:35:03.718141,device_003,sensor,warehouse_b,8.5,45.1,43.43,-65,12480,False,11,2026-05-25,Monday,Good,Normal,Normal
2026-05-25 11:35:03.718141,device_004,camera,warehouse_b,60.0,67.0,57.64,-55,12480,False,11,2026-05-25,Monday,Excellent,Normal,Normal
2026-05-25 11:35:03.718141,device_005,gateway,warehouse_a,28.2,55.1,46.82,-56,12480,False,11,2026-05-25,Monday,Excellent,Normal,Normal
2026-05-25 11:35:03.718141,device_006,sensor,factory_floor_2,16.5,33.8,42.45,-68,12480,False,11,2026-05-25,Monday,Good,Normal,Normal
2026-05-25 11:35:03.718141,device_007,sensor,warehouse_a,4.9,31.7,44.7,-58,12480,False,11,2026-05-25,Monday,Excellent,Normal,Normal
2026-05-25 11:35:03.718141,device_008,gateway,loading_bay,37.2,56.0,57.8,-48,12480,False,11,2026-05-25,Monday,Excellent,Normal,Normal
2026-05-25 11:35:03.718141,device_009,sensor,office_block,7.9,39.4,45.09,-66,12480,False,11,2026-05-25,Monday,Good,Normal,Normal
2026-05-25 11:35:03.718141,device_010,camera,warehouse_a,61.0,64.7,59.42,-56,12480,False,11,2026-05-25,Monday,Excellent,Normal,Normal
2026-05-25 11:35:03.718141,device_011,camera,factory_floor_1,67.0,64.6,63.0,-56,12480,False,11,2026-05-25,Monday,Excellent,Normal,Normal
2026-05-25 11:35:03.718141,device_012,camera,server_room,62.7,66.4,56.96,-50,12480,False,11,2026-05-25,Monday,Excellent,Normal,Normal
2026-05-25 11:35:03.718141,device_013,sensor,factory_floor_2,10.8,33.8,39.8,-69,12480,False,11,2026-05-25,Monday,Good,Normal,Normal
2026-05-25 11:35:03.718141,device_014,controller,server_room,9.9,44.8,48.56,-64,12480,False,11,2026-05-25,Monday,Good,Normal,Normal
2026-05-25 11:35:03.718141,device_015,sensor,loading_bay,4.4,35.7,41.43,-69,12480,False,11,2026-05-25,Monday,Good,Normal,Normal
2026-05-25 11:36:03.718141,device_001,gateway,warehouse_a,23.9,62.2,47.57,-48,12420,False,11,2026-05-25,Monday,Excellent,Normal,Normal
2026-05-25 11:36:03.718141,device_002,camera,factory_floor_2,61.8,74.0,60.71,-65,12420,False,11,2026-05-25,Monday,Good,Normal,Normal
2026-05-25 11:36:03.718141,device_003,sensor,warehouse_b,25.6,36.8,38.27,-58,12420,False,11,2026-05-25,Monday,Excellent,Normal,Normal
2026-05-25 11:36:03.718141,device_004,camera,warehouse_b,61.5,67.1,59.38,-50,12420,False,11,2026-05-25,Monday,Excellent,Normal,Normal
2026-05-25 11:36:03.718141,device_005,gateway,warehouse_a,22.4,49.1,51.88,-55,12420,False,11,2026-05-25,Monday,Excellent,Normal,Normal
2026-05-25 11:36:03.718141,device_006,sensor,factory_floor_2,12.7,36.7,42.17,-63,12420,False,11,2026-05-25,Monday,Good,Normal,Normal
2026-05-25 11:36:03.718141,device_007,sensor,warehouse_a,5.7,36.2,40.9,-68,12420,False,11,2026-05-25,Monday,Good,Normal,Normal
2026-05-25 11:36:03.718141,device_008,gateway,loading_bay,52.2,51.6,70.93,-57,12420,True,11,2026-05-25,Monday,Excellent,Warning,Normal
2026-05-25 11:36:03.718141,device_009,sensor,office_block,3.5,40.4,35.67,-68,12420,False,11,2026-05-25,Monday,Good,Normal,Normal
2026-05-25 11:36:03.718141,device_010,camera,warehouse_a,61.6,74.3,64.49,-65,12420,False,11,2026-05-25,Monday,Good,Normal,Normal
2026-05-25 11:36:03.718141,device_011,camera,factory_floor_1,58.6,80.2,57.73,-53,12420,False,11,2026-05-25,Monday,Excellent,Normal,Normal
2026-05-25 11:36:03.718141,device_012,camera,server_room,73.8,71.0,60.91,-65,12420,False,11,2026-05-25,Monday,Good,Normal,High
2026-05-25 11:36:03.718141,device_013,sensor,factory_floor_2,4.8,32.1,43.3,-62,12420,False,11,2026-05-25,Monday,Good,Normal,Normal
2026-05-25 11:36:03.718141,device_014,controller,server_room,7.8,45.1,44.04,-66,12420,False,11,2026-05-25,Monday,Good,Normal,Normal
2026-05-25 11:36:03.718141,device_015,sensor,loading_bay,2.3,30.7,41.8,-68,12420,False,11,2026-05-25,Monday,Good,Normal,Normal
2026-05-25 11:37:03.718141,device_001,gateway,warehouse_a,24.1,56.0,54.56,-47,12360,False,11,2026-05-25,Monday,Excellent,Normal,Normal
2026-05-25 11:37:03.718141,device_002,camera,factory_floor_2,65.0,71.9,63.64,-59,12360,False,11,2026-05-25,Monday,Excellent,Normal,Normal
2026-05-25 11:37:03.718141,device_003,sensor,warehouse_b,15.2,33.3,40.62,-64,12360,False,11,2026-05-25,Monday,Good,Normal,Normal
2026-05-25 11:37:03.718141,device_004,camera,warehouse_b,58.5,73.9,59.71,-59,12360,False,11,2026-05-25,Monday,Excellent,Normal,Normal
2026-05-25 11:37:03.718141,device_005,gateway,warehouse_a,34.5,47.8,54.88,-58,12360,False,11,2026-05-25,Monday,Excellent,Normal,Normal
2026-05-25 11:37:03.718141,device_006,sensor,factory_floor_2,13.4,38.6,36.48,-57,12360,False,11,2026-05-25,Monday,Excellent,Normal,Normal
2026-05-25 11:37:03.718141,device_007,sensor,warehouse_a,6.2,29.7,44.11,-59,12360,False,11,2026-05-25,Monday,Excellent,Normal,Normal
2026-05-25 11:37:03.718141,device_008,gateway,loading_bay,33.9,52.3,47.61,-50,12360,False,11,2026-05-25,Monday,Excellent,Normal,Normal
2026-05-25 11:37:03.718141,device_009,sensor,office_block,3.0,35.4,36.74,-65,12360,False,11,2026-05-25,Monday,Good,Normal,Normal
2026-05-25 11:37:03.718141,device_010,camera,warehouse_a,74.0,70.4,69.0,-54,12360,False,11,2026-05-25,Monday,Excellent,Normal,High
2026-05-25 11:37:03.718141,device_011,camera,factory_floor_1,70.6,72.0,61.7,-61,12360,False,11,2026-05-25,Monday,Good,Normal,High
2026-05-25 11:37:03.718141,device_012,camera,server_room,63.3,72.1,61.59,-52,12360,False,11,2026-05-25,Monday,Excellent,Normal,Normal
2026-05-25 11:37:03.718141,device_013,sensor,factory_floor_2,5.1,34.8,41.77,-60,12360,False,11,2026-05-25,Monday,Excellent,Normal,Normal
2026-05-25 11:37:03.718141,device_014,controller,server_room,22.1,44.8,44.8,-58,12360,False,11,2026-05-25,Monday,Excellent,Normal,Normal
2026-05-25 11:37:03.718141,device_015,sensor,loading_bay,17.6,40.4,45.49,-57,12360,False,11,2026-05-25,Monday,Excellent,Normal,Normal
2026-05-25 11:38:03.718141,device_001,gateway,warehouse_a,28.1,59.0,52.96,-50,12300,False,11,2026-05-25,Monday,Excellent,Normal,Normal
2026-05-25 11:38:03.718141,device_002,camera,factory_floor_2,72.8,64.7,55.15,-56,12300,False,11,2026-05-25,Monday,Excellent,Normal,High
2026-05-25 11:38:03.718141,device_003,sensor,warehouse_b,14.5,32.3,41.17,-64,12300,False,11,2026-05-25,Monday,Good,Normal,Normal
2026-05-25 11:38:03.718141,device_004,camera,warehouse_b,58.7,64.4,59.33,-58,12300,False,11,2026-05-25,Monday,Excellent,Normal,Normal
2026-05-25 11:38:03.718141,device_005,gateway,warehouse_a,38.5,54.8,51.93,-49,12300,False,11,2026-05-25,Monday,Excellent,Normal,Normal
2026-05-25 11:38:03.718141,device_006,sensor,factory_floor_2,10.9,38.8,44.89,-58,12300,False,11,2026-05-25,Monday,Excellent,Normal,Normal
2026-05-25 11:38:03.718141,device_007,sensor,warehouse_a,43.4,33.8,60.11,-69,12300,True,11,2026-05-25,Monday,Good,Normal,Normal
2026-05-25 11:38:03.718141,device_008,gateway,loading_bay,31.8,55.0,50.42,-63,12300,False,11,2026-05-25,Monday,Good,Normal,Normal
2026-05-25 11:38:03.718141,device_009,sensor,office_block,10.0,27.9,44.36,-61,12300,False,11,2026-05-25,Monday,Good,Normal,Normal
2026-05-25 11:38:03.718141,device_010,camera,warehouse_a,98.6,72.8,80.3,-59,12300,True,11,2026-05-25,Monday,Excellent,Critical,Critical
2026-05-25 11:38:03.718141,device_011,camera,factory_floor_1,68.9,75.4,65.82,-56,12300,False,11,2026-05-25,Monday,Excellent,Normal,Normal
2026-05-25 11:38:03.718141,device_012,camera,server_room,71.7,71.2,65.33,-58,12300,False,11,2026-05-25,Monday,Excellent,Normal,High
2026-05-25 11:38:03.718141,device_013,sensor,factory_floor_2,8.2,37.9,44.62,-54,12300,False,11,2026-05-25,Monday,Excellent,Normal,Normal
2026-05-25 11:38:03.718141,device_014,controller,server_room,16.5,44.9,49.21,-64,12300,False,11,2026-05-25,Monday,Good,Normal,Normal
2026-05-25 11:38:03.718141,device_015,sensor,loading_bay,3.7,35.2,45.87,-56,12300,False,11,2026-05-25,Monday,Excellent,Normal,Normal
2026-05-25 11:39:03.718141,device_001,gateway,warehouse_a,38.2,52.8,47.12,-59,12240,False,11,2026-05-25,Monday,Excellent,Normal,Normal
2026-05-25 11:39:03.718141,device_002,camera,factory_floor_2,65.2,71.6,64.41,-59,12240,False,11,2026-05-25,Monday,Excellent,Normal,Normal
2026-05-25 11:39:03.718141,device_003,sensor,warehouse_b,9.6,30.4,38.62,-61,12240,False,11,2026-05-25,Monday,Good,Normal,Normal
2026-05-25 11:39:03.718141,device_004,camera,warehouse_b,66.6,67.9,56.91,-54,12240,False,11,2026-05-25,Monday,Excellent,Normal,Normal
2026-05-25 11:39:03.718141,device_005,gateway,warehouse_a,30.5,61.4,49.05,-57,12240,False,11,2026-05-25,Monday,Excellent,Normal,Normal
2026-05-25 11:39:03.718141,device_006,sensor,factory_floor_2,14.1,31.3,37.29,-60,12240,False,11,2026-05-25,Monday,Excellent,Normal,Normal
2026-05-25 11:39:03.718141,device_007,sensor,warehouse_a,1.0,38.1,39.65,-65,12240,False,11,2026-05-25,Monday,Good,Normal,Normal
2026-05-25 11:39:03.718141,device_008,gateway,loading_bay,25.9,48.9,53.38,-60,12240,False,11,2026-05-25,Monday,Excellent,Normal,Normal
2026-05-25 11:39:03.718141,device_009,sensor,office_block,12.0,35.0,40.33,-61,12240,False,11,2026-05-25,Monday,Good,Normal,Normal
2026-05-25 11:39:03.718141,device_010,camera,warehouse_a,64.5,65.4,57.19,-54,12240,False,11,2026-05-25,Monday,Excellent,Normal,Normal
2026-05-25 11:39:03.718141,device_011,camera,factory_floor_1,69.8,74.2,62.2,-65,12240,False,11,2026-05-25,Monday,Good,Normal,Normal
2026-05-25 11:39:03.718141,device_012,camera,server_room,66.6,63.1,61.43,-56,12240,False,11,2026-05-25,Monday,Excellent,Normal,Normal
2026-05-25 11:39:03.718141,device_013,sensor,factory_floor_2,6.6,42.8,41.92,-57,12240,False,11,2026-05-25,Monday,Excellent,Normal,Normal
2026-05-25 11:39:03.718141,device_014,controller,server_room,21.4,47.4,52.61,-65,12240,False,11,2026-05-25,Monday,Good,Normal,Normal
2026-05-25 11:39:03.718141,device_015,sensor,loading_bay,4.4,35.9,42.35,-63,12240,False,11,2026-05-25,Monday,Good,Normal,Normal
2026-05-25 11:40:03.718141,device_001,gateway,warehouse_a,23.3,54.2,50.85,-63,12180,False,11,2026-05-25,Monday,Good,Normal,Normal
2026-05-25 11:40:03.718141,device_002,camera,factory_floor_2,73.0,74.8,54.76,-54,12180,False,11,2026-05-25,Monday,Excellent,Normal,High
2026-05-25 11:40:03.718141,device_003,sensor,warehouse_b,3.3,39.7,37.88,-54,12180,False,11,2026-05-25,Monday,Excellent,Normal,Normal
2026-05-25 11:40:03.718141,device_004,camera,warehouse_b,68.7,73.2,64.76,-62,12180,False,11,2026-05-25,Monday,Good,Normal,Normal
2026-05-25 11:40:03.718141,device_005,gateway,warehouse_a,38.3,54.4,53.68,-56,12180,False,11,2026-05-25,Monday,Excellent,Normal,Normal
2026-05-25 11:40:03.718141,device_006,sensor,factory_floor_2,9.7,31.9,45.73,-58,12180,False,11,2026-05-25,Monday,Excellent,Normal,Normal
2026-05-25 11:40:03.718141,device_007,sensor,warehouse_a,4.7,26.6,41.07,-54,12180,False,11,2026-05-25,Monday,Excellent,Normal,Normal
2026-05-25 11:40:03.718141,device_008,gateway,loading_bay,28.7,55.2,46.34,-50,12180,False,11,2026-05-25,Monday,Excellent,Normal,Normal
2026-05-25 11:40:03.718141,device_009,sensor,office_block,12.3,41.7,40.57,-58,12180,False,11,2026-05-25,Monday,Excellent,Normal,Normal
2026-05-25 11:40:03.718141,device_010,camera,warehouse_a,57.7,72.7,64.57,-56,12180,False,11,2026-05-25,Monday,Excellent,Normal,Normal
2026-05-25 11:40:03.718141,device_011,camera,factory_floor_1,56.4,69.7,69.13,-65,12180,False,11,2026-05-25,Monday,Good,Normal,Normal
2026-05-25 11:40:03.718141,device_012,camera,server_room,60.6,69.1,56.78,-58,12180,False,11,2026-05-25,Monday,Excellent,Normal,Normal
2026-05-25 11:40:03.718141,device_013,sensor,factory_floor_2,7.4,33.8,42.31,-54,12180,False,11,2026-05-25,Monday,Excellent,Normal,Normal
2026-05-25 11:40:03.718141,device_014,controller,server_room,21.2,37.3,46.84,-64,12180,False,11,2026-05-25,Monday,Good,Normal,Normal
2026-05-25 11:40:03.718141,device_015,sensor,loading_bay,7.3,36.4,34.9,-55,12180,False,11,2026-05-25,Monday,Excellent,Normal,Normal
2026-05-25 11:41:03.718141,device_001,gateway,warehouse_a,23.1,60.3,52.49,-48,12120,False,11,2026-05-25,Monday,Excellent,Normal,Normal
2026-05-25 11:41:03.718141,device_002,camera,factory_floor_2,60.3,68.3,64.18,-60,12120,False,11,2026-05-25,Monday,Excellent,Normal,Normal
2026-05-25 11:41:03.718141,device_003,sensor,warehouse_b,16.8,31.6,40.9,-54,12120,False,11,2026-05-25,Monday,Excellent,Normal,Normal
2026-05-25 11:41:03.718141,device_004,camera,warehouse_b,68.4,66.6,59.69,-64,12120,False,11,2026-05-25,Monday,Good,Normal,Normal
2026-05-25 11:41:03.718141,device_005,gateway,warehouse_a,25.6,60.4,51.87,-50,12120,False,11,2026-05-25,Monday,Excellent,Normal,Normal
2026-05-25 11:41:03.718141,device_006,sensor,factory_floor_2,1.0,37.5,42.07,-68,12120,False,11,2026-05-25,Monday,Good,Normal,Normal
2026-05-25 11:41:03.718141,device_007,sensor,warehouse_a,9.0,34.7,45.93,-57,12120,False,11,2026-05-25,Monday,Excellent,Normal,Normal
2026-05-25 11:41:03.718141,device_008,gateway,loading_bay,27.1,55.4,53.78,-52,12120,False,11,2026-05-25,Monday,Excellent,Normal,Normal
2026-05-25 11:41:03.718141,device_009,sensor,office_block,6.0,32.4,43.55,-59,12120,False,11,2026-05-25,Monday,Excellent,Normal,Normal
2026-05-25 11:41:03.718141,device_010,camera,warehouse_a,61.9,75.4,59.42,-66,12120,False,11,2026-05-25,Monday,Good,Normal,Normal
2026-05-25 11:41:03.718141,device_011,camera,factory_floor_1,48.9,70.1,62.19,-61,12120,False,11,2026-05-25,Monday,Good,Normal,Normal
2026-05-25 11:41:03.718141,device_012,camera,server_room,56.6,71.9,61.93,-52,12120,False,11,2026-05-25,Monday,Excellent,Normal,Normal
2026-05-25 11:41:03.718141,device_013,sensor,factory_floor_2,10.9,40.5,34.04,-56,12120,False,11,2026-05-25,Monday,Excellent,Normal,Normal
2026-05-25 11:41:03.718141,device_014,controller,server_room,14.3,48.0,50.06,-61,12120,False,11,2026-05-25,Monday,Good,Normal,Normal
2026-05-25 11:41:03.718141,device_015,sensor,loading_bay,3.6,33.5,43.98,-59,12120,False,11,2026-05-25,Monday,Excellent,Normal,Normal
2026-05-25 11:42:03.718141,device_001,gateway,warehouse_a,17.6,51.9,55.5,-61,12060,False,11,2026-05-25,Monday,Good,Normal,Normal
2026-05-25 11:42:03.718141,device_002,camera,factory_floor_2,60.7,71.1,59.79,-65,12060,False,11,2026-05-25,Monday,Good,Normal,Normal
2026-05-25 11:42:03.718141,device_003,sensor,warehouse_b,7.7,29.6,43.64,-66,12060,False,11,2026-05-25,Monday,Good,Normal,Normal
2026-05-25 11:42:03.718141,device_004,camera,warehouse_b,61.3,77.6,60.65,-57,12060,False,11,2026-05-25,Monday,Excellent,Normal,Normal
2026-05-25 11:42:03.718141,device_005,gateway,warehouse_a,57.4,55.2,75.26,-60,12060,True,11,2026-05-25,Monday,Excellent,Warning,Normal
2026-05-25 11:42:03.718141,device_006,sensor,factory_floor_2,5.6,34.3,41.26,-55,12060,False,11,2026-05-25,Monday,Excellent,Normal,Normal
2026-05-25 11:42:03.718141,device_007,sensor,warehouse_a,11.0,36.4,46.12,-64,12060,False,11,2026-05-25,Monday,Good,Normal,Normal
2026-05-25 11:42:03.718141,device_008,gateway,loading_bay,33.9,53.3,49.11,-57,12060,False,11,2026-05-25,Monday,Excellent,Normal,Normal
2026-05-25 11:42:03.718141,device_009,sensor,office_block,4.4,33.6,42.94,-54,12060,False,11,2026-05-25,Monday,Excellent,Normal,Normal
2026-05-25 11:42:03.718141,device_010,camera,warehouse_a,68.6,70.2,58.21,-51,12060,False,11,2026-05-25,Monday,Excellent,Normal,Normal
2026-05-25 11:42:03.718141,device_011,camera,factory_floor_1,68.4,78.5,54.8,-62,12060,False,11,2026-05-25,Monday,Good,Normal,Normal
2026-05-25 11:42:03.718141,device_012,camera,server_room,63.6,70.6,54.92,-66,12060,False,11,2026-05-25,Monday,Good,Normal,Normal
2026-05-25 11:42:03.718141,device_013,sensor,factory_floor_2,8.2,39.0,41.75,-54,12060,False,11,2026-05-25,Monday,Excellent,Normal,Normal
2026-05-25 11:42:03.718141,device_014,controller,server_room,21.7,46.8,48.89,-63,12060,False,11,2026-05-25,Monday,Good,Normal,Normal
2026-05-25 11:42:03.718141,device_015,sensor,loading_bay,7.5,29.1,47.33,-64,12060,False,11,2026-05-25,Monday,Good,Normal,Normal
2026-05-25 11:43:03.718141,device_001,gateway,warehouse_a,28.7,58.3,52.2,-55,12000,False,11,2026-05-25,Monday,Excellent,Normal,Normal
2026-05-25 11:43:03.718141,device_002,camera,factory_floor_2,60.8,70.6,55.77,-66,12000,False,11,2026-05-25,Monday,Good,Normal,Normal
2026-05-25 11:43:03.718141,device_003,sensor,warehouse_b,9.4,29.9,46.47,-62,12000,False,11,2026-05-25,Monday,Good,Normal,Normal
2026-05-25 11:43:03.718141,device_004,camera,warehouse_b,70.8,68.5,68.1,-55,12000,False,11,2026-05-25,Monday,Excellent,Normal,High
2026-05-25 11:43:03.718141,device_005,gateway,warehouse_a,21.5,55.1,50.78,-63,12000,False,11,2026-05-25,Monday,Good,Normal,Normal
2026-05-25 11:43:03.718141,device_006,sensor,factory_floor_2,10.8,41.2,40.23,-58,12000,False,11,2026-05-25,Monday,Excellent,Normal,Normal
2026-05-25 11:43:03.718141,device_007,sensor,warehouse_a,2.4,39.4,36.78,-58,12000,False,11,2026-05-25,Monday,Excellent,Normal,Normal
2026-05-25 11:43:03.718141,device_008,gateway,loading_bay,16.6,67.5,51.39,-60,12000,False,11,2026-05-25,Monday,Excellent,Normal,Normal
2026-05-25 11:43:03.718141,device_009,sensor,office_block,7.9,34.8,38.64,-55,12000,False,11,2026-05-25,Monday,Excellent,Normal,Normal
2026-05-25 11:43:03.718141,device_010,camera,warehouse_a,64.7,72.6,61.48,-64,12000,False,11,2026-05-25,Monday,Good,Normal,Normal
2026-05-25 11:43:03.718141,device_011,camera,factory_floor_1,59.8,71.0,66.06,-50,12000,False,11,2026-05-25,Monday,Excellent,Normal,Normal
2026-05-25 11:43:03.718141,device_012,camera,server_room,68.6,75.1,59.12,-66,12000,False,11,2026-05-25,Monday,Good,Normal,Normal
2026-05-25 11:43:03.718141,device_013,sensor,factory_floor_2,6.7,31.3,42.83,-54,12000,False,11,2026-05-25,Monday,Excellent,Normal,Normal
2026-05-25 11:43:03.718141,device_014,controller,server_room,13.0,43.2,50.06,-53,12000,False,11,2026-05-25,Monday,Excellent,Normal,Normal
2026-05-25 11:43:03.718141,device_015,sensor,loading_bay,3.7,37.8,40.07,-65,12000,False,11,2026-05-25,Monday,Good,Normal,Normal
2026-05-25 11:44:03.718141,device_001,gateway,warehouse_a,54.9,55.1,71.65,-52,11940,True,11,2026-05-25,Monday,Excellent,Warning,Normal
2026-05-25 11:44:03.718141,device_002,camera,factory_floor_2,55.4,71.3,56.59,-57,11940,False,11,2026-05-25,Monday,Excellent,Normal,Normal
2026-05-25 11:44:03.718141,device_003,sensor,warehouse_b,4.3,38.9,45.17,-54,11940,False,11,2026-05-25,Monday,Excellent,Normal,Normal
2026-05-25 11:44:03.718141,device_004,camera,warehouse_b,68.6,69.7,66.46,-65,11940,False,11,2026-05-25,Monday,Good,Normal,Normal
2026-05-25 11:44:03.718141,device_005,gateway,warehouse_a,31.2,64.8,50.25,-51,11940,False,11,2026-05-25,Monday,Excellent,Normal,Normal
2026-05-25 11:44:03.718141,device_006,sensor,factory_floor_2,17.9,36.5,42.04,-70,11940,False,11,2026-05-25,Monday,Good,Normal,Normal
2026-05-25 11:44:03.718141,device_007,sensor,warehouse_a,14.8,32.4,41.56,-62,11940,False,11,2026-05-25,Monday,Good,Normal,Normal
2026-05-25 11:44:03.718141,device_008,gateway,loading_bay,32.4,55.7,52.24,-53,11940,False,11,2026-05-25,Monday,Excellent,Normal,Normal
2026-05-25 11:44:03.718141,device_009,sensor,office_block,3.8,35.9,36.85,-66,11940,False,11,2026-05-25,Monday,Good,Normal,Normal
2026-05-25 11:44:03.718141,device_010,camera,warehouse_a,69.5,75.7,60.32,-54,11940,False,11,2026-05-25,Monday,Excellent,Normal,Normal
2026-05-25 11:44:03.718141,device_011,camera,factory_floor_1,61.5,69.7,57.84,-59,11940,False,11,2026-05-25,Monday,Excellent,Normal,Normal
2026-05-25 11:44:03.718141,device_012,camera,server_room,64.6,66.9,63.31,-62,11940,False,11,2026-05-25,Monday,Good,Normal,Normal
2026-05-25 11:44:03.718141,device_013,sensor,factory_floor_2,14.8,34.8,47.9,-61,11940,False,11,2026-05-25,Monday,Good,Normal,Normal
2026-05-25 11:44:03.718141,device_014,controller,server_room,24.2,49.3,44.83,-58,11940,False,11,2026-05-25,Monday,Excellent,Normal,Normal
2026-05-25 11:44:03.718141,device_015,sensor,loading_bay,13.2,34.9,44.59,-66,11940,False,11,2026-05-25,Monday,Good,Normal,Normal
2026-05-25 11:45:03.718141,device_001,gateway,warehouse_a,13.2,52.5,50.07,-59,11880,False,11,2026-05-25,Monday,Excellent,Normal,Normal
2026-05-25 11:45:03.718141,device_002,camera,factory_floor_2,60.1,68.3,61.37,-60,11880,False,11,2026-05-25,Monday,Excellent,Normal,Normal
2026-05-25 11:45:03.718141,device_003,sensor,warehouse_b,3.9,32.1,38.82,-61,11880,False,11,2026-05-25,Monday,Good,Normal,Normal
2026-05-25 11:45:03.718141,device_004,camera,warehouse_b,70.6,67.9,59.02,-50,11880,False,11,2026-05-25,Monday,Excellent,Normal,High
2026-05-25 11:45:03.718141,device_005,gateway,warehouse_a,25.7,56.8,53.02,-50,11880,False,11,2026-05-25,Monday,Excellent,Normal,Normal
2026-05-25 11:45:03.718141,device_006,sensor,factory_floor_2,1.0,40.7,45.06,-66,11880,False,11,2026-05-25,Monday,Good,Normal,Normal
2026-05-25 11:45:03.718141,device_007,sensor,warehouse_a,2.7,33.2,39.08,-65,11880,False,11,2026-05-25,Monday,Good,Normal,Normal
2026-05-25 11:45:03.718141,device_008,gateway,loading_bay,24.2,47.2,52.67,-60,11880,False,11,2026-05-25,Monday,Excellent,Normal,Normal
2026-05-25 11:45:03.718141,device_009,sensor,office_block,2.4,31.3,46.62,-66,11880,False,11,2026-05-25,Monday,Good,Normal,Normal
2026-05-25 11:45:03.718141,device_010,camera,warehouse_a,71.2,62.8,62.07,-56,11880,False,11,2026-05-25,Monday,Excellent,Normal,High
2026-05-25 11:45:03.718141,device_011,camera,factory_floor_1,68.2,68.2,60.65,-53,11880,False,11,2026-05-25,Monday,Excellent,Normal,Normal
2026-05-25 11:45:03.718141,device_012,camera,server_room,66.2,72.8,62.42,-57,11880,False,11,2026-05-25,Monday,Excellent,Normal,Normal
2026-05-25 11:45:03.718141,device_013,sensor,factory_floor_2,13.9,29.5,43.22,-62,11880,False,11,2026-05-25,Monday,Good,Normal,Normal
2026-05-25 11:45:03.718141,device_014,controller,server_room,15.6,47.9,56.83,-62,11880,False,11,2026-05-25,Monday,Good,Normal,Normal
2026-05-25 11:45:03.718141,device_015,sensor,loading_bay,19.8,36.0,46.19,-65,11880,False,11,2026-05-25,Monday,Good,Normal,Normal
2026-05-25 11:46:03.718141,device_001,gateway,warehouse_a,29.5,48.0,51.89,-55,11820,False,11,2026-05-25,Monday,Excellent,Normal,Normal
2026-05-25 11:46:03.718141,device_002,camera,factory_floor_2,65.1,67.6,64.63,-59,11820,False,11,2026-05-25,Monday,Excellent,Normal,Normal
2026-05-25 11:46:03.718141,device_003,sensor,warehouse_b,10.1,31.4,44.55,-63,11820,False,11,2026-05-25,Monday,Good,Normal,Normal
2026-05-25 11:46:03.718141,device_004,camera,warehouse_b,62.7,66.7,57.95,-55,11820,False,11,2026-05-25,Monday,Excellent,Normal,Normal
2026-05-25 11:46:03.718141,device_005,gateway,warehouse_a,21.6,60.7,49.3,-48,11820,False,11,2026-05-25,Monday,Excellent,Normal,Normal
2026-05-25 11:46:03.718141,device_006,sensor,factory_floor_2,3.4,33.0,42.38,-55,11820,False,11,2026-05-25,Monday,Excellent,Normal,Normal
2026-05-25 11:46:03.718141,device_007,sensor,warehouse_a,13.9,38.5,45.93,-59,11820,False,11,2026-05-25,Monday,Excellent,Normal,Normal
2026-05-25 11:46:03.718141,device_008,gateway,loading_bay,29.5,50.2,51.31,-51,11820,False,11,2026-05-25,Monday,Excellent,Normal,Normal
2026-05-25 11:46:03.718141,device_009,sensor,office_block,17.7,37.7,39.72,-66,11820,False,11,2026-05-25,Monday,Good,Normal,Normal
2026-05-25 11:46:03.718141,device_010,camera,warehouse_a,70.3,74.2,59.33,-59,11820,False,11,2026-05-25,Monday,Excellent,Normal,High
2026-05-25 11:46:03.718141,device_011,camera,factory_floor_1,68.8,68.1,66.18,-66,11820,False,11,2026-05-25,Monday,Good,Normal,Normal
2026-05-25 11:46:03.718141,device_012,camera,server_room,58.6,70.8,59.48,-53,11820,False,11,2026-05-25,Monday,Excellent,Normal,Normal
2026-05-25 11:46:03.718141,device_013,sensor,factory_floor_2,8.3,27.4,40.82,-64,11820,False,11,2026-05-25,Monday,Good,Normal,Normal
2026-05-25 11:46:03.718141,device_014,controller,server_room,20.4,46.9,53.92,-66,11820,False,11,2026-05-25,Monday,Good,Normal,Normal
2026-05-25 11:46:03.718141,device_015,sensor,loading_bay,11.0,36.6,43.72,-56,11820,False,11,2026-05-25,Monday,Excellent,Normal,Normal
2026-05-25 11:47:03.718141,device_001,gateway,warehouse_a,32.7,53.7,53.19,-48,11760,False,11,2026-05-25,Monday,Excellent,Normal,Normal
2026-05-25 11:47:03.718141,device_002,camera,factory_floor_2,61.0,71.3,60.25,-52,11760,False,11,2026-05-25,Monday,Excellent,Normal,Normal
2026-05-25 11:47:03.718141,device_003,sensor,warehouse_b,6.4,36.8,42.94,-57,11760,False,11,2026-05-25,Monday,Excellent,Normal,Normal
2026-05-25 11:47:03.718141,device_004,camera,warehouse_b,69.2,70.3,64.85,-65,11760,False,11,2026-05-25,Monday,Good,Normal,Normal
2026-05-25 11:47:03.718141,device_005,gateway,warehouse_a,21.5,55.2,50.96,-51,11760,False,11,2026-05-25,Monday,Excellent,Normal,Normal
2026-05-25 11:47:03.718141,device_006,sensor,factory_floor_2,1.0,35.6,46.17,-58,11760,False,11,2026-05-25,Monday,Excellent,Normal,Normal
2026-05-25 11:47:03.718141,device_007,sensor,warehouse_a,9.9,32.5,46.1,-54,11760,False,11,2026-05-25,Monday,Excellent,Normal,Normal
2026-05-25 11:47:03.718141,device_008,gateway,loading_bay,30.9,54.3,51.67,-62,11760,False,11,2026-05-25,Monday,Good,Normal,Normal
2026-05-25 11:47:03.718141,device_009,sensor,office_block,4.1,33.5,47.0,-56,11760,False,11,2026-05-25,Monday,Excellent,Normal,Normal
2026-05-25 11:47:03.718141,device_010,camera,warehouse_a,68.5,74.7,55.37,-65,11760,False,11,2026-05-25,Monday,Good,Normal,Normal
2026-05-25 11:47:03.718141,device_011,camera,factory_floor_1,70.3,69.1,61.29,-59,11760,False,11,2026-05-25,Monday,Excellent,Normal,High
2026-05-25 11:47:03.718141,device_012,camera,server_room,67.0,62.9,67.87,-54,11760,False,11,2026-05-25,Monday,Excellent,Normal,Normal
2026-05-25 11:47:03.718141,device_013,sensor,factory_floor_2,11.9,34.9,39.27,-69,11760,False,11,2026-05-25,Monday,Good,Normal,Normal
2026-05-25 11:47:03.718141,device_014,controller,server_room,16.8,45.0,46.72,-52,11760,False,11,2026-05-25,Monday,Excellent,Normal,Normal
2026-05-25 11:47:03.718141,device_015,sensor,loading_bay,2.3,27.8,45.09,-69,11760,False,11,2026-05-25,Monday,Good,Normal,Normal
2026-05-25 11:48:03.718141,device_001,gateway,warehouse_a,30.7,50.3,51.02,-49,11700,False,11,2026-05-25,Monday,Excellent,Normal,Normal
2026-05-25 11:48:03.718141,device_002,camera,factory_floor_2,66.0,70.2,56.33,-57,11700,False,11,2026-05-25,Monday,Excellent,Normal,Normal
2026-05-25 11:48:03.718141,device_003,sensor,warehouse_b,1.0,31.3,43.38,-61,11700,False,11,2026-05-25,Monday,Good,Normal,Normal
2026-05-25 11:48:03.718141,device_004,camera,warehouse_b,62.7,66.9,61.88,-53,11700,False,11,2026-05-25,Monday,Excellent,Normal,Normal
2026-05-25 11:48:03.718141,device_005,gateway,warehouse_a,27.7,57.5,47.46,-62,11700,False,11,2026-05-25,Monday,Good,Normal,Normal
2026-05-25 11:48:03.718141,device_006,sensor,factory_floor_2,16.8,35.4,50.38,-66,11700,False,11,2026-05-25,Monday,Good,Normal,Normal
2026-05-25 11:48:03.718141,device_007,sensor,warehouse_a,11.9,41.0,36.66,-56,11700,False,11,2026-05-25,Monday,Excellent,Normal,Normal
2026-05-25 11:48:03.718141,device_008,gateway,loading_bay,31.9,59.9,50.55,-47,11700,False,11,2026-05-25,Monday,Excellent,Normal,Normal
2026-05-25 11:48:03.718141,device_009,sensor,office_block,6.7,36.9,40.63,-66,11700,False,11,2026-05-25,Monday,Good,Normal,Normal
2026-05-25 11:48:03.718141,device_010,camera,warehouse_a,59.7,65.8,64.06,-56,11700,False,11,2026-05-25,Monday,Excellent,Normal,Normal
2026-05-25 11:48:03.718141,device_011,camera,factory_floor_1,59.7,73.0,58.27,-61,11700,False,11,2026-05-25,Monday,Good,Normal,Normal
2026-05-25 11:48:03.718141,device_012,camera,server_room,61.9,67.6,56.96,-60,11700,False,11,2026-05-25,Monday,Excellent,Normal,Normal
2026-05-25 11:48:03.718141,device_013,sensor,factory_floor_2,7.8,30.4,38.46,-68,11700,False,11,2026-05-25,Monday,Good,Normal,Normal
2026-05-25 11:48:03.718141,device_014,controller,server_room,28.6,43.7,45.42,-63,11700,False,11,2026-05-25,Monday,Good,Normal,Normal
2026-05-25 11:48:03.718141,device_015,sensor,loading_bay,6.2,37.5,40.74,-67,11700,False,11,2026-05-25,Monday,Good,Normal,Normal
2026-05-25 11:49:03.718141,device_001,gateway,warehouse_a,32.7,50.1,51.08,-49,11640,False,11,2026-05-25,Monday,Excellent,Normal,Normal
2026-05-25 11:49:03.718141,device_002,camera,factory_floor_2,71.4,76.9,60.71,-64,11640,False,11,2026-05-25,Monday,Good,Normal,High
2026-05-25 11:49:03.718141,device_003,sensor,warehouse_b,1.0,42.7,42.59,-58,11640,False,11,2026-05-25,Monday,Excellent,Normal,Normal
2026-05-25 11:49:03.718141,device_004,camera,warehouse_b,63.2,71.2,60.32,-50,11640,False,11,2026-05-25,Monday,Excellent,Normal,Normal
2026-05-25 11:49:03.718141,device_005,gateway,warehouse_a,25.2,53.6,51.06,-58,11640,False,11,2026-05-25,Monday,Excellent,Normal,Normal
2026-05-25 11:49:03.718141,device_006,sensor,factory_floor_2,4.9,36.8,45.69,-58,11640,False,11,2026-05-25,Monday,Excellent,Normal,Normal
2026-05-25 11:49:03.718141,device_007,sensor,warehouse_a,9.3,33.9,44.43,-65,11640,False,11,2026-05-25,Monday,Good,Normal,Normal
2026-05-25 11:49:03.718141,device_008,gateway,loading_bay,24.1,55.0,50.19,-59,11640,False,11,2026-05-25,Monday,Excellent,Normal,Normal
2026-05-25 11:49:03.718141,device_009,sensor,office_block,2.7,32.9,40.5,-66,11640,False,11,2026-05-25,Monday,Good,Normal,Normal
2026-05-25 11:49:03.718141,device_010,camera,warehouse_a,75.6,69.3,52.68,-65,11640,False,11,2026-05-25,Monday,Good,Normal,High
2026-05-25 11:49:03.718141,device_011,camera,factory_floor_1,73.6,73.0,61.37,-57,11640,False,11,2026-05-25,Monday,Excellent,Normal,High
2026-05-25 11:49:03.718141,device_012,camera,server_room,65.5,61.0,59.0,-52,11640,False,11,2026-05-25,Monday,Excellent,Normal,Normal
2026-05-25 11:49:03.718141,device_013,sensor,factory_floor_2,9.0,31.8,39.67,-65,11640,False,11,2026-05-25,Monday,Good,Normal,Normal
2026-05-25 11:49:03.718141,device_014,controller,server_room,15.5,54.6,53.23,-64,11640,False,11,2026-05-25,Monday,Good,Normal,Normal
2026-05-25 11:49:03.718141,device_015,sensor,loading_bay,9.1,30.3,40.61,-70,11640,False,11,2026-05-25,Monday,Good,Normal,Normal
2026-05-25 11:50:03.718141,device_001,gateway,warehouse_a,30.3,54.0,57.35,-55,11580,False,11,2026-05-25,Monday,Excellent,Normal,Normal
2026-05-25 11:50:03.718141,device_002,camera,factory_floor_2,83.1,73.9,83.01,-51,11580,True,11,2026-05-25,Monday,Excellent,Critical,High
2026-05-25 11:50:03.718141,device_003,sensor,warehouse_b,1.0,36.8,42.53,-70,11580,False,11,2026-05-25,Monday,Good,Normal,Normal
2026-05-25 11:50:03.718141,device_004,camera,warehouse_b,64.6,74.1,58.63,-51,11580,False,11,2026-05-25,Monday,Excellent,Normal,Normal
2026-05-25 11:50:03.718141,device_005,gateway,warehouse_a,26.0,46.8,47.54,-48,11580,False,11,2026-05-25,Monday,Excellent,Normal,Normal
2026-05-25 11:50:03.718141,device_006,sensor,factory_floor_2,14.3,35.4,43.85,-56,11580,False,11,2026-05-25,Monday,Excellent,Normal,Normal
2026-05-25 11:50:03.718141,device_007,sensor,warehouse_a,5.8,30.7,40.41,-70,11580,False,11,2026-05-25,Monday,Good,Normal,Normal
2026-05-25 11:50:03.718141,device_008,gateway,loading_bay,25.8,52.1,45.64,-55,11580,False,11,2026-05-25,Monday,Excellent,Normal,Normal
2026-05-25 11:50:03.718141,device_009,sensor,office_block,6.4,34.8,43.83,-64,11580,False,11,2026-05-25,Monday,Good,Normal,Normal
2026-05-25 11:50:03.718141,device_010,camera,warehouse_a,69.0,74.2,65.05,-62,11580,False,11,2026-05-25,Monday,Good,Normal,Normal
2026-05-25 11:50:03.718141,device_011,camera,factory_floor_1,67.4,66.1,61.04,-55,11580,False,11,2026-05-25,Monday,Excellent,Normal,Normal
2026-05-25 11:50:03.718141,device_012,camera,server_room,68.7,71.4,66.04,-65,11580,False,11,2026-05-25,Monday,Good,Normal,Normal
2026-05-25 11:50:03.718141,device_013,sensor,factory_floor_2,17.6,30.4,37.42,-61,11580,False,11,2026-05-25,Monday,Good,Normal,Normal
2026-05-25 11:50:03.718141,device_014,controller,server_room,22.3,50.3,48.79,-66,11580,False,11,2026-05-25,Monday,Good,Normal,Normal
2026-05-25 11:50:03.718141,device_015,sensor,loading_bay,7.9,34.1,39.4,-57,11580,False,11,2026-05-25,Monday,Excellent,Normal,Normal
2026-05-25 11:51:03.718141,device_001,gateway,warehouse_a,20.3,58.9,48.61,-58,11520,False,11,2026-05-25,Monday,Excellent,Normal,Normal
2026-05-25 11:51:03.718141,device_002,camera,factory_floor_2,69.4,63.1,62.09,-61,11520,False,11,2026-05-25,Monday,Good,Normal,Normal
2026-05-25 11:51:03.718141,device_003,sensor,warehouse_b,6.2,39.7,38.33,-59,11520,False,11,2026-05-25,Monday,Excellent,Normal,Normal
2026-05-25 11:51:03.718141,device_004,camera,warehouse_b,62.1,70.1,57.74,-64,11520,False,11,2026-05-25,Monday,Good,Normal,Normal
2026-05-25 11:51:03.718141,device_005,gateway,warehouse_a,24.8,52.1,56.45,-53,11520,False,11,2026-05-25,Monday,Excellent,Normal,Normal
2026-05-25 11:51:03.718141,device_006,sensor,factory_floor_2,1.0,34.9,35.54,-58,11520,False,11,2026-05-25,Monday,Excellent,Normal,Normal
2026-05-25 11:51:03.718141,device_007,sensor,warehouse_a,5.2,39.8,37.71,-57,11520,False,11,2026-05-25,Monday,Excellent,Normal,Normal
2026-05-25 11:51:03.718141,device_008,gateway,loading_bay,31.3,60.5,51.92,-61,11520,False,11,2026-05-25,Monday,Good,Normal,Normal
2026-05-25 11:51:03.718141,device_009,sensor,office_block,11.3,30.8,39.53,-66,11520,False,11,2026-05-25,Monday,Good,Normal,Normal
2026-05-25 11:51:03.718141,device_010,camera,warehouse_a,69.1,70.7,62.19,-58,11520,False,11,2026-05-25,Monday,Excellent,Normal,Normal
2026-05-25 11:51:03.718141,device_011,camera,factory_floor_1,60.8,67.0,62.82,-53,11520,False,11,2026-05-25,Monday,Excellent,Normal,Normal
2026-05-25 11:51:03.718141,device_012,camera,server_room,64.5,67.4,65.34,-60,11520,False,11,2026-05-25,Monday,Excellent,Normal,Normal
2026-05-25 11:51:03.718141,device_013,sensor,factory_floor_2,1.0,39.0,38.84,-67,11520,False,11,2026-05-25,Monday,Good,Normal,Normal
2026-05-25 11:51:03.718141,device_014,controller,server_room,19.3,43.0,47.61,-52,11520,False,11,2026-05-25,Monday,Excellent,Normal,Normal
2026-05-25 11:51:03.718141,device_015,sensor,loading_bay,10.4,36.2,39.45,-55,11520,False,11,2026-05-25,Monday,Excellent,Normal,Normal
2026-05-25 11:52:03.718141,device_001,gateway,warehouse_a,24.3,52.5,49.31,-54,11460,False,11,2026-05-25,Monday,Excellent,Normal,Normal
2026-05-25 11:52:03.718141,device_002,camera,factory_floor_2,63.1,70.9,60.85,-56,11460,False,11,2026-05-25,Monday,Excellent,Normal,Normal
2026-05-25 11:52:03.718141,device_003,sensor,warehouse_b,1.0,33.4,39.58,-59,11460,False,11,2026-05-25,Monday,Excellent,Normal,Normal
2026-05-25 11:52:03.718141,device_004,camera,warehouse_b,72.5,70.7,57.76,-51,11460,False,11,2026-05-25,Monday,Excellent,Normal,High
2026-05-25 11:52:03.718141,device_005,gateway,warehouse_a,35.5,56.6,48.06,-48,11460,False,11,2026-05-25,Monday,Excellent,Normal,Normal
2026-05-25 11:52:03.718141,device_006,sensor,factory_floor_2,4.0,31.8,40.49,-65,11460,False,11,2026-05-25,Monday,Good,Normal,Normal
2026-05-25 11:52:03.718141,device_007,sensor,warehouse_a,4.3,38.4,50.17,-63,11460,False,11,2026-05-25,Monday,Good,Normal,Normal
2026-05-25 11:52:03.718141,device_008,gateway,loading_bay,33.5,48.6,53.48,-57,11460,False,11,2026-05-25,Monday,Excellent,Normal,Normal
2026-05-25 11:52:03.718141,device_009,sensor,office_block,40.0,31.6,65.22,-70,11460,True,11,2026-05-25,Monday,Good,Normal,Normal
2026-05-25 11:52:03.718141,device_010,camera,warehouse_a,69.8,77.4,63.11,-63,11460,False,11,2026-05-25,Monday,Good,Normal,Normal
2026-05-25 11:52:03.718141,device_011,camera,factory_floor_1,62.9,68.6,57.71,-60,11460,False,11,2026-05-25,Monday,Excellent,Normal,Normal
2026-05-25 11:52:03.718141,device_012,camera,server_room,72.2,61.7,55.51,-53,11460,False,11,2026-05-25,Monday,Excellent,Normal,High
2026-05-25 11:52:03.718141,device_013,sensor,factory_floor_2,8.4,35.0,40.67,-60,11460,False,11,2026-05-25,Monday,Excellent,Normal,Normal
2026-05-25 11:52:03.718141,device_014,controller,server_room,22.7,37.5,46.34,-62,11460,False,11,2026-05-25,Monday,Good,Normal,Normal
2026-05-25 11:52:03.718141,device_015,sensor,loading_bay,48.2,30.8,59.01,-64,11460,True,11,2026-05-25,Monday,Good,Normal,Normal
2026-05-25 11:53:03.718141,device_001,gateway,warehouse_a,33.5,54.7,50.85,-55,11400,False,11,2026-05-25,Monday,Excellent,Normal,Normal
2026-05-25 11:53:03.718141,device_002,camera,factory_floor_2,67.4,68.7,64.25,-57,11400,False,11,2026-05-25,Monday,Excellent,Normal,Normal
2026-05-25 11:53:03.718141,device_003,sensor,warehouse_b,15.6,38.0,35.59,-60,11400,False,11,2026-05-25,Monday,Excellent,Normal,Normal
2026-05-25 11:53:03.718141,device_004,camera,warehouse_b,60.8,70.6,65.12,-63,11400,False,11,2026-05-25,Monday,Good,Normal,Normal
2026-05-25 11:53:03.718141,device_005,gateway,warehouse_a,24.6,58.6,53.99,-53,11400,False,11,2026-05-25,Monday,Excellent,Normal,Normal
2026-05-25 11:53:03.718141,device_006,sensor,factory_floor_2,11.2,33.1,38.91,-70,11400,False,11,2026-05-25,Monday,Good,Normal,Normal
2026-05-25 11:53:03.718141,device_007,sensor,warehouse_a,8.0,38.0,41.88,-64,11400,False,11,2026-05-25,Monday,Good,Normal,Normal
2026-05-25 11:53:03.718141,device_008,gateway,loading_bay,17.9,53.8,53.0,-53,11400,False,11,2026-05-25,Monday,Excellent,Normal,Normal
2026-05-25 11:53:03.718141,device_009,sensor,office_block,3.8,34.1,39.77,-55,11400,False,11,2026-05-25,Monday,Excellent,Normal,Normal
2026-05-25 11:53:03.718141,device_010,camera,warehouse_a,47.0,66.5,58.9,-65,11400,False,11,2026-05-25,Monday,Good,Normal,Normal
2026-05-25 11:53:03.718141,device_011,camera,factory_floor_1,67.7,69.1,58.58,-51,11400,False,11,2026-05-25,Monday,Excellent,Normal,Normal
2026-05-25 11:53:03.718141,device_012,camera,server_room,72.7,73.6,63.98,-52,11400,False,11,2026-05-25,Monday,Excellent,Normal,High
2026-05-25 11:53:03.718141,device_013,sensor,factory_floor_2,5.5,34.1,43.63,-60,11400,False,11,2026-05-25,Monday,Excellent,Normal,Normal
2026-05-25 11:53:03.718141,device_014,controller,server_room,17.0,42.6,49.23,-55,11400,False,11,2026-05-25,Monday,Excellent,Normal,Normal
2026-05-25 11:53:03.718141,device_015,sensor,loading_bay,15.5,37.5,41.52,-69,11400,False,11,2026-05-25,Monday,Good,Normal,Normal
2026-05-25 11:54:03.718141,device_001,gateway,warehouse_a,35.3,49.4,55.09,-54,11340,False,11,2026-05-25,Monday,Excellent,Normal,Normal
2026-05-25 11:54:03.718141,device_002,camera,factory_floor_2,67.2,73.6,63.55,-56,11340,False,11,2026-05-25,Monday,Excellent,Normal,Normal
2026-05-25 11:54:03.718141,device_003,sensor,warehouse_b,2.4,39.0,40.03,-70,11340,False,11,2026-05-25,Monday,Good,Normal,Normal
2026-05-25 11:54:03.718141,device_004,camera,warehouse_b,61.2,76.3,60.1,-56,11340,False,11,2026-05-25,Monday,Excellent,Normal,Normal
2026-05-25 11:54:03.718141,device_005,gateway,warehouse_a,27.8,51.5,49.82,-52,11340,False,11,2026-05-25,Monday,Excellent,Normal,Normal
2026-05-25 11:54:03.718141,device_006,sensor,factory_floor_2,9.7,34.0,38.0,-66,11340,False,11,2026-05-25,Monday,Good,Normal,Normal
2026-05-25 11:54:03.718141,device_007,sensor,warehouse_a,9.7,37.7,45.9,-70,11340,False,11,2026-05-25,Monday,Good,Normal,Normal
2026-05-25 11:54:03.718141,device_008,gateway,loading_bay,24.4,53.8,55.54,-51,11340,False,11,2026-05-25,Monday,Excellent,Normal,Normal
2026-05-25 11:54:03.718141,device_009,sensor,office_block,1.8,40.8,41.48,-65,11340,False,11,2026-05-25,Monday,Good,Normal,Normal
2026-05-25 11:54:03.718141,device_010,camera,warehouse_a,65.8,76.5,61.04,-54,11340,False,11,2026-05-25,Monday,Excellent,Normal,Normal
2026-05-25 11:54:03.718141,device_011,camera,factory_floor_1,57.8,63.5,57.14,-63,11340,False,11,2026-05-25,Monday,Good,Normal,Normal
2026-05-25 11:54:03.718141,device_012,camera,server_room,66.9,76.2,61.5,-57,11340,False,11,2026-05-25,Monday,Excellent,Normal,Normal
2026-05-25 11:54:03.718141,device_013,sensor,factory_floor_2,9.2,35.0,40.79,-60,11340,False,11,2026-05-25,Monday,Excellent,Normal,Normal
2026-05-25 11:54:03.718141,device_014,controller,server_room,18.6,55.8,42.98,-60,11340,False,11,2026-05-25,Monday,Excellent,Normal,Normal
2026-05-25 11:54:03.718141,device_015,sensor,loading_bay,10.6,37.5,42.63,-55,11340,False,11,2026-05-25,Monday,Excellent,Normal,Normal
2026-05-25 11:55:03.718141,device_001,gateway,warehouse_a,31.5,52.5,51.58,-52,11280,False,11,2026-05-25,Monday,Excellent,Normal,Normal
2026-05-25 11:55:03.718141,device_002,camera,factory_floor_2,68.0,66.8,62.16,-57,11280,False,11,2026-05-25,Monday,Excellent,Normal,Normal
2026-05-25 11:55:03.718141,device_003,sensor,warehouse_b,15.1,37.9,42.88,-61,11280,False,11,2026-05-25,Monday,Good,Normal,Normal
2026-05-25 11:55:03.718141,device_004,camera,warehouse_b,72.0,71.3,61.07,-55,11280,False,11,2026-05-25,Monday,Excellent,Normal,High
2026-05-25 11:55:03.718141,device_005,gateway,warehouse_a,32.1,55.2,49.83,-57,11280,False,11,2026-05-25,Monday,Excellent,Normal,Normal
2026-05-25 11:55:03.718141,device_006,sensor,factory_floor_2,8.6,44.3,39.13,-56,11280,False,11,2026-05-25,Monday,Excellent,Normal,Normal
2026-05-25 11:55:03.718141,device_007,sensor,warehouse_a,1.0,40.3,38.11,-55,11280,False,11,2026-05-25,Monday,Excellent,Normal,Normal
2026-05-25 11:55:03.718141,device_008,gateway,loading_bay,31.6,57.4,48.92,-59,11280,False,11,2026-05-25,Monday,Excellent,Normal,Normal
2026-05-25 11:55:03.718141,device_009,sensor,office_block,15.3,45.4,41.91,-55,11280,False,11,2026-05-25,Monday,Excellent,Normal,Normal
2026-05-25 11:55:03.718141,device_010,camera,warehouse_a,56.4,74.7,63.08,-50,11280,False,11,2026-05-25,Monday,Excellent,Normal,Normal
2026-05-25 11:55:03.718141,device_011,camera,factory_floor_1,69.5,68.8,60.39,-56,11280,False,11,2026-05-25,Monday,Excellent,Normal,Normal
2026-05-25 11:55:03.718141,device_012,camera,server_room,67.2,72.4,63.45,-63,11280,False,11,2026-05-25,Monday,Good,Normal,Normal
2026-05-25 11:55:03.718141,device_013,sensor,factory_floor_2,13.2,34.1,38.94,-54,11280,False,11,2026-05-25,Monday,Excellent,Normal,Normal
2026-05-25 11:55:03.718141,device_014,controller,server_room,13.3,49.1,46.84,-64,11280,False,11,2026-05-25,Monday,Good,Normal,Normal
2026-05-25 11:55:03.718141,device_015,sensor,loading_bay,8.5,35.8,49.82,-69,11280,False,11,2026-05-25,Monday,Good,Normal,Normal
2026-05-25 11:56:03.718141,device_001,gateway,warehouse_a,28.3,52.4,52.32,-47,11220,False,11,2026-05-25,Monday,Excellent,Normal,Normal
2026-05-25 11:56:03.718141,device_002,camera,factory_floor_2,64.7,70.5,64.38,-57,11220,False,11,2026-05-25,Monday,Excellent,Normal,Normal
2026-05-25 11:56:03.718141,device_003,sensor,warehouse_b,4.0,33.2,39.22,-68,11220,False,11,2026-05-25,Monday,Good,Normal,Normal
2026-05-25 11:56:03.718141,device_004,camera,warehouse_b,65.4,64.6,64.58,-65,11220,False,11,2026-05-25,Monday,Good,Normal,Normal
2026-05-25 11:56:03.718141,device_005,gateway,warehouse_a,26.4,47.7,52.43,-54,11220,False,11,2026-05-25,Monday,Excellent,Normal,Normal
2026-05-25 11:56:03.718141,device_006,sensor,factory_floor_2,3.8,31.8,39.96,-61,11220,False,11,2026-05-25,Monday,Good,Normal,Normal
2026-05-25 11:56:03.718141,device_007,sensor,warehouse_a,9.0,32.8,41.52,-64,11220,False,11,2026-05-25,Monday,Good,Normal,Normal
2026-05-25 11:56:03.718141,device_008,gateway,loading_bay,30.1,61.6,57.17,-57,11220,False,11,2026-05-25,Monday,Excellent,Normal,Normal
2026-05-25 11:56:03.718141,device_009,sensor,office_block,1.0,34.3,43.73,-60,11220,False,11,2026-05-25,Monday,Excellent,Normal,Normal
2026-05-25 11:56:03.718141,device_010,camera,warehouse_a,65.8,70.5,59.81,-63,11220,False,11,2026-05-25,Monday,Good,Normal,Normal
2026-05-25 11:56:03.718141,device_011,camera,factory_floor_1,65.8,66.4,59.26,-61,11220,False,11,2026-05-25,Monday,Good,Normal,Normal
2026-05-25 11:56:03.718141,device_012,camera,server_room,62.8,72.4,61.7,-66,11220,False,11,2026-05-25,Monday,Good,Normal,Normal
2026-05-25 11:56:03.718141,device_013,sensor,factory_floor_2,12.3,36.1,40.52,-54,11220,False,11,2026-05-25,Monday,Excellent,Normal,Normal
2026-05-25 11:56:03.718141,device_014,controller,server_room,22.8,44.8,51.5,-57,11220,False,11,2026-05-25,Monday,Excellent,Normal,Normal
2026-05-25 11:56:03.718141,device_015,sensor,loading_bay,6.9,30.4,42.57,-62,11220,False,11,2026-05-25,Monday,Good,Normal,Normal
2026-05-25 11:57:03.718141,device_001,gateway,warehouse_a,27.0,57.6,54.23,-54,11160,False,11,2026-05-25,Monday,Excellent,Normal,Normal
2026-05-25 11:57:03.718141,device_002,camera,factory_floor_2,63.6,66.7,61.65,-61,11160,False,11,2026-05-25,Monday,Good,Normal,Normal
2026-05-25 11:57:03.718141,device_003,sensor,warehouse_b,11.5,33.9,41.77,-60,11160,False,11,2026-05-25,Monday,Excellent,Normal,Normal
2026-05-25 11:57:03.718141,device_004,camera,warehouse_b,63.2,68.2,60.81,-65,11160,False,11,2026-05-25,Monday,Good,Normal,Normal
2026-05-25 11:57:03.718141,device_005,gateway,warehouse_a,31.3,61.4,50.81,-48,11160,False,11,2026-05-25,Monday,Excellent,Normal,Normal
2026-05-25 11:57:03.718141,device_006,sensor,factory_floor_2,15.3,35.3,39.33,-69,11160,False,11,2026-05-25,Monday,Good,Normal,Normal
2026-05-25 11:57:03.718141,device_007,sensor,warehouse_a,4.7,43.0,41.02,-69,11160,False,11,2026-05-25,Monday,Good,Normal,Normal
2026-05-25 11:57:03.718141,device_008,gateway,loading_bay,26.5,57.2,53.08,-51,11160,False,11,2026-05-25,Monday,Excellent,Normal,Normal
2026-05-25 11:57:03.718141,device_009,sensor,office_block,3.0,30.2,39.43,-56,11160,False,11,2026-05-25,Monday,Excellent,Normal,Normal
2026-05-25 11:57:03.718141,device_010,camera,warehouse_a,60.6,72.2,52.45,-57,11160,False,11,2026-05-25,Monday,Excellent,Normal,Normal
2026-05-25 11:57:03.718141,device_011,camera,factory_floor_1,75.3,64.3,61.44,-60,11160,False,11,2026-05-25,Monday,Excellent,Normal,High
2026-05-25 11:57:03.718141,device_012,camera,server_room,61.8,65.9,59.62,-64,11160,False,11,2026-05-25,Monday,Good,Normal,Normal
2026-05-25 11:57:03.718141,device_013,sensor,factory_floor_2,12.3,30.4,44.43,-56,11160,False,11,2026-05-25,Monday,Excellent,Normal,Normal
2026-05-25 11:57:03.718141,device_014,controller,server_room,21.6,52.6,52.58,-66,11160,False,11,2026-05-25,Monday,Good,Normal,Normal
2026-05-25 11:57:03.718141,device_015,sensor,loading_bay,22.3,46.3,39.29,-56,11160,False,11,2026-05-25,Monday,Excellent,Normal,Normal
2026-05-25 11:58:03.718141,device_001,gateway,warehouse_a,26.2,56.3,50.22,-54,11100,False,11,2026-05-25,Monday,Excellent,Normal,Normal
2026-05-25 11:58:03.718141,device_002,camera,factory_floor_2,62.1,64.7,62.2,-52,11100,False,11,2026-05-25,Monday,Excellent,Normal,Normal
2026-05-25 11:58:03.718141,device_003,sensor,warehouse_b,6.8,34.8,45.86,-63,11100,False,11,2026-05-25,Monday,Good,Normal,Normal
2026-05-25 11:58:03.718141,device_004,camera,warehouse_b,65.7,74.7,62.43,-58,11100,False,11,2026-05-25,Monday,Excellent,Normal,Normal
2026-05-25 11:58:03.718141,device_005,gateway,warehouse_a,19.7,53.9,53.75,-51,11100,False,11,2026-05-25,Monday,Excellent,Normal,Normal
2026-05-25 11:58:03.718141,device_006,sensor,factory_floor_2,8.8,30.2,45.18,-60,11100,False,11,2026-05-25,Monday,Excellent,Normal,Normal
2026-05-25 11:58:03.718141,device_007,sensor,warehouse_a,2.9,32.8,36.19,-60,11100,False,11,2026-05-25,Monday,Excellent,Normal,Normal
2026-05-25 11:58:03.718141,device_008,gateway,loading_bay,34.7,49.6,51.64,-63,11100,False,11,2026-05-25,Monday,Good,Normal,Normal
2026-05-25 11:58:03.718141,device_009,sensor,office_block,5.6,30.5,37.54,-67,11100,False,11,2026-05-25,Monday,Good,Normal,Normal
2026-05-25 11:58:03.718141,device_010,camera,warehouse_a,66.9,74.5,57.48,-52,11100,False,11,2026-05-25,Monday,Excellent,Normal,Normal
2026-05-25 11:58:03.718141,device_011,camera,factory_floor_1,64.6,68.9,61.26,-57,11100,False,11,2026-05-25,Monday,Excellent,Normal,Normal
2026-05-25 11:58:03.718141,device_012,camera,server_room,68.9,71.3,63.35,-62,11100,False,11,2026-05-25,Monday,Good,Normal,Normal
2026-05-25 11:58:03.718141,device_013,sensor,factory_floor_2,10.8,37.2,41.36,-58,11100,False,11,2026-05-25,Monday,Excellent,Normal,Normal
2026-05-25 11:58:03.718141,device_014,controller,server_room,16.3,43.9,48.01,-65,11100,False,11,2026-05-25,Monday,Good,Normal,Normal
2026-05-25 11:58:03.718141,device_015,sensor,loading_bay,5.7,36.9,39.93,-68,11100,False,11,2026-05-25,Monday,Good,Normal,Normal
2026-05-25 11:59:03.718141,device_001,gateway,warehouse_a,34.6,50.0,55.51,-49,11040,False,11,2026-05-25,Monday,Excellent,Normal,Normal
2026-05-25 11:59:03.718141,device_002,camera,factory_floor_2,71.4,72.4,60.05,-53,11040,False,11,2026-05-25,Monday,Excellent,Normal,High
2026-05-25 11:59:03.718141,device_003,sensor,warehouse_b,3.5,36.3,42.43,-63,11040,False,11,2026-05-25,Monday,Good,Normal,Normal
2026-05-25 11:59:03.718141,device_004,camera,warehouse_b,57.6,75.4,62.82,-51,11040,False,11,2026-05-25,Monday,Excellent,Normal,Normal
2026-05-25 11:59:03.718141,device_005,gateway,warehouse_a,27.1,54.2,56.08,-53,11040,False,11,2026-05-25,Monday,Excellent,Normal,Normal
2026-05-25 11:59:03.718141,device_006,sensor,factory_floor_2,12.2,44.7,35.34,-57,11040,False,11,2026-05-25,Monday,Excellent,Normal,Normal
2026-05-25 11:59:03.718141,device_007,sensor,warehouse_a,15.5,27.1,41.15,-57,11040,False,11,2026-05-25,Monday,Excellent,Normal,Normal
2026-05-25 11:59:03.718141,device_008,gateway,loading_bay,29.4,56.8,47.67,-53,11040,False,11,2026-05-25,Monday,Excellent,Normal,Normal
2026-05-25 11:59:03.718141,device_009,sensor,office_block,10.1,39.5,39.18,-63,11040,False,11,2026-05-25,Monday,Good,Normal,Normal
2026-05-25 11:59:03.718141,device_010,camera,warehouse_a,69.0,70.0,63.93,-64,11040,False,11,2026-05-25,Monday,Good,Normal,Normal
2026-05-25 11:59:03.718141,device_011,camera,factory_floor_1,57.9,68.9,63.93,-51,11040,False,11,2026-05-25,Monday,Excellent,Normal,Normal
2026-05-25 11:59:03.718141,device_012,camera,server_room,58.1,78.4,65.06,-52,11040,False,11,2026-05-25,Monday,Excellent,Normal,Normal
2026-05-25 11:59:03.718141,device_013,sensor,factory_floor_2,7.8,35.4,48.48,-67,11040,False,11,2026-05-25,Monday,Good,Normal,Normal
2026-05-25 11:59:03.718141,device_014,controller,server_room,16.1,51.5,46.11,-63,11040,False,11,2026-05-25,Monday,Good,Normal,Normal
2026-05-25 11:59:03.718141,device_015,sensor,loading_bay,4.1,32.8,44.21,-58,11040,False,11,2026-05-25,Monday,Excellent,Normal,Normal
2026-05-25 12:00:03.718141,device_001,gateway,warehouse_a,25.7,53.5,55.09,-60,10980,False,12,2026-05-25,Monday,Excellent,Normal,Normal
2026-05-25 12:00:03.718141,device_002,camera,factory_floor_2,63.0,76.4,64.4,-54,10980,False,12,2026-05-25,Monday,Excellent,Normal,Normal
2026-05-25 12:00:03.718141,device_003,sensor,warehouse_b,11.2,33.0,40.04,-69,10980,False,12,2026-05-25,Monday,Good,Normal,Normal
2026-05-25 12:00:03.718141,device_004,camera,warehouse_b,65.4,66.0,61.96,-62,10980,False,12,2026-05-25,Monday,Good,Normal,Normal
2026-05-25 12:00:03.718141,device_005,gateway,warehouse_a,31.6,48.1,52.26,-63,10980,False,12,2026-05-25,Monday,Good,Normal,Normal
2026-05-25 12:00:03.718141,device_006,sensor,factory_floor_2,3.4,34.7,40.49,-66,10980,False,12,2026-05-25,Monday,Good,Normal,Normal
2026-05-25 12:00:03.718141,device_007,sensor,warehouse_a,17.4,31.6,42.71,-61,10980,False,12,2026-05-25,Monday,Good,Normal,Normal
2026-05-25 12:00:03.718141,device_008,gateway,loading_bay,29.1,56.3,50.94,-49,10980,False,12,2026-05-25,Monday,Excellent,Normal,Normal
2026-05-25 12:00:03.718141,device_009,sensor,office_block,10.9,34.9,45.63,-60,10980,False,12,2026-05-25,Monday,Excellent,Normal,Normal
2026-05-25 12:00:03.718141,device_010,camera,warehouse_a,73.2,67.2,63.72,-57,10980,False,12,2026-05-25,Monday,Excellent,Normal,High
2026-05-25 12:00:03.718141,device_011,camera,factory_floor_1,76.0,66.7,61.98,-53,10980,False,12,2026-05-25,Monday,Excellent,Normal,High
2026-05-25 12:00:03.718141,device_012,camera,server_room,73.3,69.9,67.23,-55,10980,False,12,2026-05-25,Monday,Excellent,Normal,High
2026-05-25 12:00:03.718141,device_013,sensor,factory_floor_2,5.5,37.9,41.48,-70,10980,False,12,2026-05-25,Monday,Good,Normal,Normal
2026-05-25 12:00:03.718141,device_014,controller,server_room,24.4,45.4,49.71,-52,10980,False,12,2026-05-25,Monday,Excellent,Normal,Normal
2026-05-25 12:00:03.718141,device_015,sensor,loading_bay,15.5,39.1,41.06,-66,10980,False,12,2026-05-25,Monday,Good,Normal,Normal
2026-05-25 12:01:03.718141,device_001,gateway,warehouse_a,26.6,54.5,53.29,-62,10920,False,12,2026-05-25,Monday,Good,Normal,Normal
2026-05-25 12:01:03.718141,device_002,camera,factory_floor_2,64.7,75.4,59.87,-65,10920,False,12,2026-05-25,Monday,Good,Normal,Normal
2026-05-25 12:01:03.718141,device_003,sensor,warehouse_b,34.3,43.5,59.78,-59,10920,True,12,2026-05-25,Monday,Excellent,Normal,Normal
2026-05-25 12:01:03.718141,device_004,camera,warehouse_b,69.9,67.7,53.84,-57,10920,False,12,2026-05-25,Monday,Excellent,Normal,Normal
2026-05-25 12:01:03.718141,device_005,gateway,warehouse_a,18.9,42.4,49.15,-56,10920,False,12,2026-05-25,Monday,Excellent,Normal,Normal
2026-05-25 12:01:03.718141,device_006,sensor,factory_floor_2,7.3,35.2,38.57,-58,10920,False,12,2026-05-25,Monday,Excellent,Normal,Normal
2026-05-25 12:01:03.718141,device_007,sensor,warehouse_a,1.0,33.3,42.25,-58,10920,False,12,2026-05-25,Monday,Excellent,Normal,Normal
2026-05-25 12:01:03.718141,device_008,gateway,loading_bay,35.5,58.1,56.23,-50,10920,False,12,2026-05-25,Monday,Excellent,Normal,Normal
2026-05-25 12:01:03.718141,device_009,sensor,office_block,6.4,28.8,47.96,-65,10920,False,12,2026-05-25,Monday,Good,Normal,Normal
2026-05-25 12:01:03.718141,device_010,camera,warehouse_a,58.0,79.0,60.75,-60,10920,False,12,2026-05-25,Monday,Excellent,Normal,Normal
2026-05-25 12:01:03.718141,device_011,camera,factory_floor_1,64.0,64.2,60.45,-55,10920,False,12,2026-05-25,Monday,Excellent,Normal,Normal
2026-05-25 12:01:03.718141,device_012,camera,server_room,69.7,73.2,63.86,-62,10920,False,12,2026-05-25,Monday,Good,Normal,Normal
2026-05-25 12:01:03.718141,device_013,sensor,factory_floor_2,4.9,29.8,39.88,-66,10920,False,12,2026-05-25,Monday,Good,Normal,Normal
2026-05-25 12:01:03.718141,device_014,controller,server_room,18.4,40.3,44.76,-66,10920,False,12,2026-05-25,Monday,Good,Normal,Normal
2026-05-25 12:01:03.718141,device_015,sensor,loading_bay,5.9,32.8,40.53,-66,10920,False,12,2026-05-25,Monday,Good,Normal,Normal
2026-05-25 12:02:03.718141,device_001,gateway,warehouse_a,30.3,53.8,52.24,-48,10860,False,12,2026-05-25,Monday,Excellent,Normal,Normal
2026-05-25 12:02:03.718141,device_002,camera,factory_floor_2,65.9,70.4,58.03,-62,10860,False,12,2026-05-25,Monday,Good,Normal,Normal
2026-05-25 12:02:03.718141,device_003,sensor,warehouse_b,8.8,39.0,37.49,-57,10860,False,12,2026-05-25,Monday,Excellent,Normal,Normal
2026-05-25 12:02:03.718141,device_004,camera,warehouse_b,60.6,74.7,61.27,-53,10860,False,12,2026-05-25,Monday,Excellent,Normal,Normal
2026-05-25 12:02:03.718141,device_005,gateway,warehouse_a,32.6,53.6,52.1,-49,10860,False,12,2026-05-25,Monday,Excellent,Normal,Normal
2026-05-25 12:02:03.718141,device_006,sensor,factory_floor_2,12.7,32.5,44.02,-56,10860,False,12,2026-05-25,Monday,Excellent,Normal,Normal
2026-05-25 12:02:03.718141,device_007,sensor,warehouse_a,4.0,35.6,35.78,-63,10860,False,12,2026-05-25,Monday,Good,Normal,Normal
2026-05-25 12:02:03.718141,device_008,gateway,loading_bay,27.6,56.4,55.41,-63,10860,False,12,2026-05-25,Monday,Good,Normal,Normal
2026-05-25 12:02:03.718141,device_009,sensor,office_block,14.7,39.6,39.91,-63,10860,False,12,2026-05-25,Monday,Good,Normal,Normal
2026-05-25 12:02:03.718141,device_010,camera,warehouse_a,62.4,64.2,63.33,-58,10860,False,12,2026-05-25,Monday,Excellent,Normal,Normal
2026-05-25 12:02:03.718141,device_011,camera,factory_floor_1,66.2,68.9,55.05,-55,10860,False,12,2026-05-25,Monday,Excellent,Normal,Normal
2026-05-25 12:02:03.718141,device_012,camera,server_room,67.2,65.8,59.44,-65,10860,False,12,2026-05-25,Monday,Good,Normal,Normal
2026-05-25 12:02:03.718141,device_013,sensor,factory_floor_2,12.2,33.0,41.69,-59,10860,False,12,2026-05-25,Monday,Excellent,Normal,Normal
2026-05-25 12:02:03.718141,device_014,controller,server_room,18.2,49.6,55.91,-53,10860,False,12,2026-05-25,Monday,Excellent,Normal,Normal
2026-05-25 12:02:03.718141,device_015,sensor,loading_bay,13.8,35.7,43.31,-68,10860,False,12,2026-05-25,Monday,Good,Normal,Normal
2026-05-25 12:03:03.718141,device_001,gateway,warehouse_a,16.0,53.1,49.96,-47,10800,False,12,2026-05-25,Monday,Excellent,Normal,Normal
2026-05-25 12:03:03.718141,device_002,camera,factory_floor_2,55.6,62.1,57.53,-58,10800,False,12,2026-05-25,Monday,Excellent,Normal,Normal
2026-05-25 12:03:03.718141,device_003,sensor,warehouse_b,7.8,39.4,44.46,-68,10800,False,12,2026-05-25,Monday,Good,Normal,Normal
2026-05-25 12:03:03.718141,device_004,camera,warehouse_b,67.1,62.3,58.11,-64,10800,False,12,2026-05-25,Monday,Good,Normal,Normal
2026-05-25 12:03:03.718141,device_005,gateway,warehouse_a,19.2,51.4,48.19,-61,10800,False,12,2026-05-25,Monday,Good,Normal,Normal
2026-05-25 12:03:03.718141,device_006,sensor,factory_floor_2,7.2,36.4,38.96,-61,10800,False,12,2026-05-25,Monday,Good,Normal,Normal
2026-05-25 12:03:03.718141,device_007,sensor,warehouse_a,6.8,39.6,42.03,-60,10800,False,12,2026-05-25,Monday,Excellent,Normal,Normal
2026-05-25 12:03:03.718141,device_008,gateway,loading_bay,22.1,54.9,53.26,-63,10800,False,12,2026-05-25,Monday,Good,Normal,Normal
2026-05-25 12:03:03.718141,device_009,sensor,office_block,6.3,38.5,44.66,-54,10800,False,12,2026-05-25,Monday,Excellent,Normal,Normal
2026-05-25 12:03:03.718141,device_010,camera,warehouse_a,60.3,71.1,60.45,-56,10800,False,12,2026-05-25,Monday,Excellent,Normal,Normal
2026-05-25 12:03:03.718141,device_011,camera,factory_floor_1,63.6,71.1,62.76,-57,10800,False,12,2026-05-25,Monday,Excellent,Normal,Normal
2026-05-25 12:03:03.718141,device_012,camera,server_room,74.2,69.5,56.41,-65,10800,False,12,2026-05-25,Monday,Good,Normal,High
2026-05-25 12:03:03.718141,device_013,sensor,factory_floor_2,3.5,28.5,43.81,-61,10800,False,12,2026-05-25,Monday,Good,Normal,Normal
2026-05-25 12:03:03.718141,device_014,controller,server_room,19.7,42.1,46.11,-60,10800,False,12,2026-05-25,Monday,Excellent,Normal,Normal
2026-05-25 12:03:03.718141,device_015,sensor,loading_bay,1.0,39.3,40.6,-55,10800,False,12,2026-05-25,Monday,Excellent,Normal,Normal
2026-05-25 12:04:03.718141,device_001,gateway,warehouse_a,27.9,61.7,53.88,-62,10740,False,12,2026-05-25,Monday,Good,Normal,Normal
2026-05-25 12:04:03.718141,device_002,camera,factory_floor_2,66.3,71.9,59.32,-57,10740,False,12,2026-05-25,Monday,Excellent,Normal,Normal
2026-05-25 12:04:03.718141,device_003,sensor,warehouse_b,5.3,28.9,40.49,-70,10740,False,12,2026-05-25,Monday,Good,Normal,Normal
2026-05-25 12:04:03.718141,device_004,camera,warehouse_b,69.6,70.7,59.84,-64,10740,False,12,2026-05-25,Monday,Good,Normal,Normal
2026-05-25 12:04:03.718141,device_005,gateway,warehouse_a,22.8,52.0,53.31,-61,10740,False,12,2026-05-25,Monday,Good,Normal,Normal
2026-05-25 12:04:03.718141,device_006,sensor,factory_floor_2,7.3,38.2,44.63,-62,10740,False,12,2026-05-25,Monday,Good,Normal,Normal
2026-05-25 12:04:03.718141,device_007,sensor,warehouse_a,7.9,47.0,36.7,-62,10740,False,12,2026-05-25,Monday,Good,Normal,Normal
2026-05-25 12:04:03.718141,device_008,gateway,loading_bay,36.7,52.0,54.17,-55,10740,False,12,2026-05-25,Monday,Excellent,Normal,Normal
2026-05-25 12:04:03.718141,device_009,sensor,office_block,37.4,40.1,60.37,-67,10740,True,12,2026-05-25,Monday,Good,Normal,Normal
2026-05-25 12:04:03.718141,device_010,camera,warehouse_a,66.3,68.1,58.65,-62,10740,False,12,2026-05-25,Monday,Good,Normal,Normal
2026-05-25 12:04:03.718141,device_011,camera,factory_floor_1,70.6,76.1,65.8,-55,10740,False,12,2026-05-25,Monday,Excellent,Normal,High
2026-05-25 12:04:03.718141,device_012,camera,server_room,68.8,57.0,60.24,-58,10740,False,12,2026-05-25,Monday,Excellent,Normal,Normal
2026-05-25 12:04:03.718141,device_013,sensor,factory_floor_2,9.5,35.6,41.99,-63,10740,False,12,2026-05-25,Monday,Good,Normal,Normal
2026-05-25 12:04:03.718141,device_014,controller,server_room,18.3,47.2,44.02,-52,10740,False,12,2026-05-25,Monday,Excellent,Normal,Normal
2026-05-25 12:04:03.718141,device_015,sensor,loading_bay,11.2,38.8,44.05,-60,10740,False,12,2026-05-25,Monday,Excellent,Normal,Normal
2026-05-25 12:05:03.718141,device_001,gateway,warehouse_a,31.0,54.7,50.77,-59,10680,False,12,2026-05-25,Monday,Excellent,Normal,Normal
2026-05-25 12:05:03.718141,device_002,camera,factory_floor_2,65.5,74.0,61.32,-62,10680,False,12,2026-05-25,Monday,Good,Normal,Normal
2026-05-25 12:05:03.718141,device_003,sensor,warehouse_b,11.2,43.8,48.23,-57,10680,False,12,2026-05-25,Monday,Excellent,Normal,Normal
2026-05-25 12:05:03.718141,device_004,camera,warehouse_b,65.4,74.9,49.49,-59,10680,False,12,2026-05-25,Monday,Excellent,Normal,Normal
2026-05-25 12:05:03.718141,device_005,gateway,warehouse_a,25.3,53.4,49.6,-58,10680,False,12,2026-05-25,Monday,Excellent,Normal,Normal
2026-05-25 12:05:03.718141,device_006,sensor,factory_floor_2,5.8,28.8,43.84,-59,10680,False,12,2026-05-25,Monday,Excellent,Normal,Normal
2026-05-25 12:05:03.718141,device_007,sensor,warehouse_a,2.6,37.5,43.03,-62,10680,False,12,2026-05-25,Monday,Good,Normal,Normal
2026-05-25 12:05:03.718141,device_008,gateway,loading_bay,31.2,51.1,49.64,-60,10680,False,12,2026-05-25,Monday,Excellent,Normal,Normal
2026-05-25 12:05:03.718141,device_009,sensor,office_block,5.5,40.9,42.72,-56,10680,False,12,2026-05-25,Monday,Excellent,Normal,Normal
2026-05-25 12:05:03.718141,device_010,camera,warehouse_a,54.8,64.7,60.34,-57,10680,False,12,2026-05-25,Monday,Excellent,Normal,Normal
2026-05-25 12:05:03.718141,device_011,camera,factory_floor_1,56.7,72.2,63.9,-59,10680,False,12,2026-05-25,Monday,Excellent,Normal,Normal
2026-05-25 12:05:03.718141,device_012,camera,server_room,67.2,68.1,63.76,-54,10680,False,12,2026-05-25,Monday,Excellent,Normal,Normal
2026-05-25 12:05:03.718141,device_013,sensor,factory_floor_2,5.8,34.0,48.56,-66,10680,False,12,2026-05-25,Monday,Good,Normal,Normal
2026-05-25 12:05:03.718141,device_014,controller,server_room,21.7,37.6,48.02,-55,10680,False,12,2026-05-25,Monday,Excellent,Normal,Normal
2026-05-25 12:05:03.718141,device_015,sensor,loading_bay,27.8,39.2,60.26,-56,10680,True,12,2026-05-25,Monday,Excellent,Normal,Normal
2026-05-25 12:06:03.718141,device_001,gateway,warehouse_a,31.9,51.1,54.74,-53,10620,False,12,2026-05-25,Monday,Excellent,Normal,Normal
2026-05-25 12:06:03.718141,device_002,camera,factory_floor_2,73.1,70.9,58.11,-65,10620,False,12,2026-05-25,Monday,Good,Normal,High
2026-05-25 12:06:03.718141,device_003,sensor,warehouse_b,7.9,40.4,41.48,-59,10620,False,12,2026-05-25,Monday,Excellent,Normal,Normal
2026-05-25 12:06:03.718141,device_004,camera,warehouse_b,61.5,70.1,56.95,-53,10620,False,12,2026-05-25,Monday,Excellent,Normal,Normal
2026-05-25 12:06:03.718141,device_005,gateway,warehouse_a,26.0,57.7,62.13,-55,10620,False,12,2026-05-25,Monday,Excellent,Normal,Normal
2026-05-25 12:06:03.718141,device_006,sensor,factory_floor_2,6.0,27.5,38.83,-62,10620,False,12,2026-05-25,Monday,Good,Normal,Normal
2026-05-25 12:06:03.718141,device_007,sensor,warehouse_a,2.9,40.7,42.34,-62,10620,False,12,2026-05-25,Monday,Good,Normal,Normal
2026-05-25 12:06:03.718141,device_008,gateway,loading_bay,33.6,53.7,52.69,-51,10620,False,12,2026-05-25,Monday,Excellent,Normal,Normal
2026-05-25 12:06:03.718141,device_009,sensor,office_block,9.3,41.9,40.44,-63,10620,False,12,2026-05-25,Monday,Good,Normal,Normal
2026-05-25 12:06:03.718141,device_010,camera,warehouse_a,64.1,61.1,60.74,-60,10620,False,12,2026-05-25,Monday,Excellent,Normal,Normal
2026-05-25 12:06:03.718141,device_011,camera,factory_floor_1,64.0,65.7,63.51,-61,10620,False,12,2026-05-25,Monday,Good,Normal,Normal
2026-05-25 12:06:03.718141,device_012,camera,server_room,61.2,64.1,63.38,-66,10620,False,12,2026-05-25,Monday,Good,Normal,Normal
2026-05-25 12:06:03.718141,device_013,sensor,factory_floor_2,13.3,33.4,40.4,-68,10620,False,12,2026-05-25,Monday,Good,Normal,Normal
2026-05-25 12:06:03.718141,device_014,controller,server_room,42.4,54.8,69.13,-65,10620,True,12,2026-05-25,Monday,Good,Normal,Normal
2026-05-25 12:06:03.718141,device_015,sensor,loading_bay,11.9,39.5,39.41,-56,10620,False,12,2026-05-25,Monday,Excellent,Normal,Normal
2026-05-25 12:07:03.718141,device_001,gateway,warehouse_a,26.4,58.2,56.12,-54,10560,False,12,2026-05-25,Monday,Excellent,Normal,Normal
2026-05-25 12:07:03.718141,device_002,camera,factory_floor_2,50.3,73.8,57.99,-65,10560,False,12,2026-05-25,Monday,Good,Normal,Normal
2026-05-25 12:07:03.718141,device_003,sensor,warehouse_b,8.8,32.5,38.93,-68,10560,False,12,2026-05-25,Monday,Good,Normal,Normal
2026-05-25 12:07:03.718141,device_004,camera,warehouse_b,55.5,78.8,60.73,-60,10560,False,12,2026-05-25,Monday,Excellent,Normal,Normal
2026-05-25 12:07:03.718141,device_005,gateway,warehouse_a,32.0,58.5,58.57,-60,10560,False,12,2026-05-25,Monday,Excellent,Normal,Normal
2026-05-25 12:07:03.718141,device_006,sensor,factory_floor_2,13.1,36.5,47.92,-67,10560,False,12,2026-05-25,Monday,Good,Normal,Normal
2026-05-25 12:07:03.718141,device_007,sensor,warehouse_a,7.1,40.8,45.1,-66,10560,False,12,2026-05-25,Monday,Good,Normal,Normal
2026-05-25 12:07:03.718141,device_008,gateway,loading_bay,25.6,55.6,49.84,-58,10560,False,12,2026-05-25,Monday,Excellent,Normal,Normal
2026-05-25 12:07:03.718141,device_009,sensor,office_block,12.2,29.3,44.39,-65,10560,False,12,2026-05-25,Monday,Good,Normal,Normal
2026-05-25 12:07:03.718141,device_010,camera,warehouse_a,74.6,68.9,59.08,-52,10560,False,12,2026-05-25,Monday,Excellent,Normal,High
2026-05-25 12:07:03.718141,device_011,camera,factory_floor_1,60.5,71.0,69.09,-64,10560,False,12,2026-05-25,Monday,Good,Normal,Normal
2026-05-25 12:07:03.718141,device_012,camera,server_room,60.7,73.1,63.59,-58,10560,False,12,2026-05-25,Monday,Excellent,Normal,Normal
2026-05-25 12:07:03.718141,device_013,sensor,factory_floor_2,7.1,31.7,44.52,-60,10560,False,12,2026-05-25,Monday,Excellent,Normal,Normal
2026-05-25 12:07:03.718141,device_014,controller,server_room,15.5,39.7,41.97,-66,10560,False,12,2026-05-25,Monday,Good,Normal,Normal
2026-05-25 12:07:03.718141,device_015,sensor,loading_bay,17.0,35.3,46.92,-69,10560,False,12,2026-05-25,Monday,Good,Normal,Normal
2026-05-25 12:08:03.718141,device_001,gateway,warehouse_a,36.3,54.0,51.52,-53,10500,False,12,2026-05-25,Monday,Excellent,Normal,Normal
2026-05-25 12:08:03.718141,device_002,camera,factory_floor_2,65.3,69.1,60.63,-58,10500,False,12,2026-05-25,Monday,Excellent,Normal,Normal
2026-05-25 12:08:03.718141,device_003,sensor,warehouse_b,13.7,37.8,42.45,-62,10500,False,12,2026-05-25,Monday,Good,Normal,Normal
2026-05-25 12:08:03.718141,device_004,camera,warehouse_b,70.2,66.1,62.16,-64,10500,False,12,2026-05-25,Monday,Good,Normal,High
2026-05-25 12:08:03.718141,device_005,gateway,warehouse_a,21.2,54.3,52.45,-57,10500,False,12,2026-05-25,Monday,Excellent,Normal,Normal
2026-05-25 12:08:03.718141,device_006,sensor,factory_floor_2,8.4,45.3,41.95,-65,10500,False,12,2026-05-25,Monday,Good,Normal,Normal
2026-05-25 12:08:03.718141,device_007,sensor,warehouse_a,1.3,36.3,36.03,-67,10500,False,12,2026-05-25,Monday,Good,Normal,Normal
2026-05-25 12:08:03.718141,device_008,gateway,loading_bay,26.1,57.3,52.95,-50,10500,False,12,2026-05-25,Monday,Excellent,Normal,Normal
2026-05-25 12:08:03.718141,device_009,sensor,office_block,14.4,32.8,37.48,-67,10500,False,12,2026-05-25,Monday,Good,Normal,Normal
2026-05-25 12:08:03.718141,device_010,camera,warehouse_a,67.1,78.8,63.31,-58,10500,False,12,2026-05-25,Monday,Excellent,Normal,Normal
2026-05-25 12:08:03.718141,device_011,camera,factory_floor_1,69.8,66.4,60.83,-64,10500,False,12,2026-05-25,Monday,Good,Normal,Normal
2026-05-25 12:08:03.718141,device_012,camera,server_room,62.2,72.6,59.22,-58,10500,False,12,2026-05-25,Monday,Excellent,Normal,Normal
2026-05-25 12:08:03.718141,device_013,sensor,factory_floor_2,9.3,33.3,38.03,-70,10500,False,12,2026-05-25,Monday,Good,Normal,Normal
2026-05-25 12:08:03.718141,device_014,controller,server_room,22.4,47.3,49.05,-64,10500,False,12,2026-05-25,Monday,Good,Normal,Normal
2026-05-25 12:08:03.718141,device_015,sensor,loading_bay,9.9,35.9,46.88,-70,10500,False,12,2026-05-25,Monday,Good,Normal,Normal
2026-05-25 12:09:03.718141,device_001,gateway,warehouse_a,26.1,56.0,49.25,-51,10440,False,12,2026-05-25,Monday,Excellent,Normal,Normal
2026-05-25 12:09:03.718141,device_002,camera,factory_floor_2,52.8,69.2,60.45,-56,10440,False,12,2026-05-25,Monday,Excellent,Normal,Normal
2026-05-25 12:09:03.718141,device_003,sensor,warehouse_b,1.2,38.2,39.22,-70,10440,False,12,2026-05-25,Monday,Good,Normal,Normal
2026-05-25 12:09:03.718141,device_004,camera,warehouse_b,66.2,71.2,61.31,-51,10440,False,12,2026-05-25,Monday,Excellent,Normal,Normal
2026-05-25 12:09:03.718141,device_005,gateway,warehouse_a,28.5,55.5,55.73,-51,10440,False,12,2026-05-25,Monday,Excellent,Normal,Normal
2026-05-25 12:09:03.718141,device_006,sensor,factory_floor_2,1.0,36.5,46.89,-68,10440,False,12,2026-05-25,Monday,Good,Normal,Normal
2026-05-25 12:09:03.718141,device_007,sensor,warehouse_a,5.1,36.6,38.24,-70,10440,False,12,2026-05-25,Monday,Good,Normal,Normal
2026-05-25 12:09:03.718141,device_008,gateway,loading_bay,27.4,53.6,56.72,-48,10440,False,12,2026-05-25,Monday,Excellent,Normal,Normal
2026-05-25 12:09:03.718141,device_009,sensor,office_block,3.8,38.7,44.69,-59,10440,False,12,2026-05-25,Monday,Excellent,Normal,Normal
2026-05-25 12:09:03.718141,device_010,camera,warehouse_a,65.8,69.8,63.03,-57,10440,False,12,2026-05-25,Monday,Excellent,Normal,Normal
2026-05-25 12:09:03.718141,device_011,camera,factory_floor_1,66.2,72.5,64.49,-64,10440,False,12,2026-05-25,Monday,Good,Normal,Normal
2026-05-25 12:09:03.718141,device_012,camera,server_room,64.2,60.5,65.06,-56,10440,False,12,2026-05-25,Monday,Excellent,Normal,Normal
2026-05-25 12:09:03.718141,device_013,sensor,factory_floor_2,18.3,32.5,36.88,-56,10440,False,12,2026-05-25,Monday,Excellent,Normal,Normal
2026-05-25 12:09:03.718141,device_014,controller,server_room,17.8,49.0,47.56,-59,10440,False,12,2026-05-25,Monday,Excellent,Normal,Normal
2026-05-25 12:09:03.718141,device_015,sensor,loading_bay,2.7,32.7,42.78,-65,10440,False,12,2026-05-25,Monday,Good,Normal,Normal
2026-05-25 12:10:03.718141,device_001,gateway,warehouse_a,29.5,55.4,51.81,-51,10380,False,12,2026-05-25,Monday,Excellent,Normal,Normal
2026-05-25 12:10:03.718141,device_002,camera,factory_floor_2,62.3,71.1,59.47,-57,10380,False,12,2026-05-25,Monday,Excellent,Normal,Normal
2026-05-25 12:10:03.718141,device_003,sensor,warehouse_b,12.7,31.5,40.21,-67,10380,False,12,2026-05-25,Monday,Good,Normal,Normal
2026-05-25 12:10:03.718141,device_004,camera,warehouse_b,68.1,73.3,60.9,-55,10380,False,12,2026-05-25,Monday,Excellent,Normal,Normal
2026-05-25 12:10:03.718141,device_005,gateway,warehouse_a,23.5,52.9,46.66,-49,10380,False,12,2026-05-25,Monday,Excellent,Normal,Normal
2026-05-25 12:10:03.718141,device_006,sensor,factory_floor_2,4.2,32.5,41.76,-66,10380,False,12,2026-05-25,Monday,Good,Normal,Normal
2026-05-25 12:10:03.718141,device_007,sensor,warehouse_a,11.7,35.6,41.14,-70,10380,False,12,2026-05-25,Monday,Good,Normal,Normal
2026-05-25 12:10:03.718141,device_008,gateway,loading_bay,28.8,54.9,52.58,-56,10380,False,12,2026-05-25,Monday,Excellent,Normal,Normal
2026-05-25 12:10:03.718141,device_009,sensor,office_block,10.6,40.6,39.61,-68,10380,False,12,2026-05-25,Monday,Good,Normal,Normal
2026-05-25 12:10:03.718141,device_010,camera,warehouse_a,63.8,70.8,57.07,-57,10380,False,12,2026-05-25,Monday,Excellent,Normal,Normal
2026-05-25 12:10:03.718141,device_011,camera,factory_floor_1,60.7,78.8,63.0,-52,10380,False,12,2026-05-25,Monday,Excellent,Normal,Normal
2026-05-25 12:10:03.718141,device_012,camera,server_room,61.1,63.0,62.0,-66,10380,False,12,2026-05-25,Monday,Good,Normal,Normal
2026-05-25 12:10:03.718141,device_013,sensor,factory_floor_2,10.3,32.5,39.34,-69,10380,False,12,2026-05-25,Monday,Good,Normal,Normal
2026-05-25 12:10:03.718141,device_014,controller,server_room,12.5,49.0,50.2,-67,10380,False,12,2026-05-25,Monday,Good,Normal,Normal
2026-05-25 12:10:03.718141,device_015,sensor,loading_bay,8.1,41.4,39.41,-64,10380,False,12,2026-05-25,Monday,Good,Normal,Normal
2026-05-25 12:11:03.718141,device_001,gateway,warehouse_a,24.2,56.8,45.51,-47,10320,False,12,2026-05-25,Monday,Excellent,Normal,Normal
2026-05-25 12:11:03.718141,device_002,camera,factory_floor_2,59.5,68.5,63.97,-62,10320,False,12,2026-05-25,Monday,Good,Normal,Normal
2026-05-25 12:11:03.718141,device_003,sensor,warehouse_b,11.0,30.2,46.2,-63,10320,False,12,2026-05-25,Monday,Good,Normal,Normal
2026-05-25 12:11:03.718141,device_004,camera,warehouse_b,62.2,76.2,60.77,-65,10320,False,12,2026-05-25,Monday,Good,Normal,Normal
2026-05-25 12:11:03.718141,device_005,gateway,warehouse_a,24.7,56.9,50.22,-48,10320,False,12,2026-05-25,Monday,Excellent,Normal,Normal
2026-05-25 12:11:03.718141,device_006,sensor,factory_floor_2,5.1,28.8,42.46,-55,10320,False,12,2026-05-25,Monday,Excellent,Normal,Normal
2026-05-25 12:11:03.718141,device_007,sensor,warehouse_a,19.1,33.7,37.96,-69,10320,False,12,2026-05-25,Monday,Good,Normal,Normal
2026-05-25 12:11:03.718141,device_008,gateway,loading_bay,27.8,49.7,57.74,-59,10320,False,12,2026-05-25,Monday,Excellent,Normal,Normal
2026-05-25 12:11:03.718141,device_009,sensor,office_block,47.9,36.7,64.27,-69,10320,True,12,2026-05-25,Monday,Good,Normal,Normal
2026-05-25 12:11:03.718141,device_010,camera,warehouse_a,60.1,67.1,62.71,-63,10320,False,12,2026-05-25,Monday,Good,Normal,Normal
2026-05-25 12:11:03.718141,device_011,camera,factory_floor_1,71.3,69.5,58.09,-61,10320,False,12,2026-05-25,Monday,Good,Normal,High
2026-05-25 12:11:03.718141,device_012,camera,server_room,62.2,73.0,58.04,-64,10320,False,12,2026-05-25,Monday,Good,Normal,Normal
2026-05-25 12:11:03.718141,device_013,sensor,factory_floor_2,10.7,27.9,45.63,-67,10320,False,12,2026-05-25,Monday,Good,Normal,Normal
2026-05-25 12:11:03.718141,device_014,controller,server_room,23.3,43.2,55.52,-61,10320,False,12,2026-05-25,Monday,Good,Normal,Normal
2026-05-25 12:11:03.718141,device_015,sensor,loading_bay,17.5,29.5,41.21,-64,10320,False,12,2026-05-25,Monday,Good,Normal,Normal
2026-05-25 12:12:03.718141,device_001,gateway,warehouse_a,26.5,51.6,55.14,-51,10260,False,12,2026-05-25,Monday,Excellent,Normal,Normal
2026-05-25 12:12:03.718141,device_002,camera,factory_floor_2,62.0,70.0,62.78,-62,10260,False,12,2026-05-25,Monday,Good,Normal,Normal
2026-05-25 12:12:03.718141,device_003,sensor,warehouse_b,10.9,36.9,42.71,-64,10260,False,12,2026-05-25,Monday,Good,Normal,Normal
2026-05-25 12:12:03.718141,device_004,camera,warehouse_b,62.8,66.3,61.7,-61,10260,False,12,2026-05-25,Monday,Good,Normal,Normal
2026-05-25 12:12:03.718141,device_005,gateway,warehouse_a,34.4,59.5,50.1,-60,10260,False,12,2026-05-25,Monday,Excellent,Normal,Normal
2026-05-25 12:12:03.718141,device_006,sensor,factory_floor_2,6.8,33.0,42.61,-57,10260,False,12,2026-05-25,Monday,Excellent,Normal,Normal
2026-05-25 12:12:03.718141,device_007,sensor,warehouse_a,2.9,30.8,36.77,-59,10260,False,12,2026-05-25,Monday,Excellent,Normal,Normal
2026-05-25 12:12:03.718141,device_008,gateway,loading_bay,26.4,59.0,52.64,-49,10260,False,12,2026-05-25,Monday,Excellent,Normal,Normal
2026-05-25 12:12:03.718141,device_009,sensor,office_block,5.8,29.2,39.35,-69,10260,False,12,2026-05-25,Monday,Good,Normal,Normal
2026-05-25 12:12:03.718141,device_010,camera,warehouse_a,67.4,75.1,65.15,-54,10260,False,12,2026-05-25,Monday,Excellent,Normal,Normal
2026-05-25 12:12:03.718141,device_011,camera,factory_floor_1,68.5,76.8,62.92,-66,10260,False,12,2026-05-25,Monday,Good,Normal,Normal
2026-05-25 12:12:03.718141,device_012,camera,server_room,66.7,68.7,62.94,-64,10260,False,12,2026-05-25,Monday,Good,Normal,Normal
2026-05-25 12:12:03.718141,device_013,sensor,factory_floor_2,31.2,35.0,59.95,-65,10260,True,12,2026-05-25,Monday,Good,Normal,Normal
2026-05-25 12:12:03.718141,device_014,controller,server_room,18.3,45.3,53.78,-59,10260,False,12,2026-05-25,Monday,Excellent,Normal,Normal
2026-05-25 12:12:03.718141,device_015,sensor,loading_bay,13.9,33.8,40.69,-55,10260,False,12,2026-05-25,Monday,Excellent,Normal,Normal
2026-05-25 12:13:03.718141,device_001,gateway,warehouse_a,21.4,57.1,49.77,-57,10200,False,12,2026-05-25,Monday,Excellent,Normal,Normal
2026-05-25 12:13:03.718141,device_002,camera,factory_floor_2,65.0,70.7,63.83,-58,10200,False,12,2026-05-25,Monday,Excellent,Normal,Normal
2026-05-25 12:13:03.718141,device_003,sensor,warehouse_b,6.2,34.6,48.44,-57,10200,False,12,2026-05-25,Monday,Excellent,Normal,Normal
2026-05-25 12:13:03.718141,device_004,camera,warehouse_b,70.8,72.8,59.8,-61,10200,False,12,2026-05-25,Monday,Good,Normal,High
2026-05-25 12:13:03.718141,device_005,gateway,warehouse_a,32.6,45.6,52.63,-62,10200,False,12,2026-05-25,Monday,Good,Normal,Normal
2026-05-25 12:13:03.718141,device_006,sensor,factory_floor_2,8.1,37.1,45.69,-55,10200,False,12,2026-05-25,Monday,Excellent,Normal,Normal
2026-05-25 12:13:03.718141,device_007,sensor,warehouse_a,10.2,32.1,36.83,-68,10200,False,12,2026-05-25,Monday,Good,Normal,Normal
2026-05-25 12:13:03.718141,device_008,gateway,loading_bay,30.1,59.9,53.23,-54,10200,False,12,2026-05-25,Monday,Excellent,Normal,Normal
2026-05-25 12:13:03.718141,device_009,sensor,office_block,7.3,35.1,43.22,-70,10200,False,12,2026-05-25,Monday,Good,Normal,Normal
2026-05-25 12:13:03.718141,device_010,camera,warehouse_a,60.1,71.7,54.23,-60,10200,False,12,2026-05-25,Monday,Excellent,Normal,Normal
2026-05-25 12:13:03.718141,device_011,camera,factory_floor_1,65.9,63.5,59.15,-50,10200,False,12,2026-05-25,Monday,Excellent,Normal,Normal
2026-05-25 12:13:03.718141,device_012,camera,server_room,68.1,72.2,60.2,-55,10200,False,12,2026-05-25,Monday,Excellent,Normal,Normal
2026-05-25 12:13:03.718141,device_013,sensor,factory_floor_2,17.3,32.2,35.58,-54,10200,False,12,2026-05-25,Monday,Excellent,Normal,Normal
2026-05-25 12:13:03.718141,device_014,controller,server_room,17.0,38.5,52.36,-62,10200,False,12,2026-05-25,Monday,Good,Normal,Normal
2026-05-25 12:13:03.718141,device_015,sensor,loading_bay,17.7,34.6,42.41,-64,10200,False,12,2026-05-25,Monday,Good,Normal,Normal
2026-05-25 12:14:03.718141,device_001,gateway,warehouse_a,27.0,59.2,50.69,-59,10140,False,12,2026-05-25,Monday,Excellent,Normal,Normal
2026-05-25 12:14:03.718141,device_002,camera,factory_floor_2,59.7,68.5,62.04,-51,10140,False,12,2026-05-25,Monday,Excellent,Normal,Normal
2026-05-25 12:14:03.718141,device_003,sensor,warehouse_b,4.2,36.7,49.76,-65,10140,False,12,2026-05-25,Monday,Good,Normal,Normal
2026-05-25 12:14:03.718141,device_004,camera,warehouse_b,68.1,64.3,64.41,-65,10140,False,12,2026-05-25,Monday,Good,Normal,Normal
2026-05-25 12:14:03.718141,device_005,gateway,warehouse_a,36.8,51.9,44.47,-52,10140,False,12,2026-05-25,Monday,Excellent,Normal,Normal
2026-05-25 12:14:03.718141,device_006,sensor,factory_floor_2,5.7,35.9,43.75,-57,10140,False,12,2026-05-25,Monday,Excellent,Normal,Normal
2026-05-25 12:14:03.718141,device_007,sensor,warehouse_a,7.2,31.1,41.96,-56,10140,False,12,2026-05-25,Monday,Excellent,Normal,Normal
2026-05-25 12:14:03.718141,device_008,gateway,loading_bay,20.5,57.8,54.18,-62,10140,False,12,2026-05-25,Monday,Good,Normal,Normal
2026-05-25 12:14:03.718141,device_009,sensor,office_block,15.9,37.8,39.63,-65,10140,False,12,2026-05-25,Monday,Good,Normal,Normal
2026-05-25 12:14:03.718141,device_010,camera,warehouse_a,63.6,74.1,64.57,-66,10140,False,12,2026-05-25,Monday,Good,Normal,Normal
2026-05-25 12:14:03.718141,device_011,camera,factory_floor_1,66.1,73.8,59.98,-63,10140,False,12,2026-05-25,Monday,Good,Normal,Normal
2026-05-25 12:14:03.718141,device_012,camera,server_room,68.2,64.7,58.95,-59,10140,False,12,2026-05-25,Monday,Excellent,Normal,Normal
2026-05-25 12:14:03.718141,device_013,sensor,factory_floor_2,6.6,39.6,46.55,-60,10140,False,12,2026-05-25,Monday,Excellent,Normal,Normal
2026-05-25 12:14:03.718141,device_014,controller,server_room,12.4,50.1,44.5,-58,10140,False,12,2026-05-25,Monday,Excellent,Normal,Normal
2026-05-25 12:14:03.718141,device_015,sensor,loading_bay,2.3,32.5,43.53,-67,10140,False,12,2026-05-25,Monday,Good,Normal,Normal
2026-05-25 12:15:03.718141,device_001,gateway,warehouse_a,36.1,59.6,49.69,-60,10080,False,12,2026-05-25,Monday,Excellent,Normal,Normal
2026-05-25 12:15:03.718141,device_002,camera,factory_floor_2,65.9,62.1,61.76,-53,10080,False,12,2026-05-25,Monday,Excellent,Normal,Normal
2026-05-25 12:15:03.718141,device_003,sensor,warehouse_b,1.0,36.0,41.34,-58,10080,False,12,2026-05-25,Monday,Excellent,Normal,Normal
2026-05-25 12:15:03.718141,device_004,camera,warehouse_b,59.4,72.2,57.73,-64,10080,False,12,2026-05-25,Monday,Good,Normal,Normal
2026-05-25 12:15:03.718141,device_005,gateway,warehouse_a,30.8,58.1,51.59,-48,10080,False,12,2026-05-25,Monday,Excellent,Normal,Normal
2026-05-25 12:15:03.718141,device_006,sensor,factory_floor_2,2.1,41.6,40.93,-57,10080,False,12,2026-05-25,Monday,Excellent,Normal,Normal
2026-05-25 12:15:03.718141,device_007,sensor,warehouse_a,8.3,44.2,42.38,-56,10080,False,12,2026-05-25,Monday,Excellent,Normal,Normal
2026-05-25 12:15:03.718141,device_008,gateway,loading_bay,21.0,61.7,54.39,-52,10080,False,12,2026-05-25,Monday,Excellent,Normal,Normal
2026-05-25 12:15:03.718141,device_009,sensor,office_block,6.4,31.1,44.58,-64,10080,False,12,2026-05-25,Monday,Good,Normal,Normal
2026-05-25 12:15:03.718141,device_010,camera,warehouse_a,61.6,73.2,62.15,-58,10080,False,12,2026-05-25,Monday,Excellent,Normal,Normal
2026-05-25 12:15:03.718141,device_011,camera,factory_floor_1,70.6,69.7,65.71,-62,10080,False,12,2026-05-25,Monday,Good,Normal,High
2026-05-25 12:15:03.718141,device_012,camera,server_room,71.0,73.6,59.97,-65,10080,False,12,2026-05-25,Monday,Good,Normal,High
2026-05-25 12:15:03.718141,device_013,sensor,factory_floor_2,9.0,36.7,43.34,-67,10080,False,12,2026-05-25,Monday,Good,Normal,Normal
2026-05-25 12:15:03.718141,device_014,controller,server_room,10.0,45.4,44.63,-54,10080,False,12,2026-05-25,Monday,Excellent,Normal,Normal
2026-05-25 12:15:03.718141,device_015,sensor,loading_bay,1.0,38.5,44.49,-60,10080,False,12,2026-05-25,Monday,Excellent,Normal,Normal
2026-05-25 12:16:03.718141,device_001,gateway,warehouse_a,29.6,60.5,48.64,-54,10020,False,12,2026-05-25,Monday,Excellent,Normal,Normal
2026-05-25 12:16:03.718141,device_002,camera,factory_floor_2,75.2,72.0,61.44,-61,10020,False,12,2026-05-25,Monday,Good,Normal,High
2026-05-25 12:16:03.718141,device_003,sensor,warehouse_b,9.0,34.5,43.59,-63,10020,False,12,2026-05-25,Monday,Good,Normal,Normal
2026-05-25 12:16:03.718141,device_004,camera,warehouse_b,64.8,79.4,63.72,-50,10020,False,12,2026-05-25,Monday,Excellent,Normal,Normal
2026-05-25 12:16:03.718141,device_005,gateway,warehouse_a,21.0,50.3,51.69,-57,10020,False,12,2026-05-25,Monday,Excellent,Normal,Normal
2026-05-25 12:16:03.718141,device_006,sensor,factory_floor_2,16.0,29.2,40.24,-56,10020,False,12,2026-05-25,Monday,Excellent,Normal,Normal
2026-05-25 12:16:03.718141,device_007,sensor,warehouse_a,11.2,37.7,47.23,-57,10020,False,12,2026-05-25,Monday,Excellent,Normal,Normal
2026-05-25 12:16:03.718141,device_008,gateway,loading_bay,29.0,60.7,53.23,-56,10020,False,12,2026-05-25,Monday,Excellent,Normal,Normal
2026-05-25 12:16:03.718141,device_009,sensor,office_block,3.6,33.2,41.66,-57,10020,False,12,2026-05-25,Monday,Excellent,Normal,Normal
2026-05-25 12:16:03.718141,device_010,camera,warehouse_a,59.2,74.4,60.01,-62,10020,False,12,2026-05-25,Monday,Good,Normal,Normal
2026-05-25 12:16:03.718141,device_011,camera,factory_floor_1,67.8,70.6,62.93,-66,10020,False,12,2026-05-25,Monday,Good,Normal,Normal
2026-05-25 12:16:03.718141,device_012,camera,server_room,67.6,68.8,58.6,-65,10020,False,12,2026-05-25,Monday,Good,Normal,Normal
2026-05-25 12:16:03.718141,device_013,sensor,factory_floor_2,9.0,36.3,42.83,-55,10020,False,12,2026-05-25,Monday,Excellent,Normal,Normal
2026-05-25 12:16:03.718141,device_014,controller,server_room,17.3,57.6,46.87,-52,10020,False,12,2026-05-25,Monday,Excellent,Normal,Normal
2026-05-25 12:16:03.718141,device_015,sensor,loading_bay,12.5,34.1,43.24,-54,10020,False,12,2026-05-25,Monday,Excellent,Normal,Normal
2026-05-25 12:17:03.718141,device_001,gateway,warehouse_a,25.7,56.2,51.61,-60,9960,False,12,2026-05-25,Monday,Excellent,Normal,Normal
2026-05-25 12:17:03.718141,device_002,camera,factory_floor_2,55.6,67.5,56.29,-59,9960,False,12,2026-05-25,Monday,Excellent,Normal,Normal
2026-05-25 12:17:03.718141,device_003,sensor,warehouse_b,9.0,40.9,41.28,-70,9960,False,12,2026-05-25,Monday,Good,Normal,Normal
2026-05-25 12:17:03.718141,device_004,camera,warehouse_b,57.6,76.1,58.75,-53,9960,False,12,2026-05-25,Monday,Excellent,Normal,Normal
2026-05-25 12:17:03.718141,device_005,gateway,warehouse_a,28.7,63.2,54.65,-59,9960,False,12,2026-05-25,Monday,Excellent,Normal,Normal
2026-05-25 12:17:03.718141,device_006,sensor,factory_floor_2,4.5,33.9,41.7,-63,9960,False,12,2026-05-25,Monday,Good,Normal,Normal
2026-05-25 12:17:03.718141,device_007,sensor,warehouse_a,1.0,38.5,41.07,-68,9960,False,12,2026-05-25,Monday,Good,Normal,Normal
2026-05-25 12:17:03.718141,device_008,gateway,loading_bay,60.7,53.5,73.86,-54,9960,True,12,2026-05-25,Monday,Excellent,Warning,Normal
2026-05-25 12:17:03.718141,device_009,sensor,office_block,4.7,33.0,45.81,-56,9960,False,12,2026-05-25,Monday,Excellent,Normal,Normal
2026-05-25 12:17:03.718141,device_010,camera,warehouse_a,66.5,75.8,61.49,-66,9960,False,12,2026-05-25,Monday,Good,Normal,Normal
2026-05-25 12:17:03.718141,device_011,camera,factory_floor_1,69.9,65.2,57.11,-52,9960,False,12,2026-05-25,Monday,Excellent,Normal,Normal
2026-05-25 12:17:03.718141,device_012,camera,server_room,67.9,68.2,60.81,-54,9960,False,12,2026-05-25,Monday,Excellent,Normal,Normal
2026-05-25 12:17:03.718141,device_013,sensor,factory_floor_2,13.1,35.2,42.56,-59,9960,False,12,2026-05-25,Monday,Excellent,Normal,Normal
2026-05-25 12:17:03.718141,device_014,controller,server_room,21.9,51.3,46.87,-68,9960,False,12,2026-05-25,Monday,Good,Normal,Normal
2026-05-25 12:17:03.718141,device_015,sensor,loading_bay,4.1,40.7,43.97,-68,9960,False,12,2026-05-25,Monday,Good,Normal,Normal
2026-05-25 12:18:03.718141,device_001,gateway,warehouse_a,21.1,59.6,50.97,-53,9900,False,12,2026-05-25,Monday,Excellent,Normal,Normal
2026-05-25 12:18:03.718141,device_002,camera,factory_floor_2,70.8,67.1,60.49,-57,9900,False,12,2026-05-25,Monday,Excellent,Normal,High
2026-05-25 12:18:03.718141,device_003,sensor,warehouse_b,12.8,30.3,45.55,-62,9900,False,12,2026-05-25,Monday,Good,Normal,Normal
2026-05-25 12:18:03.718141,device_004,camera,warehouse_b,59.0,72.5,61.68,-60,9900,False,12,2026-05-25,Monday,Excellent,Normal,Normal
2026-05-25 12:18:03.718141,device_005,gateway,warehouse_a,26.5,52.2,54.04,-61,9900,False,12,2026-05-25,Monday,Good,Normal,Normal
2026-05-25 12:18:03.718141,device_006,sensor,factory_floor_2,1.0,35.3,40.73,-60,9900,False,12,2026-05-25,Monday,Excellent,Normal,Normal
2026-05-25 12:18:03.718141,device_007,sensor,warehouse_a,6.6,27.7,38.52,-69,9900,False,12,2026-05-25,Monday,Good,Normal,Normal
2026-05-25 12:18:03.718141,device_008,gateway,loading_bay,25.4,60.0,54.69,-52,9900,False,12,2026-05-25,Monday,Excellent,Normal,Normal
2026-05-25 12:18:03.718141,device_009,sensor,office_block,13.9,30.4,39.55,-67,9900,False,12,2026-05-25,Monday,Good,Normal,Normal
2026-05-25 12:18:03.718141,device_010,camera,warehouse_a,67.5,71.6,62.91,-52,9900,False,12,2026-05-25,Monday,Excellent,Normal,Normal
2026-05-25 12:18:03.718141,device_011,camera,factory_floor_1,54.9,69.9,58.4,-55,9900,False,12,2026-05-25,Monday,Excellent,Normal,Normal
2026-05-25 12:18:03.718141,device_012,camera,server_room,67.4,70.6,63.3,-64,9900,False,12,2026-05-25,Monday,Good,Normal,Normal
2026-05-25 12:18:03.718141,device_013,sensor,factory_floor_2,9.7,37.7,42.25,-64,9900,False,12,2026-05-25,Monday,Good,Normal,Normal
2026-05-25 12:18:03.718141,device_014,controller,server_room,19.6,43.9,48.2,-58,9900,False,12,2026-05-25,Monday,Excellent,Normal,Normal
2026-05-25 12:18:03.718141,device_015,sensor,loading_bay,8.4,36.1,43.45,-67,9900,False,12,2026-05-25,Monday,Good,Normal,Normal
2026-05-25 12:19:03.718141,device_001,gateway,warehouse_a,29.9,56.1,56.03,-57,9840,False,12,2026-05-25,Monday,Excellent,Normal,Normal
2026-05-25 12:19:03.718141,device_002,camera,factory_floor_2,61.8,64.5,63.65,-59,9840,False,12,2026-05-25,Monday,Excellent,Normal,Normal
2026-05-25 12:19:03.718141,device_003,sensor,warehouse_b,2.6,37.1,43.01,-62,9840,False,12,2026-05-25,Monday,Good,Normal,Normal
2026-05-25 12:19:03.718141,device_004,camera,warehouse_b,58.8,67.6,59.85,-53,9840,False,12,2026-05-25,Monday,Excellent,Normal,Normal
2026-05-25 12:19:03.718141,device_005,gateway,warehouse_a,25.6,57.8,54.83,-61,9840,False,12,2026-05-25,Monday,Good,Normal,Normal
2026-05-25 12:19:03.718141,device_006,sensor,factory_floor_2,7.9,29.6,40.36,-56,9840,False,12,2026-05-25,Monday,Excellent,Normal,Normal
2026-05-25 12:19:03.718141,device_007,sensor,warehouse_a,15.1,32.2,43.78,-54,9840,False,12,2026-05-25,Monday,Excellent,Normal,Normal
2026-05-25 12:19:03.718141,device_008,gateway,loading_bay,31.6,53.9,51.79,-48,9840,False,12,2026-05-25,Monday,Excellent,Normal,Normal
2026-05-25 12:19:03.718141,device_009,sensor,office_block,10.2,33.6,39.78,-61,9840,False,12,2026-05-25,Monday,Good,Normal,Normal
2026-05-25 12:19:03.718141,device_010,camera,warehouse_a,65.6,72.7,59.5,-55,9840,False,12,2026-05-25,Monday,Excellent,Normal,Normal
2026-05-25 12:19:03.718141,device_011,camera,factory_floor_1,74.3,63.3,58.74,-64,9840,False,12,2026-05-25,Monday,Good,Normal,High
2026-05-25 12:19:03.718141,device_012,camera,server_room,55.0,67.3,60.55,-52,9840,False,12,2026-05-25,Monday,Excellent,Normal,Normal
2026-05-25 12:19:03.718141,device_013,sensor,factory_floor_2,9.0,28.6,42.4,-58,9840,False,12,2026-05-25,Monday,Excellent,Normal,Normal
2026-05-25 12:19:03.718141,device_014,controller,server_room,8.9,45.5,48.89,-59,9840,False,12,2026-05-25,Monday,Excellent,Normal,Normal
2026-05-25 12:19:03.718141,device_015,sensor,loading_bay,5.9,36.9,37.03,-68,9840,False,12,2026-05-25,Monday,Good,Normal,Normal
2026-05-25 12:20:03.718141,device_001,gateway,warehouse_a,34.4,51.6,52.83,-55,9780,False,12,2026-05-25,Monday,Excellent,Normal,Normal
2026-05-25 12:20:03.718141,device_002,camera,factory_floor_2,65.2,74.2,56.9,-62,9780,False,12,2026-05-25,Monday,Good,Normal,Normal
2026-05-25 12:20:03.718141,device_003,sensor,warehouse_b,8.4,33.8,36.7,-64,9780,False,12,2026-05-25,Monday,Good,Normal,Normal
2026-05-25 12:20:03.718141,device_004,camera,warehouse_b,67.3,68.9,60.0,-66,9780,False,12,2026-05-25,Monday,Good,Normal,Normal
2026-05-25 12:20:03.718141,device_005,gateway,warehouse_a,21.9,52.4,53.7,-59,9780,False,12,2026-05-25,Monday,Excellent,Normal,Normal
2026-05-25 12:20:03.718141,device_006,sensor,factory_floor_2,1.0,38.9,40.89,-57,9780,False,12,2026-05-25,Monday,Excellent,Normal,Normal
2026-05-25 12:20:03.718141,device_007,sensor,warehouse_a,6.1,36.7,47.21,-70,9780,False,12,2026-05-25,Monday,Good,Normal,Normal
2026-05-25 12:20:03.718141,device_008,gateway,loading_bay,29.7,54.7,51.61,-61,9780,False,12,2026-05-25,Monday,Good,Normal,Normal
2026-05-25 12:20:03.718141,device_009,sensor,office_block,6.7,37.1,41.09,-63,9780,False,12,2026-05-25,Monday,Good,Normal,Normal
2026-05-25 12:20:03.718141,device_010,camera,warehouse_a,60.3,65.5,57.77,-50,9780,False,12,2026-05-25,Monday,Excellent,Normal,Normal
2026-05-25 12:20:03.718141,device_011,camera,factory_floor_1,75.2,71.2,62.59,-53,9780,False,12,2026-05-25,Monday,Excellent,Normal,High
2026-05-25 12:20:03.718141,device_012,camera,server_room,59.7,69.5,62.87,-56,9780,False,12,2026-05-25,Monday,Excellent,Normal,Normal
2026-05-25 12:20:03.718141,device_013,sensor,factory_floor_2,9.1,35.6,39.07,-54,9780,False,12,2026-05-25,Monday,Excellent,Normal,Normal
2026-05-25 12:20:03.718141,device_014,controller,server_room,15.9,47.9,45.7,-54,9780,False,12,2026-05-25,Monday,Excellent,Normal,Normal
2026-05-25 12:20:03.718141,device_015,sensor,loading_bay,1.0,37.7,43.69,-66,9780,False,12,2026-05-25,Monday,Good,Normal,Normal
2026-05-25 12:21:03.718141,device_001,gateway,warehouse_a,23.6,54.1,49.54,-54,9720,False,12,2026-05-25,Monday,Excellent,Normal,Normal
2026-05-25 12:21:03.718141,device_002,camera,factory_floor_2,66.4,71.7,60.54,-58,9720,False,12,2026-05-25,Monday,Excellent,Normal,Normal
2026-05-25 12:21:03.718141,device_003,sensor,warehouse_b,16.8,28.1,40.48,-59,9720,False,12,2026-05-25,Monday,Excellent,Normal,Normal
2026-05-25 12:21:03.718141,device_004,camera,warehouse_b,69.1,71.6,66.05,-65,9720,False,12,2026-05-25,Monday,Good,Normal,Normal
2026-05-25 12:21:03.718141,device_005,gateway,warehouse_a,22.6,50.5,51.63,-54,9720,False,12,2026-05-25,Monday,Excellent,Normal,Normal
2026-05-25 12:21:03.718141,device_006,sensor,factory_floor_2,11.2,33.8,37.95,-65,9720,False,12,2026-05-25,Monday,Good,Normal,Normal
2026-05-25 12:21:03.718141,device_007,sensor,warehouse_a,3.0,33.5,42.38,-65,9720,False,12,2026-05-25,Monday,Good,Normal,Normal
2026-05-25 12:21:03.718141,device_008,gateway,loading_bay,28.9,51.1,52.07,-54,9720,False,12,2026-05-25,Monday,Excellent,Normal,Normal
2026-05-25 12:21:03.718141,device_009,sensor,office_block,11.1,31.0,41.85,-65,9720,False,12,2026-05-25,Monday,Good,Normal,Normal
2026-05-25 12:21:03.718141,device_010,camera,warehouse_a,76.2,69.4,62.43,-62,9720,False,12,2026-05-25,Monday,Good,Normal,High
2026-05-25 12:21:03.718141,device_011,camera,factory_floor_1,72.1,69.4,66.53,-63,9720,False,12,2026-05-25,Monday,Good,Normal,High
2026-05-25 12:21:03.718141,device_012,camera,server_room,66.7,69.4,58.04,-56,9720,False,12,2026-05-25,Monday,Excellent,Normal,Normal
2026-05-25 12:21:03.718141,device_013,sensor,factory_floor_2,7.0,36.3,42.55,-56,9720,False,12,2026-05-25,Monday,Excellent,Normal,Normal
2026-05-25 12:21:03.718141,device_014,controller,server_room,20.8,40.2,48.71,-63,9720,False,12,2026-05-25,Monday,Good,Normal,Normal
2026-05-25 12:21:03.718141,device_015,sensor,loading_bay,3.3,33.9,40.36,-69,9720,False,12,2026-05-25,Monday,Good,Normal,Normal
2026-05-25 12:22:03.718141,device_001,gateway,warehouse_a,33.3,53.6,48.51,-52,9660,False,12,2026-05-25,Monday,Excellent,Normal,Normal
2026-05-25 12:22:03.718141,device_002,camera,factory_floor_2,69.8,71.8,60.1,-52,9660,False,12,2026-05-25,Monday,Excellent,Normal,Normal
2026-05-25 12:22:03.718141,device_003,sensor,warehouse_b,7.3,34.1,42.77,-65,9660,False,12,2026-05-25,Monday,Good,Normal,Normal
2026-05-25 12:22:03.718141,device_004,camera,warehouse_b,68.3,68.5,56.36,-63,9660,False,12,2026-05-25,Monday,Good,Normal,Normal
2026-05-25 12:22:03.718141,device_005,gateway,warehouse_a,29.5,61.0,53.6,-51,9660,False,12,2026-05-25,Monday,Excellent,Normal,Normal
2026-05-25 12:22:03.718141,device_006,sensor,factory_floor_2,6.0,32.4,46.44,-66,9660,False,12,2026-05-25,Monday,Good,Normal,Normal
2026-05-25 12:22:03.718141,device_007,sensor,warehouse_a,14.6,31.3,44.45,-60,9660,False,12,2026-05-25,Monday,Excellent,Normal,Normal
2026-05-25 12:22:03.718141,device_008,gateway,loading_bay,29.5,57.5,51.85,-47,9660,False,12,2026-05-25,Monday,Excellent,Normal,Normal
2026-05-25 12:22:03.718141,device_009,sensor,office_block,6.9,40.5,41.08,-61,9660,False,12,2026-05-25,Monday,Good,Normal,Normal
2026-05-25 12:22:03.718141,device_010,camera,warehouse_a,64.5,69.1,63.48,-57,9660,False,12,2026-05-25,Monday,Excellent,Normal,Normal
2026-05-25 12:22:03.718141,device_011,camera,factory_floor_1,73.3,67.5,58.96,-62,9660,False,12,2026-05-25,Monday,Good,Normal,High
2026-05-25 12:22:03.718141,device_012,camera,server_room,72.6,76.4,59.67,-52,9660,False,12,2026-05-25,Monday,Excellent,Normal,High
2026-05-25 12:22:03.718141,device_013,sensor,factory_floor_2,12.5,27.7,41.54,-67,9660,False,12,2026-05-25,Monday,Good,Normal,Normal
2026-05-25 12:22:03.718141,device_014,controller,server_room,17.9,49.7,48.3,-67,9660,False,12,2026-05-25,Monday,Good,Normal,Normal
2026-05-25 12:22:03.718141,device_015,sensor,loading_bay,15.9,38.2,39.95,-67,9660,False,12,2026-05-25,Monday,Good,Normal,Normal
2026-05-25 12:23:03.718141,device_001,gateway,warehouse_a,31.8,57.0,55.22,-51,9600,False,12,2026-05-25,Monday,Excellent,Normal,Normal
2026-05-25 12:23:03.718141,device_002,camera,factory_floor_2,55.3,65.4,60.53,-59,9600,False,12,2026-05-25,Monday,Excellent,Normal,Normal
2026-05-25 12:23:03.718141,device_003,sensor,warehouse_b,7.0,36.2,44.94,-68,9600,False,12,2026-05-25,Monday,Good,Normal,Normal
2026-05-25 12:23:03.718141,device_004,camera,warehouse_b,70.7,64.8,62.03,-60,9600,False,12,2026-05-25,Monday,Excellent,Normal,High
2026-05-25 12:23:03.718141,device_005,gateway,warehouse_a,15.4,54.1,52.45,-56,9600,False,12,2026-05-25,Monday,Excellent,Normal,Normal
2026-05-25 12:23:03.718141,device_006,sensor,factory_floor_2,3.1,32.1,36.9,-62,9600,False,12,2026-05-25,Monday,Good,Normal,Normal
2026-05-25 12:23:03.718141,device_007,sensor,warehouse_a,7.0,35.8,44.0,-68,9600,False,12,2026-05-25,Monday,Good,Normal,Normal
2026-05-25 12:23:03.718141,device_008,gateway,loading_bay,36.0,58.5,48.89,-49,9600,False,12,2026-05-25,Monday,Excellent,Normal,Normal
2026-05-25 12:23:03.718141,device_009,sensor,office_block,8.2,33.3,44.08,-68,9600,False,12,2026-05-25,Monday,Good,Normal,Normal
2026-05-25 12:23:03.718141,device_010,camera,warehouse_a,70.4,67.3,61.89,-54,9600,False,12,2026-05-25,Monday,Excellent,Normal,High
2026-05-25 12:23:03.718141,device_011,camera,factory_floor_1,64.9,72.0,60.28,-56,9600,False,12,2026-05-25,Monday,Excellent,Normal,Normal
2026-05-25 12:23:03.718141,device_012,camera,server_room,59.1,71.6,60.91,-50,9600,False,12,2026-05-25,Monday,Excellent,Normal,Normal
2026-05-25 12:23:03.718141,device_013,sensor,factory_floor_2,8.2,38.1,46.04,-59,9600,False,12,2026-05-25,Monday,Excellent,Normal,Normal
2026-05-25 12:23:03.718141,device_014,controller,server_room,18.0,46.2,48.65,-55,9600,False,12,2026-05-25,Monday,Excellent,Normal,Normal
2026-05-25 12:23:03.718141,device_015,sensor,loading_bay,10.0,33.8,36.52,-59,9600,False,12,2026-05-25,Monday,Excellent,Normal,Normal
2026-05-25 12:24:03.718141,device_001,gateway,warehouse_a,50.6,54.8,75.83,-52,9540,True,12,2026-05-25,Monday,Excellent,Warning,Normal
2026-05-25 12:24:03.718141,device_002,camera,factory_floor_2,64.0,71.7,63.69,-52,9540,False,12,2026-05-25,Monday,Excellent,Normal,Normal
2026-05-25 12:24:03.718141,device_003,sensor,warehouse_b,2.4,33.7,41.79,-68,9540,False,12,2026-05-25,Monday,Good,Normal,Normal
2026-05-25 12:24:03.718141,device_004,camera,warehouse_b,56.3,69.3,58.93,-52,9540,False,12,2026-05-25,Monday,Excellent,Normal,Normal
2026-05-25 12:24:03.718141,device_005,gateway,warehouse_a,27.4,59.6,47.55,-50,9540,False,12,2026-05-25,Monday,Excellent,Normal,Normal
2026-05-25 12:24:03.718141,device_006,sensor,factory_floor_2,7.5,36.6,42.11,-61,9540,False,12,2026-05-25,Monday,Good,Normal,Normal
2026-05-25 12:24:03.718141,device_007,sensor,warehouse_a,4.1,33.5,43.37,-57,9540,False,12,2026-05-25,Monday,Excellent,Normal,Normal
2026-05-25 12:24:03.718141,device_008,gateway,loading_bay,23.5,61.0,53.72,-50,9540,False,12,2026-05-25,Monday,Excellent,Normal,Normal
2026-05-25 12:24:03.718141,device_009,sensor,office_block,11.6,32.9,44.77,-68,9540,False,12,2026-05-25,Monday,Good,Normal,Normal
2026-05-25 12:24:03.718141,device_010,camera,warehouse_a,57.0,78.2,65.47,-57,9540,False,12,2026-05-25,Monday,Excellent,Normal,Normal
2026-05-25 12:24:03.718141,device_011,camera,factory_floor_1,72.7,65.4,59.99,-50,9540,False,12,2026-05-25,Monday,Excellent,Normal,High
2026-05-25 12:24:03.718141,device_012,camera,server_room,59.7,69.6,55.95,-64,9540,False,12,2026-05-25,Monday,Good,Normal,Normal
2026-05-25 12:24:03.718141,device_013,sensor,factory_floor_2,16.0,36.2,41.58,-58,9540,False,12,2026-05-25,Monday,Excellent,Normal,Normal
2026-05-25 12:24:03.718141,device_014,controller,server_room,24.9,53.1,46.79,-55,9540,False,12,2026-05-25,Monday,Excellent,Normal,Normal
2026-05-25 12:24:03.718141,device_015,sensor,loading_bay,18.0,32.7,41.61,-62,9540,False,12,2026-05-25,Monday,Good,Normal,Normal
2026-05-25 12:25:03.718141,device_001,gateway,warehouse_a,31.5,50.4,50.96,-49,9480,False,12,2026-05-25,Monday,Excellent,Normal,Normal
2026-05-25 12:25:03.718141,device_002,camera,factory_floor_2,71.4,70.6,64.65,-62,9480,False,12,2026-05-25,Monday,Good,Normal,High
2026-05-25 12:25:03.718141,device_003,sensor,warehouse_b,1.7,35.4,38.31,-58,9480,False,12,2026-05-25,Monday,Excellent,Normal,Normal
2026-05-25 12:25:03.718141,device_004,camera,warehouse_b,62.5,74.1,59.98,-51,9480,False,12,2026-05-25,Monday,Excellent,Normal,Normal
2026-05-25 12:25:03.718141,device_005,gateway,warehouse_a,31.7,51.0,56.13,-54,9480,False,12,2026-05-25,Monday,Excellent,Normal,Normal
2026-05-25 12:25:03.718141,device_006,sensor,factory_floor_2,6.3,36.8,44.28,-61,9480,False,12,2026-05-25,Monday,Good,Normal,Normal
2026-05-25 12:25:03.718141,device_007,sensor,warehouse_a,15.7,42.4,43.26,-56,9480,False,12,2026-05-25,Monday,Excellent,Normal,Normal
2026-05-25 12:25:03.718141,device_008,gateway,loading_bay,30.7,53.7,55.19,-63,9480,False,12,2026-05-25,Monday,Good,Normal,Normal
2026-05-25 12:25:03.718141,device_009,sensor,office_block,8.1,41.5,44.73,-61,9480,False,12,2026-05-25,Monday,Good,Normal,Normal
2026-05-25 12:25:03.718141,device_010,camera,warehouse_a,68.6,75.5,60.75,-51,9480,False,12,2026-05-25,Monday,Excellent,Normal,Normal
2026-05-25 12:25:03.718141,device_011,camera,factory_floor_1,54.0,72.7,56.73,-57,9480,False,12,2026-05-25,Monday,Excellent,Normal,Normal
2026-05-25 12:25:03.718141,device_012,camera,server_room,65.1,70.3,62.82,-51,9480,False,12,2026-05-25,Monday,Excellent,Normal,Normal
2026-05-25 12:25:03.718141,device_013,sensor,factory_floor_2,10.9,37.3,39.56,-63,9480,False,12,2026-05-25,Monday,Good,Normal,Normal
2026-05-25 12:25:03.718141,device_014,controller,server_room,23.0,53.1,51.66,-60,9480,False,12,2026-05-25,Monday,Excellent,Normal,Normal
2026-05-25 12:25:03.718141,device_015,sensor,loading_bay,9.2,28.9,42.82,-68,9480,False,12,2026-05-25,Monday,Good,Normal,Normal
2026-05-25 12:26:03.718141,device_001,gateway,warehouse_a,25.3,59.2,51.42,-52,9420,False,12,2026-05-25,Monday,Excellent,Normal,Normal
2026-05-25 12:26:03.718141,device_002,camera,factory_floor_2,61.9,70.0,63.39,-53,9420,False,12,2026-05-25,Monday,Excellent,Normal,Normal
2026-05-25 12:26:03.718141,device_003,sensor,warehouse_b,7.1,33.4,42.75,-55,9420,False,12,2026-05-25,Monday,Excellent,Normal,Normal
2026-05-25 12:26:03.718141,device_004,camera,warehouse_b,62.9,69.0,55.89,-63,9420,False,12,2026-05-25,Monday,Good,Normal,Normal
2026-05-25 12:26:03.718141,device_005,gateway,warehouse_a,25.6,56.7,50.45,-63,9420,False,12,2026-05-25,Monday,Good,Normal,Normal
2026-05-25 12:26:03.718141,device_006,sensor,factory_floor_2,11.3,39.0,42.7,-65,9420,False,12,2026-05-25,Monday,Good,Normal,Normal
2026-05-25 12:26:03.718141,device_007,sensor,warehouse_a,10.9,33.1,41.11,-66,9420,False,12,2026-05-25,Monday,Good,Normal,Normal
2026-05-25 12:26:03.718141,device_008,gateway,loading_bay,29.6,60.6,53.72,-59,9420,False,12,2026-05-25,Monday,Excellent,Normal,Normal
2026-05-25 12:26:03.718141,device_009,sensor,office_block,14.0,34.6,40.38,-69,9420,False,12,2026-05-25,Monday,Good,Normal,Normal
2026-05-25 12:26:03.718141,device_010,camera,warehouse_a,68.4,73.8,64.2,-53,9420,False,12,2026-05-25,Monday,Excellent,Normal,Normal
2026-05-25 12:26:03.718141,device_011,camera,factory_floor_1,64.7,66.0,57.24,-55,9420,False,12,2026-05-25,Monday,Excellent,Normal,Normal
2026-05-25 12:26:03.718141,device_012,camera,server_room,66.4,65.6,62.03,-57,9420,False,12,2026-05-25,Monday,Excellent,Normal,Normal
2026-05-25 12:26:03.718141,device_013,sensor,factory_floor_2,8.2,30.4,43.89,-68,9420,False,12,2026-05-25,Monday,Good,Normal,Normal
2026-05-25 12:26:03.718141,device_014,controller,server_room,23.5,50.0,46.87,-63,9420,False,12,2026-05-25,Monday,Good,Normal,Normal
2026-05-25 12:26:03.718141,device_015,sensor,loading_bay,5.3,33.2,38.92,-65,9420,False,12,2026-05-25,Monday,Good,Normal,Normal
2026-05-25 12:27:03.718141,device_001,gateway,warehouse_a,27.5,54.1,50.83,-53,9360,False,12,2026-05-25,Monday,Excellent,Normal,Normal
2026-05-25 12:27:03.718141,device_002,camera,factory_floor_2,66.7,69.7,60.49,-57,9360,False,12,2026-05-25,Monday,Excellent,Normal,Normal
2026-05-25 12:27:03.718141,device_003,sensor,warehouse_b,1.0,34.6,43.18,-59,9360,False,12,2026-05-25,Monday,Excellent,Normal,Normal
2026-05-25 12:27:03.718141,device_004,camera,warehouse_b,73.1,62.8,58.18,-55,9360,False,12,2026-05-25,Monday,Excellent,Normal,High
2026-05-25 12:27:03.718141,device_005,gateway,warehouse_a,31.1,51.0,53.04,-63,9360,False,12,2026-05-25,Monday,Good,Normal,Normal
2026-05-25 12:27:03.718141,device_006,sensor,factory_floor_2,1.0,40.7,46.61,-61,9360,False,12,2026-05-25,Monday,Good,Normal,Normal
2026-05-25 12:27:03.718141,device_007,sensor,warehouse_a,1.0,41.7,40.63,-55,9360,False,12,2026-05-25,Monday,Excellent,Normal,Normal
2026-05-25 12:27:03.718141,device_008,gateway,loading_bay,25.6,53.9,50.53,-58,9360,False,12,2026-05-25,Monday,Excellent,Normal,Normal
2026-05-25 12:27:03.718141,device_009,sensor,office_block,2.4,39.2,36.89,-66,9360,False,12,2026-05-25,Monday,Good,Normal,Normal
2026-05-25 12:27:03.718141,device_010,camera,warehouse_a,55.8,73.5,61.74,-60,9360,False,12,2026-05-25,Monday,Excellent,Normal,Normal
2026-05-25 12:27:03.718141,device_011,camera,factory_floor_1,57.7,74.9,58.23,-50,9360,False,12,2026-05-25,Monday,Excellent,Normal,Normal
2026-05-25 12:27:03.718141,device_012,camera,server_room,67.7,74.8,59.15,-63,9360,False,12,2026-05-25,Monday,Good,Normal,Normal
2026-05-25 12:27:03.718141,device_013,sensor,factory_floor_2,14.0,31.4,42.81,-68,9360,False,12,2026-05-25,Monday,Good,Normal,Normal
2026-05-25 12:27:03.718141,device_014,controller,server_room,15.9,44.2,48.86,-64,9360,False,12,2026-05-25,Monday,Good,Normal,Normal
2026-05-25 12:27:03.718141,device_015,sensor,loading_bay,12.7,29.0,37.41,-55,9360,False,12,2026-05-25,Monday,Excellent,Normal,Normal
2026-05-25 12:28:03.718141,device_001,gateway,warehouse_a,28.9,52.5,50.53,-52,9300,False,12,2026-05-25,Monday,Excellent,Normal,Normal
2026-05-25 12:28:03.718141,device_002,camera,factory_floor_2,56.2,69.8,61.06,-52,9300,False,12,2026-05-25,Monday,Excellent,Normal,Normal
2026-05-25 12:28:03.718141,device_003,sensor,warehouse_b,11.3,34.5,42.21,-54,9300,False,12,2026-05-25,Monday,Excellent,Normal,Normal
2026-05-25 12:28:03.718141,device_004,camera,warehouse_b,70.9,72.1,57.06,-56,9300,False,12,2026-05-25,Monday,Excellent,Normal,High
2026-05-25 12:28:03.718141,device_005,gateway,warehouse_a,19.6,50.1,49.48,-54,9300,False,12,2026-05-25,Monday,Excellent,Normal,Normal
2026-05-25 12:28:03.718141,device_006,sensor,factory_floor_2,11.9,34.9,41.8,-67,9300,False,12,2026-05-25,Monday,Good,Normal,Normal
2026-05-25 12:28:03.718141,device_007,sensor,warehouse_a,2.5,31.9,41.1,-66,9300,False,12,2026-05-25,Monday,Good,Normal,Normal
2026-05-25 12:28:03.718141,device_008,gateway,loading_bay,29.9,60.3,49.03,-54,9300,False,12,2026-05-25,Monday,Excellent,Normal,Normal
2026-05-25 12:28:03.718141,device_009,sensor,office_block,1.0,41.7,39.58,-66,9300,False,12,2026-05-25,Monday,Good,Normal,Normal
2026-05-25 12:28:03.718141,device_010,camera,warehouse_a,62.8,70.9,57.06,-53,9300,False,12,2026-05-25,Monday,Excellent,Normal,Normal
2026-05-25 12:28:03.718141,device_011,camera,factory_floor_1,62.6,65.6,58.49,-63,9300,False,12,2026-05-25,Monday,Good,Normal,Normal
2026-05-25 12:28:03.718141,device_012,camera,server_room,78.8,62.3,60.25,-51,9300,False,12,2026-05-25,Monday,Excellent,Normal,High
2026-05-25 12:28:03.718141,device_013,sensor,factory_floor_2,15.5,31.9,43.83,-69,9300,False,12,2026-05-25,Monday,Good,Normal,Normal
2026-05-25 12:28:03.718141,device_014,controller,server_room,13.3,44.0,50.02,-67,9300,False,12,2026-05-25,Monday,Good,Normal,Normal
2026-05-25 12:28:03.718141,device_015,sensor,loading_bay,1.0,33.3,47.36,-54,9300,False,12,2026-05-25,Monday,Excellent,Normal,Normal
2026-05-25 12:29:03.718141,device_001,gateway,warehouse_a,35.5,51.0,55.84,-48,9240,False,12,2026-05-25,Monday,Excellent,Normal,Normal
2026-05-25 12:29:03.718141,device_002,camera,factory_floor_2,70.2,62.5,59.05,-58,9240,False,12,2026-05-25,Monday,Excellent,Normal,High
2026-05-25 12:29:03.718141,device_003,sensor,warehouse_b,5.9,33.1,43.19,-61,9240,False,12,2026-05-25,Monday,Good,Normal,Normal
2026-05-25 12:29:03.718141,device_004,camera,warehouse_b,63.5,70.4,64.43,-63,9240,False,12,2026-05-25,Monday,Good,Normal,Normal
2026-05-25 12:29:03.718141,device_005,gateway,warehouse_a,23.8,55.8,54.11,-57,9240,False,12,2026-05-25,Monday,Excellent,Normal,Normal
2026-05-25 12:29:03.718141,device_006,sensor,factory_floor_2,1.0,36.6,43.29,-64,9240,False,12,2026-05-25,Monday,Good,Normal,Normal
2026-05-25 12:29:03.718141,device_007,sensor,warehouse_a,8.1,32.3,44.68,-59,9240,False,12,2026-05-25,Monday,Excellent,Normal,Normal
2026-05-25 12:29:03.718141,device_008,gateway,loading_bay,29.7,56.6,47.3,-59,9240,False,12,2026-05-25,Monday,Excellent,Normal,Normal
2026-05-25 12:29:03.718141,device_009,sensor,office_block,17.8,32.0,39.02,-62,9240,False,12,2026-05-25,Monday,Good,Normal,Normal
2026-05-25 12:29:03.718141,device_010,camera,warehouse_a,61.4,65.7,61.39,-55,9240,False,12,2026-05-25,Monday,Excellent,Normal,Normal
2026-05-25 12:29:03.718141,device_011,camera,factory_floor_1,67.1,72.1,63.54,-50,9240,False,12,2026-05-25,Monday,Excellent,Normal,Normal
2026-05-25 12:29:03.718141,device_012,camera,server_room,56.2,73.7,63.99,-59,9240,False,12,2026-05-25,Monday,Excellent,Normal,Normal
2026-05-25 12:29:03.718141,device_013,sensor,factory_floor_2,12.2,35.9,43.12,-68,9240,False,12,2026-05-25,Monday,Good,Normal,Normal
2026-05-25 12:29:03.718141,device_014,controller,server_room,23.2,41.2,53.77,-68,9240,False,12,2026-05-25,Monday,Good,Normal,Normal
2026-05-25 12:29:03.718141,device_015,sensor,loading_bay,13.4,34.5,41.74,-64,9240,False,12,2026-05-25,Monday,Good,Normal,Normal
2026-05-25 12:30:03.718141,device_001,gateway,warehouse_a,20.3,51.0,51.15,-58,9180,False,12,2026-05-25,Monday,Excellent,Normal,Normal
2026-05-25 12:30:03.718141,device_002,camera,factory_floor_2,62.7,68.2,57.71,-66,9180,False,12,2026-05-25,Monday,Good,Normal,Normal
2026-05-25 12:30:03.718141,device_003,sensor,warehouse_b,6.0,28.5,42.29,-67,9180,False,12,2026-05-25,Monday,Good,Normal,Normal
2026-05-25 12:30:03.718141,device_004,camera,warehouse_b,57.8,66.8,62.09,-50,9180,False,12,2026-05-25,Monday,Excellent,Normal,Normal
2026-05-25 12:30:03.718141,device_005,gateway,warehouse_a,33.4,57.4,52.68,-48,9180,False,12,2026-05-25,Monday,Excellent,Normal,Normal
2026-05-25 12:30:03.718141,device_006,sensor,factory_floor_2,15.1,32.7,41.07,-65,9180,False,12,2026-05-25,Monday,Good,Normal,Normal
2026-05-25 12:30:03.718141,device_007,sensor,warehouse_a,12.4,34.3,43.53,-67,9180,False,12,2026-05-25,Monday,Good,Normal,Normal
2026-05-25 12:30:03.718141,device_008,gateway,loading_bay,35.0,55.1,51.36,-52,9180,False,12,2026-05-25,Monday,Excellent,Normal,Normal
2026-05-25 12:30:03.718141,device_009,sensor,office_block,8.1,35.3,39.2,-57,9180,False,12,2026-05-25,Monday,Excellent,Normal,Normal
2026-05-25 12:30:03.718141,device_010,camera,warehouse_a,72.0,70.1,62.33,-59,9180,False,12,2026-05-25,Monday,Excellent,Normal,High
2026-05-25 12:30:03.718141,device_011,camera,factory_floor_1,64.2,73.0,61.99,-56,9180,False,12,2026-05-25,Monday,Excellent,Normal,Normal
2026-05-25 12:30:03.718141,device_012,camera,server_room,68.0,71.3,60.0,-63,9180,False,12,2026-05-25,Monday,Good,Normal,Normal
2026-05-25 12:30:03.718141,device_013,sensor,factory_floor_2,10.4,35.7,38.98,-55,9180,False,12,2026-05-25,Monday,Excellent,Normal,Normal
2026-05-25 12:30:03.718141,device_014,controller,server_room,7.2,47.6,49.45,-59,9180,False,12,2026-05-25,Monday,Excellent,Normal,Normal
2026-05-25 12:30:03.718141,device_015,sensor,loading_bay,11.7,36.2,40.81,-69,9180,False,12,2026-05-25,Monday,Good,Normal,Normal
2026-05-25 12:31:03.718141,device_001,gateway,warehouse_a,35.1,54.9,56.24,-48,9120,False,12,2026-05-25,Monday,Excellent,Normal,Normal
2026-05-25 12:31:03.718141,device_002,camera,factory_floor_2,65.7,64.0,64.33,-57,9120,False,12,2026-05-25,Monday,Excellent,Normal,Normal
2026-05-25 12:31:03.718141,device_003,sensor,warehouse_b,6.4,38.9,46.01,-61,9120,False,12,2026-05-25,Monday,Good,Normal,Normal
2026-05-25 12:31:03.718141,device_004,camera,warehouse_b,66.8,69.8,56.48,-52,9120,False,12,2026-05-25,Monday,Excellent,Normal,Normal
2026-05-25 12:31:03.718141,device_005,gateway,warehouse_a,25.1,51.8,52.99,-50,9120,False,12,2026-05-25,Monday,Excellent,Normal,Normal
2026-05-25 12:31:03.718141,device_006,sensor,factory_floor_2,2.9,39.9,35.81,-57,9120,False,12,2026-05-25,Monday,Excellent,Normal,Normal
2026-05-25 12:31:03.718141,device_007,sensor,warehouse_a,6.0,35.0,42.47,-68,9120,False,12,2026-05-25,Monday,Good,Normal,Normal
2026-05-25 12:31:03.718141,device_008,gateway,loading_bay,22.7,51.0,48.22,-48,9120,False,12,2026-05-25,Monday,Excellent,Normal,Normal
2026-05-25 12:31:03.718141,device_009,sensor,office_block,4.4,31.8,43.1,-59,9120,False,12,2026-05-25,Monday,Excellent,Normal,Normal
2026-05-25 12:31:03.718141,device_010,camera,warehouse_a,73.7,73.2,64.08,-51,9120,False,12,2026-05-25,Monday,Excellent,Normal,High
2026-05-25 12:31:03.718141,device_011,camera,factory_floor_1,64.4,69.1,65.54,-54,9120,False,12,2026-05-25,Monday,Excellent,Normal,Normal
2026-05-25 12:31:03.718141,device_012,camera,server_room,64.8,72.8,61.51,-64,9120,False,12,2026-05-25,Monday,Good,Normal,Normal
2026-05-25 12:31:03.718141,device_013,sensor,factory_floor_2,11.2,32.9,40.57,-58,9120,False,12,2026-05-25,Monday,Excellent,Normal,Normal
2026-05-25 12:31:03.718141,device_014,controller,server_room,21.2,43.4,50.15,-65,9120,False,12,2026-05-25,Monday,Good,Normal,Normal
2026-05-25 12:31:03.718141,device_015,sensor,loading_bay,1.0,37.5,41.38,-65,9120,False,12,2026-05-25,Monday,Good,Normal,Normal
2026-05-25 12:32:03.718141,device_001,gateway,warehouse_a,37.0,53.3,48.41,-57,9060,False,12,2026-05-25,Monday,Excellent,Normal,Normal
2026-05-25 12:32:03.718141,device_002,camera,factory_floor_2,63.1,69.9,65.07,-54,9060,False,12,2026-05-25,Monday,Excellent,Normal,Normal
2026-05-25 12:32:03.718141,device_003,sensor,warehouse_b,3.5,33.4,43.68,-57,9060,False,12,2026-05-25,Monday,Excellent,Normal,Normal
2026-05-25 12:32:03.718141,device_004,camera,warehouse_b,58.9,76.9,58.32,-58,9060,False,12,2026-05-25,Monday,Excellent,Normal,Normal
2026-05-25 12:32:03.718141,device_005,gateway,warehouse_a,29.9,54.0,52.32,-55,9060,False,12,2026-05-25,Monday,Excellent,Normal,Normal
2026-05-25 12:32:03.718141,device_006,sensor,factory_floor_2,9.5,36.2,42.84,-58,9060,False,12,2026-05-25,Monday,Excellent,Normal,Normal
2026-05-25 12:32:03.718141,device_007,sensor,warehouse_a,8.6,35.1,44.61,-58,9060,False,12,2026-05-25,Monday,Excellent,Normal,Normal
2026-05-25 12:32:03.718141,device_008,gateway,loading_bay,23.1,47.1,50.16,-47,9060,False,12,2026-05-25,Monday,Excellent,Normal,Normal
2026-05-25 12:32:03.718141,device_009,sensor,office_block,18.1,31.7,44.59,-56,9060,False,12,2026-05-25,Monday,Excellent,Normal,Normal
2026-05-25 12:32:03.718141,device_010,camera,warehouse_a,63.6,76.2,59.09,-58,9060,False,12,2026-05-25,Monday,Excellent,Normal,Normal
2026-05-25 12:32:03.718141,device_011,camera,factory_floor_1,57.9,69.6,61.34,-59,9060,False,12,2026-05-25,Monday,Excellent,Normal,Normal
2026-05-25 12:32:03.718141,device_012,camera,server_room,69.1,63.0,60.69,-62,9060,False,12,2026-05-25,Monday,Good,Normal,Normal
2026-05-25 12:32:03.718141,device_013,sensor,factory_floor_2,6.7,35.3,39.08,-69,9060,False,12,2026-05-25,Monday,Good,Normal,Normal
2026-05-25 12:32:03.718141,device_014,controller,server_room,25.2,41.8,42.78,-53,9060,False,12,2026-05-25,Monday,Excellent,Normal,Normal
2026-05-25 12:32:03.718141,device_015,sensor,loading_bay,5.2,38.0,40.86,-65,9060,False,12,2026-05-25,Monday,Good,Normal,Normal
2026-05-25 12:33:03.718141,device_001,gateway,warehouse_a,27.1,52.5,53.25,-53,9000,False,12,2026-05-25,Monday,Excellent,Normal,Normal
2026-05-25 12:33:03.718141,device_002,camera,factory_floor_2,66.1,67.1,63.33,-63,9000,False,12,2026-05-25,Monday,Good,Normal,Normal
2026-05-25 12:33:03.718141,device_003,sensor,warehouse_b,11.9,39.2,42.16,-54,9000,False,12,2026-05-25,Monday,Excellent,Normal,Normal
2026-05-25 12:33:03.718141,device_004,camera,warehouse_b,64.0,69.8,62.14,-52,9000,False,12,2026-05-25,Monday,Excellent,Normal,Normal
2026-05-25 12:33:03.718141,device_005,gateway,warehouse_a,27.5,57.1,52.78,-48,9000,False,12,2026-05-25,Monday,Excellent,Normal,Normal
2026-05-25 12:33:03.718141,device_006,sensor,factory_floor_2,1.8,27.6,46.3,-62,9000,False,12,2026-05-25,Monday,Good,Normal,Normal
2026-05-25 12:33:03.718141,device_007,sensor,warehouse_a,4.6,36.6,41.72,-70,9000,False,12,2026-05-25,Monday,Good,Normal,Normal
2026-05-25 12:33:03.718141,device_008,gateway,loading_bay,35.9,53.0,46.43,-62,9000,False,12,2026-05-25,Monday,Good,Normal,Normal
2026-05-25 12:33:03.718141,device_009,sensor,office_block,1.0,36.1,42.09,-67,9000,False,12,2026-05-25,Monday,Good,Normal,Normal
2026-05-25 12:33:03.718141,device_010,camera,warehouse_a,73.0,74.2,61.36,-56,9000,False,12,2026-05-25,Monday,Excellent,Normal,High
2026-05-25 12:33:03.718141,device_011,camera,factory_floor_1,67.9,64.4,59.69,-52,9000,False,12,2026-05-25,Monday,Excellent,Normal,Normal
2026-05-25 12:33:03.718141,device_012,camera,server_room,66.4,75.2,56.52,-65,9000,False,12,2026-05-25,Monday,Good,Normal,Normal
2026-05-25 12:33:03.718141,device_013,sensor,factory_floor_2,7.2,33.1,45.59,-61,9000,False,12,2026-05-25,Monday,Good,Normal,Normal
2026-05-25 12:33:03.718141,device_014,controller,server_room,19.3,44.8,48.63,-63,9000,False,12,2026-05-25,Monday,Good,Normal,Normal
2026-05-25 12:33:03.718141,device_015,sensor,loading_bay,5.8,31.3,43.18,-66,9000,False,12,2026-05-25,Monday,Good,Normal,Normal
2026-05-25 12:34:03.718141,device_001,gateway,warehouse_a,22.0,57.9,55.73,-51,8940,False,12,2026-05-25,Monday,Excellent,Normal,Normal
2026-05-25 12:34:03.718141,device_002,camera,factory_floor_2,65.3,68.9,66.0,-63,8940,False,12,2026-05-25,Monday,Good,Normal,Normal
2026-05-25 12:34:03.718141,device_003,sensor,warehouse_b,14.6,30.9,42.53,-55,8940,False,12,2026-05-25,Monday,Excellent,Normal,Normal
2026-05-25 12:34:03.718141,device_004,camera,warehouse_b,74.2,69.5,63.97,-51,8940,False,12,2026-05-25,Monday,Excellent,Normal,High
2026-05-25 12:34:03.718141,device_005,gateway,warehouse_a,31.6,58.3,50.79,-58,8940,False,12,2026-05-25,Monday,Excellent,Normal,Normal
2026-05-25 12:34:03.718141,device_006,sensor,factory_floor_2,1.0,38.9,38.94,-58,8940,False,12,2026-05-25,Monday,Excellent,Normal,Normal
2026-05-25 12:34:03.718141,device_007,sensor,warehouse_a,6.8,29.6,42.62,-58,8940,False,12,2026-05-25,Monday,Excellent,Normal,Normal
2026-05-25 12:34:03.718141,device_008,gateway,loading_bay,37.2,54.2,55.57,-52,8940,False,12,2026-05-25,Monday,Excellent,Normal,Normal
2026-05-25 12:34:03.718141,device_009,sensor,office_block,6.0,42.9,45.09,-61,8940,False,12,2026-05-25,Monday,Good,Normal,Normal
2026-05-25 12:34:03.718141,device_010,camera,warehouse_a,69.8,66.3,67.52,-66,8940,False,12,2026-05-25,Monday,Good,Normal,Normal
2026-05-25 12:34:03.718141,device_011,camera,factory_floor_1,60.9,71.8,57.43,-62,8940,False,12,2026-05-25,Monday,Good,Normal,Normal
2026-05-25 12:34:03.718141,device_012,camera,server_room,65.9,73.2,60.54,-55,8940,False,12,2026-05-25,Monday,Excellent,Normal,Normal
2026-05-25 12:34:03.718141,device_013,sensor,factory_floor_2,14.2,32.6,37.42,-70,8940,False,12,2026-05-25,Monday,Good,Normal,Normal
2026-05-25 12:34:03.718141,device_014,controller,server_room,22.1,41.8,46.6,-58,8940,False,12,2026-05-25,Monday,Excellent,Normal,Normal
2026-05-25 12:34:03.718141,device_015,sensor,loading_bay,13.1,33.8,38.13,-57,8940,False,12,2026-05-25,Monday,Excellent,Normal,Normal
2026-05-25 12:35:03.718141,device_001,gateway,warehouse_a,29.6,58.1,50.28,-52,8880,False,12,2026-05-25,Monday,Excellent,Normal,Normal
2026-05-25 12:35:03.718141,device_002,camera,factory_floor_2,62.2,69.5,65.23,-65,8880,False,12,2026-05-25,Monday,Good,Normal,Normal
2026-05-25 12:35:03.718141,device_003,sensor,warehouse_b,11.4,32.5,44.24,-63,8880,False,12,2026-05-25,Monday,Good,Normal,Normal
2026-05-25 12:35:03.718141,device_004,camera,warehouse_b,54.7,70.3,62.08,-57,8880,False,12,2026-05-25,Monday,Excellent,Normal,Normal
2026-05-25 12:35:03.718141,device_005,gateway,warehouse_a,30.8,53.3,51.32,-61,8880,False,12,2026-05-25,Monday,Good,Normal,Normal
2026-05-25 12:35:03.718141,device_006,sensor,factory_floor_2,18.0,37.9,37.58,-67,8880,False,12,2026-05-25,Monday,Good,Normal,Normal
2026-05-25 12:35:03.718141,device_007,sensor,warehouse_a,5.1,33.7,40.99,-70,8880,False,12,2026-05-25,Monday,Good,Normal,Normal
2026-05-25 12:35:03.718141,device_008,gateway,loading_bay,24.0,60.6,53.71,-62,8880,False,12,2026-05-25,Monday,Good,Normal,Normal
2026-05-25 12:35:03.718141,device_009,sensor,office_block,10.4,31.1,42.31,-57,8880,False,12,2026-05-25,Monday,Excellent,Normal,Normal
2026-05-25 12:35:03.718141,device_010,camera,warehouse_a,67.6,68.5,67.47,-53,8880,False,12,2026-05-25,Monday,Excellent,Normal,Normal
2026-05-25 12:35:03.718141,device_011,camera,factory_floor_1,63.1,68.0,59.32,-51,8880,False,12,2026-05-25,Monday,Excellent,Normal,Normal
2026-05-25 12:35:03.718141,device_012,camera,server_room,51.3,66.6,62.22,-56,8880,False,12,2026-05-25,Monday,Excellent,Normal,Normal
2026-05-25 12:35:03.718141,device_013,sensor,factory_floor_2,1.0,30.7,44.26,-58,8880,False,12,2026-05-25,Monday,Excellent,Normal,Normal
2026-05-25 12:35:03.718141,device_014,controller,server_room,16.3,39.4,52.4,-65,8880,False,12,2026-05-25,Monday,Good,Normal,Normal
2026-05-25 12:35:03.718141,device_015,sensor,loading_bay,1.0,39.6,42.81,-67,8880,False,12,2026-05-25,Monday,Good,Normal,Normal
2026-05-25 12:36:03.718141,device_001,gateway,warehouse_a,20.1,57.3,53.22,-57,8820,False,12,2026-05-25,Monday,Excellent,Normal,Normal
2026-05-25 12:36:03.718141,device_002,camera,factory_floor_2,54.7,73.5,63.4,-50,8820,False,12,2026-05-25,Monday,Excellent,Normal,Normal
2026-05-25 12:36:03.718141,device_003,sensor,warehouse_b,6.4,39.5,45.76,-60,8820,False,12,2026-05-25,Monday,Excellent,Normal,Normal
2026-05-25 12:36:03.718141,device_004,camera,warehouse_b,65.5,66.1,59.65,-57,8820,False,12,2026-05-25,Monday,Excellent,Normal,Normal
2026-05-25 12:36:03.718141,device_005,gateway,warehouse_a,27.8,53.7,53.71,-50,8820,False,12,2026-05-25,Monday,Excellent,Normal,Normal
2026-05-25 12:36:03.718141,device_006,sensor,factory_floor_2,1.0,35.8,45.81,-68,8820,False,12,2026-05-25,Monday,Good,Normal,Normal
2026-05-25 12:36:03.718141,device_007,sensor,warehouse_a,6.1,41.1,44.57,-64,8820,False,12,2026-05-25,Monday,Good,Normal,Normal
2026-05-25 12:36:03.718141,device_008,gateway,loading_bay,14.0,49.3,53.3,-62,8820,False,12,2026-05-25,Monday,Good,Normal,Normal
2026-05-25 12:36:03.718141,device_009,sensor,office_block,10.5,37.5,42.38,-58,8820,False,12,2026-05-25,Monday,Excellent,Normal,Normal
2026-05-25 12:36:03.718141,device_010,camera,warehouse_a,62.5,68.2,55.38,-64,8820,False,12,2026-05-25,Monday,Good,Normal,Normal
2026-05-25 12:36:03.718141,device_011,camera,factory_floor_1,67.0,65.3,64.05,-63,8820,False,12,2026-05-25,Monday,Good,Normal,Normal
2026-05-25 12:36:03.718141,device_012,camera,server_room,70.1,71.4,59.06,-58,8820,False,12,2026-05-25,Monday,Excellent,Normal,High
2026-05-25 12:36:03.718141,device_013,sensor,factory_floor_2,5.5,38.6,42.55,-54,8820,False,12,2026-05-25,Monday,Excellent,Normal,Normal
2026-05-25 12:36:03.718141,device_014,controller,server_room,11.9,45.7,45.96,-62,8820,False,12,2026-05-25,Monday,Good,Normal,Normal
2026-05-25 12:36:03.718141,device_015,sensor,loading_bay,20.0,43.2,39.41,-68,8820,False,12,2026-05-25,Monday,Good,Normal,Normal
2026-05-25 12:37:03.718141,device_001,gateway,warehouse_a,38.0,53.8,51.71,-54,8760,False,12,2026-05-25,Monday,Excellent,Normal,Normal
2026-05-25 12:37:03.718141,device_002,camera,factory_floor_2,61.5,64.4,60.8,-57,8760,False,12,2026-05-25,Monday,Excellent,Normal,Normal
2026-05-25 12:37:03.718141,device_003,sensor,warehouse_b,7.6,32.6,46.49,-60,8760,False,12,2026-05-25,Monday,Excellent,Normal,Normal
2026-05-25 12:37:03.718141,device_004,camera,warehouse_b,63.8,71.5,55.9,-54,8760,False,12,2026-05-25,Monday,Excellent,Normal,Normal
2026-05-25 12:37:03.718141,device_005,gateway,warehouse_a,29.3,54.1,52.19,-47,8760,False,12,2026-05-25,Monday,Excellent,Normal,Normal
2026-05-25 12:37:03.718141,device_006,sensor,factory_floor_2,6.5,34.9,43.51,-65,8760,False,12,2026-05-25,Monday,Good,Normal,Normal
2026-05-25 12:37:03.718141,device_007,sensor,warehouse_a,9.6,39.5,42.64,-54,8760,False,12,2026-05-25,Monday,Excellent,Normal,Normal
2026-05-25 12:37:03.718141,device_008,gateway,loading_bay,31.4,61.1,52.58,-48,8760,False,12,2026-05-25,Monday,Excellent,Normal,Normal
2026-05-25 12:37:03.718141,device_009,sensor,office_block,10.1,37.4,45.91,-56,8760,False,12,2026-05-25,Monday,Excellent,Normal,Normal
2026-05-25 12:37:03.718141,device_010,camera,warehouse_a,55.8,70.5,64.91,-53,8760,False,12,2026-05-25,Monday,Excellent,Normal,Normal
2026-05-25 12:37:03.718141,device_011,camera,factory_floor_1,64.7,68.6,61.84,-65,8760,False,12,2026-05-25,Monday,Good,Normal,Normal
2026-05-25 12:37:03.718141,device_012,camera,server_room,66.1,75.1,59.22,-55,8760,False,12,2026-05-25,Monday,Excellent,Normal,Normal
2026-05-25 12:37:03.718141,device_013,sensor,factory_floor_2,7.4,31.3,40.85,-63,8760,False,12,2026-05-25,Monday,Good,Normal,Normal
2026-05-25 12:37:03.718141,device_014,controller,server_room,19.3,46.6,48.56,-59,8760,False,12,2026-05-25,Monday,Excellent,Normal,Normal
2026-05-25 12:37:03.718141,device_015,sensor,loading_bay,2.9,37.5,37.2,-57,8760,False,12,2026-05-25,Monday,Excellent,Normal,Normal
2026-05-25 12:38:03.718141,device_001,gateway,warehouse_a,35.4,61.4,48.92,-61,8700,False,12,2026-05-25,Monday,Good,Normal,Normal
2026-05-25 12:38:03.718141,device_002,camera,factory_floor_2,66.4,68.4,60.98,-53,8700,False,12,2026-05-25,Monday,Excellent,Normal,Normal
2026-05-25 12:38:03.718141,device_003,sensor,warehouse_b,1.1,31.9,44.96,-61,8700,False,12,2026-05-25,Monday,Good,Normal,Normal
2026-05-25 12:38:03.718141,device_004,camera,warehouse_b,61.1,62.5,63.98,-58,8700,False,12,2026-05-25,Monday,Excellent,Normal,Normal
2026-05-25 12:38:03.718141,device_005,gateway,warehouse_a,20.4,56.2,51.95,-56,8700,False,12,2026-05-25,Monday,Excellent,Normal,Normal
2026-05-25 12:38:03.718141,device_006,sensor,factory_floor_2,10.4,45.1,41.09,-67,8700,False,12,2026-05-25,Monday,Good,Normal,Normal
2026-05-25 12:38:03.718141,device_007,sensor,warehouse_a,6.9,31.8,41.31,-70,8700,False,12,2026-05-25,Monday,Good,Normal,Normal
2026-05-25 12:38:03.718141,device_008,gateway,loading_bay,28.6,59.8,53.84,-54,8700,False,12,2026-05-25,Monday,Excellent,Normal,Normal
2026-05-25 12:38:03.718141,device_009,sensor,office_block,1.0,36.8,41.26,-57,8700,False,12,2026-05-25,Monday,Excellent,Normal,Normal
2026-05-25 12:38:03.718141,device_010,camera,warehouse_a,67.9,72.2,61.02,-65,8700,False,12,2026-05-25,Monday,Good,Normal,Normal
2026-05-25 12:38:03.718141,device_011,camera,factory_floor_1,61.0,74.0,65.67,-58,8700,False,12,2026-05-25,Monday,Excellent,Normal,Normal
2026-05-25 12:38:03.718141,device_012,camera,server_room,58.3,65.8,57.77,-58,8700,False,12,2026-05-25,Monday,Excellent,Normal,Normal
2026-05-25 12:38:03.718141,device_013,sensor,factory_floor_2,11.4,33.7,38.15,-62,8700,False,12,2026-05-25,Monday,Good,Normal,Normal
2026-05-25 12:38:03.718141,device_014,controller,server_room,20.3,46.0,47.8,-63,8700,False,12,2026-05-25,Monday,Good,Normal,Normal
2026-05-25 12:38:03.718141,device_015,sensor,loading_bay,2.7,32.5,43.78,-69,8700,False,12,2026-05-25,Monday,Good,Normal,Normal
2026-05-25 12:39:03.718141,device_001,gateway,warehouse_a,26.4,55.4,52.71,-48,8640,False,12,2026-05-25,Monday,Excellent,Normal,Normal
2026-05-25 12:39:03.718141,device_002,camera,factory_floor_2,65.1,68.8,58.75,-65,8640,False,12,2026-05-25,Monday,Good,Normal,Normal
2026-05-25 12:39:03.718141,device_003,sensor,warehouse_b,8.0,33.1,37.87,-68,8640,False,12,2026-05-25,Monday,Good,Normal,Normal
2026-05-25 12:39:03.718141,device_004,camera,warehouse_b,66.9,74.6,57.17,-57,8640,False,12,2026-05-25,Monday,Excellent,Normal,Normal
2026-05-25 12:39:03.718141,device_005,gateway,warehouse_a,34.3,60.4,48.26,-50,8640,False,12,2026-05-25,Monday,Excellent,Normal,Normal
2026-05-25 12:39:03.718141,device_006,sensor,factory_floor_2,7.3,33.0,43.26,-68,8640,False,12,2026-05-25,Monday,Good,Normal,Normal
2026-05-25 12:39:03.718141,device_007,sensor,warehouse_a,12.6,31.7,43.22,-66,8640,False,12,2026-05-25,Monday,Good,Normal,Normal
2026-05-25 12:39:03.718141,device_008,gateway,loading_bay,22.2,55.8,47.62,-47,8640,False,12,2026-05-25,Monday,Excellent,Normal,Normal
2026-05-25 12:39:03.718141,device_009,sensor,office_block,10.9,34.5,43.95,-54,8640,False,12,2026-05-25,Monday,Excellent,Normal,Normal
2026-05-25 12:39:03.718141,device_010,camera,warehouse_a,59.2,74.6,58.95,-50,8640,False,12,2026-05-25,Monday,Excellent,Normal,Normal
2026-05-25 12:39:03.718141,device_011,camera,factory_floor_1,62.6,65.7,61.43,-64,8640,False,12,2026-05-25,Monday,Good,Normal,Normal
2026-05-25 12:39:03.718141,device_012,camera,server_room,66.7,74.2,59.63,-63,8640,False,12,2026-05-25,Monday,Good,Normal,Normal
2026-05-25 12:39:03.718141,device_013,sensor,factory_floor_2,11.9,34.5,40.51,-60,8640,False,12,2026-05-25,Monday,Excellent,Normal,Normal
2026-05-25 12:39:03.718141,device_014,controller,server_room,15.2,41.6,43.74,-56,8640,False,12,2026-05-25,Monday,Excellent,Normal,Normal
2026-05-25 12:39:03.718141,device_015,sensor,loading_bay,9.0,35.6,42.98,-63,8640,False,12,2026-05-25,Monday,Good,Normal,Normal
2026-05-25 12:40:03.718141,device_001,gateway,warehouse_a,26.5,55.3,54.8,-57,8580,False,12,2026-05-25,Monday,Excellent,Normal,Normal
2026-05-25 12:40:03.718141,device_002,camera,factory_floor_2,68.5,54.3,55.68,-61,8580,False,12,2026-05-25,Monday,Good,Normal,Normal
2026-05-25 12:40:03.718141,device_003,sensor,warehouse_b,9.4,34.2,37.73,-62,8580,False,12,2026-05-25,Monday,Good,Normal,Normal
2026-05-25 12:40:03.718141,device_004,camera,warehouse_b,63.5,71.6,65.76,-58,8580,False,12,2026-05-25,Monday,Excellent,Normal,Normal
2026-05-25 12:40:03.718141,device_005,gateway,warehouse_a,28.8,56.5,54.51,-62,8580,False,12,2026-05-25,Monday,Good,Normal,Normal
2026-05-25 12:40:03.718141,device_006,sensor,factory_floor_2,5.7,30.6,45.21,-59,8580,False,12,2026-05-25,Monday,Excellent,Normal,Normal
2026-05-25 12:40:03.718141,device_007,sensor,warehouse_a,9.6,35.8,37.36,-67,8580,False,12,2026-05-25,Monday,Good,Normal,Normal
2026-05-25 12:40:03.718141,device_008,gateway,loading_bay,29.0,48.7,57.03,-50,8580,False,12,2026-05-25,Monday,Excellent,Normal,Normal
2026-05-25 12:40:03.718141,device_009,sensor,office_block,5.0,36.3,44.47,-63,8580,False,12,2026-05-25,Monday,Good,Normal,Normal
2026-05-25 12:40:03.718141,device_010,camera,warehouse_a,65.9,67.6,58.13,-62,8580,False,12,2026-05-25,Monday,Good,Normal,Normal
2026-05-25 12:40:03.718141,device_011,camera,factory_floor_1,71.2,71.5,60.85,-55,8580,False,12,2026-05-25,Monday,Excellent,Normal,High
2026-05-25 12:40:03.718141,device_012,camera,server_room,64.4,73.7,57.45,-66,8580,False,12,2026-05-25,Monday,Good,Normal,Normal
2026-05-25 12:40:03.718141,device_013,sensor,factory_floor_2,10.5,30.9,48.92,-69,8580,False,12,2026-05-25,Monday,Good,Normal,Normal
2026-05-25 12:40:03.718141,device_014,controller,server_room,22.1,45.6,44.07,-67,8580,False,12,2026-05-25,Monday,Good,Normal,Normal
2026-05-25 12:40:03.718141,device_015,sensor,loading_bay,12.9,34.2,35.78,-63,8580,False,12,2026-05-25,Monday,Good,Normal,Normal
2026-05-25 12:41:03.718141,device_001,gateway,warehouse_a,25.2,56.5,49.89,-51,8520,False,12,2026-05-25,Monday,Excellent,Normal,Normal
2026-05-25 12:41:03.718141,device_002,camera,factory_floor_2,70.6,70.8,60.6,-55,8520,False,12,2026-05-25,Monday,Excellent,Normal,High
2026-05-25 12:41:03.718141,device_003,sensor,warehouse_b,8.6,30.6,42.01,-67,8520,False,12,2026-05-25,Monday,Good,Normal,Normal
2026-05-25 12:41:03.718141,device_004,camera,warehouse_b,70.5,71.6,61.89,-59,8520,False,12,2026-05-25,Monday,Excellent,Normal,High
2026-05-25 12:41:03.718141,device_005,gateway,warehouse_a,24.0,54.3,50.62,-51,8520,False,12,2026-05-25,Monday,Excellent,Normal,Normal
2026-05-25 12:41:03.718141,device_006,sensor,factory_floor_2,30.3,32.6,56.94,-58,8520,True,12,2026-05-25,Monday,Excellent,Normal,Normal
2026-05-25 12:41:03.718141,device_007,sensor,warehouse_a,10.6,30.9,40.04,-62,8520,False,12,2026-05-25,Monday,Good,Normal,Normal
2026-05-25 12:41:03.718141,device_008,gateway,loading_bay,23.9,53.6,50.63,-56,8520,False,12,2026-05-25,Monday,Excellent,Normal,Normal
2026-05-25 12:41:03.718141,device_009,sensor,office_block,18.8,39.1,45.16,-65,8520,False,12,2026-05-25,Monday,Good,Normal,Normal
2026-05-25 12:41:03.718141,device_010,camera,warehouse_a,70.8,65.1,58.0,-56,8520,False,12,2026-05-25,Monday,Excellent,Normal,High
2026-05-25 12:41:03.718141,device_011,camera,factory_floor_1,59.5,67.8,65.0,-53,8520,False,12,2026-05-25,Monday,Excellent,Normal,Normal
2026-05-25 12:41:03.718141,device_012,camera,server_room,58.7,69.0,59.71,-58,8520,False,12,2026-05-25,Monday,Excellent,Normal,Normal
2026-05-25 12:41:03.718141,device_013,sensor,factory_floor_2,9.3,31.7,42.75,-55,8520,False,12,2026-05-25,Monday,Excellent,Normal,Normal
2026-05-25 12:41:03.718141,device_014,controller,server_room,21.4,44.4,46.08,-55,8520,False,12,2026-05-25,Monday,Excellent,Normal,Normal
2026-05-25 12:41:03.718141,device_015,sensor,loading_bay,11.4,32.7,40.07,-60,8520,False,12,2026-05-25,Monday,Excellent,Normal,Normal
2026-05-25 12:42:03.718141,device_001,gateway,warehouse_a,31.0,53.5,49.43,-60,8460,False,12,2026-05-25,Monday,Excellent,Normal,Normal
2026-05-25 12:42:03.718141,device_002,camera,factory_floor_2,67.8,72.4,67.16,-58,8460,False,12,2026-05-25,Monday,Excellent,Normal,Normal
2026-05-25 12:42:03.718141,device_003,sensor,warehouse_b,10.4,30.7,43.59,-59,8460,False,12,2026-05-25,Monday,Excellent,Normal,Normal
2026-05-25 12:42:03.718141,device_004,camera,warehouse_b,65.6,71.3,60.91,-56,8460,False,12,2026-05-25,Monday,Excellent,Normal,Normal
2026-05-25 12:42:03.718141,device_005,gateway,warehouse_a,28.6,53.8,53.14,-63,8460,False,12,2026-05-25,Monday,Good,Normal,Normal
2026-05-25 12:42:03.718141,device_006,sensor,factory_floor_2,8.3,33.7,38.32,-65,8460,False,12,2026-05-25,Monday,Good,Normal,Normal
2026-05-25 12:42:03.718141,device_007,sensor,warehouse_a,15.0,34.9,42.96,-66,8460,False,12,2026-05-25,Monday,Good,Normal,Normal
2026-05-25 12:42:03.718141,device_008,gateway,loading_bay,67.5,50.6,67.92,-57,8460,True,12,2026-05-25,Monday,Excellent,Normal,Normal
2026-05-25 12:42:03.718141,device_009,sensor,office_block,16.6,34.0,42.14,-60,8460,False,12,2026-05-25,Monday,Excellent,Normal,Normal
2026-05-25 12:42:03.718141,device_010,camera,warehouse_a,59.0,72.2,62.34,-63,8460,False,12,2026-05-25,Monday,Good,Normal,Normal
2026-05-25 12:42:03.718141,device_011,camera,factory_floor_1,59.5,68.7,60.58,-50,8460,False,12,2026-05-25,Monday,Excellent,Normal,Normal
2026-05-25 12:42:03.718141,device_012,camera,server_room,66.3,75.0,57.64,-62,8460,False,12,2026-05-25,Monday,Good,Normal,Normal
2026-05-25 12:42:03.718141,device_013,sensor,factory_floor_2,12.6,34.1,40.91,-57,8460,False,12,2026-05-25,Monday,Excellent,Normal,Normal
2026-05-25 12:42:03.718141,device_014,controller,server_room,17.3,43.2,45.67,-58,8460,False,12,2026-05-25,Monday,Excellent,Normal,Normal
2026-05-25 12:42:03.718141,device_015,sensor,loading_bay,6.6,38.8,46.84,-66,8460,False,12,2026-05-25,Monday,Good,Normal,Normal
2026-05-25 12:43:03.718141,device_001,gateway,warehouse_a,32.7,50.5,53.11,-53,8400,False,12,2026-05-25,Monday,Excellent,Normal,Normal
2026-05-25 12:43:03.718141,device_002,camera,factory_floor_2,64.8,65.0,63.91,-60,8400,False,12,2026-05-25,Monday,Excellent,Normal,Normal
2026-05-25 12:43:03.718141,device_003,sensor,warehouse_b,11.2,39.2,48.97,-59,8400,False,12,2026-05-25,Monday,Excellent,Normal,Normal
2026-05-25 12:43:03.718141,device_004,camera,warehouse_b,72.1,73.9,61.66,-54,8400,False,12,2026-05-25,Monday,Excellent,Normal,High
2026-05-25 12:43:03.718141,device_005,gateway,warehouse_a,24.4,57.6,54.39,-56,8400,False,12,2026-05-25,Monday,Excellent,Normal,Normal
2026-05-25 12:43:03.718141,device_006,sensor,factory_floor_2,9.4,32.8,45.95,-70,8400,False,12,2026-05-25,Monday,Good,Normal,Normal
2026-05-25 12:43:03.718141,device_007,sensor,warehouse_a,7.1,30.9,42.29,-63,8400,False,12,2026-05-25,Monday,Good,Normal,Normal
2026-05-25 12:43:03.718141,device_008,gateway,loading_bay,29.1,59.2,46.84,-49,8400,False,12,2026-05-25,Monday,Excellent,Normal,Normal
2026-05-25 12:43:03.718141,device_009,sensor,office_block,8.2,31.7,40.44,-65,8400,False,12,2026-05-25,Monday,Good,Normal,Normal
2026-05-25 12:43:03.718141,device_010,camera,warehouse_a,63.8,72.2,63.06,-53,8400,False,12,2026-05-25,Monday,Excellent,Normal,Normal
2026-05-25 12:43:03.718141,device_011,camera,factory_floor_1,61.5,72.6,58.46,-62,8400,False,12,2026-05-25,Monday,Good,Normal,Normal
2026-05-25 12:43:03.718141,device_012,camera,server_room,61.4,70.5,61.18,-55,8400,False,12,2026-05-25,Monday,Excellent,Normal,Normal
2026-05-25 12:43:03.718141,device_013,sensor,factory_floor_2,9.6,29.9,44.57,-67,8400,False,12,2026-05-25,Monday,Good,Normal,Normal
2026-05-25 12:43:03.718141,device_014,controller,server_room,38.4,52.2,66.3,-52,8400,True,12,2026-05-25,Monday,Excellent,Normal,Normal
2026-05-25 12:43:03.718141,device_015,sensor,loading_bay,18.1,34.2,47.49,-56,8400,False,12,2026-05-25,Monday,Excellent,Normal,Normal
2026-05-25 12:44:03.718141,device_001,gateway,warehouse_a,19.1,52.5,44.97,-48,8340,False,12,2026-05-25,Monday,Excellent,Normal,Normal
2026-05-25 12:44:03.718141,device_002,camera,factory_floor_2,64.0,73.5,64.9,-60,8340,False,12,2026-05-25,Monday,Excellent,Normal,Normal
2026-05-25 12:44:03.718141,device_003,sensor,warehouse_b,9.1,31.2,39.33,-62,8340,False,12,2026-05-25,Monday,Good,Normal,Normal
2026-05-25 12:44:03.718141,device_004,camera,warehouse_b,66.3,71.6,63.09,-51,8340,False,12,2026-05-25,Monday,Excellent,Normal,Normal
2026-05-25 12:44:03.718141,device_005,gateway,warehouse_a,22.8,56.7,53.95,-50,8340,False,12,2026-05-25,Monday,Excellent,Normal,Normal
2026-05-25 12:44:03.718141,device_006,sensor,factory_floor_2,2.6,37.8,39.65,-64,8340,False,12,2026-05-25,Monday,Good,Normal,Normal
2026-05-25 12:44:03.718141,device_007,sensor,warehouse_a,6.8,37.0,46.77,-61,8340,False,12,2026-05-25,Monday,Good,Normal,Normal
2026-05-25 12:44:03.718141,device_008,gateway,loading_bay,25.6,55.3,51.97,-57,8340,False,12,2026-05-25,Monday,Excellent,Normal,Normal
2026-05-25 12:44:03.718141,device_009,sensor,office_block,4.4,37.8,39.26,-57,8340,False,12,2026-05-25,Monday,Excellent,Normal,Normal
2026-05-25 12:44:03.718141,device_010,camera,warehouse_a,69.2,76.1,62.81,-66,8340,False,12,2026-05-25,Monday,Good,Normal,Normal
2026-05-25 12:44:03.718141,device_011,camera,factory_floor_1,62.3,66.4,66.02,-58,8340,False,12,2026-05-25,Monday,Excellent,Normal,Normal
2026-05-25 12:44:03.718141,device_012,camera,server_room,59.9,68.2,55.72,-52,8340,False,12,2026-05-25,Monday,Excellent,Normal,Normal
2026-05-25 12:44:03.718141,device_013,sensor,factory_floor_2,5.5,36.0,43.58,-59,8340,False,12,2026-05-25,Monday,Excellent,Normal,Normal
2026-05-25 12:44:03.718141,device_014,controller,server_room,12.0,43.5,46.82,-54,8340,False,12,2026-05-25,Monday,Excellent,Normal,Normal
2026-05-25 12:44:03.718141,device_015,sensor,loading_bay,1.0,31.9,39.06,-55,8340,False,12,2026-05-25,Monday,Excellent,Normal,Normal
2026-05-25 12:45:03.718141,device_001,gateway,warehouse_a,35.2,57.6,52.57,-53,8280,False,12,2026-05-25,Monday,Excellent,Normal,Normal
2026-05-25 12:45:03.718141,device_002,camera,factory_floor_2,57.5,75.2,64.58,-54,8280,False,12,2026-05-25,Monday,Excellent,Normal,Normal
2026-05-25 12:45:03.718141,device_003,sensor,warehouse_b,1.0,37.0,39.88,-58,8280,False,12,2026-05-25,Monday,Excellent,Normal,Normal
2026-05-25 12:45:03.718141,device_004,camera,warehouse_b,68.2,68.8,58.96,-58,8280,False,12,2026-05-25,Monday,Excellent,Normal,Normal
2026-05-25 12:45:03.718141,device_005,gateway,warehouse_a,25.0,59.8,52.33,-62,8280,False,12,2026-05-25,Monday,Good,Normal,Normal
2026-05-25 12:45:03.718141,device_006,sensor,factory_floor_2,4.1,31.9,45.0,-63,8280,False,12,2026-05-25,Monday,Good,Normal,Normal
2026-05-25 12:45:03.718141,device_007,sensor,warehouse_a,3.8,38.7,44.46,-59,8280,False,12,2026-05-25,Monday,Excellent,Normal,Normal
2026-05-25 12:45:03.718141,device_008,gateway,loading_bay,32.3,53.1,48.05,-62,8280,False,12,2026-05-25,Monday,Good,Normal,Normal
2026-05-25 12:45:03.718141,device_009,sensor,office_block,42.1,30.7,62.12,-54,8280,True,12,2026-05-25,Monday,Excellent,Normal,Normal
2026-05-25 12:45:03.718141,device_010,camera,warehouse_a,67.3,77.2,58.86,-57,8280,False,12,2026-05-25,Monday,Excellent,Normal,Normal
2026-05-25 12:45:03.718141,device_011,camera,factory_floor_1,72.7,75.4,62.81,-55,8280,False,12,2026-05-25,Monday,Excellent,Normal,High
2026-05-25 12:45:03.718141,device_012,camera,server_room,65.3,75.9,63.3,-65,8280,False,12,2026-05-25,Monday,Good,Normal,Normal
2026-05-25 12:45:03.718141,device_013,sensor,factory_floor_2,9.2,28.2,41.23,-62,8280,False,12,2026-05-25,Monday,Good,Normal,Normal
2026-05-25 12:45:03.718141,device_014,controller,server_room,17.6,48.8,50.47,-53,8280,False,12,2026-05-25,Monday,Excellent,Normal,Normal
2026-05-25 12:45:03.718141,device_015,sensor,loading_bay,10.5,27.1,40.38,-56,8280,False,12,2026-05-25,Monday,Excellent,Normal,Normal
2026-05-25 12:46:03.718141,device_001,gateway,warehouse_a,25.5,53.7,51.09,-53,8220,False,12,2026-05-25,Monday,Excellent,Normal,Normal
2026-05-25 12:46:03.718141,device_002,camera,factory_floor_2,68.1,70.5,66.96,-53,8220,False,12,2026-05-25,Monday,Excellent,Normal,Normal
2026-05-25 12:46:03.718141,device_003,sensor,warehouse_b,6.9,35.5,41.22,-67,8220,False,12,2026-05-25,Monday,Good,Normal,Normal
2026-05-25 12:46:03.718141,device_004,camera,warehouse_b,60.9,71.8,61.36,-62,8220,False,12,2026-05-25,Monday,Good,Normal,Normal
2026-05-25 12:46:03.718141,device_005,gateway,warehouse_a,29.0,56.7,53.37,-55,8220,False,12,2026-05-25,Monday,Excellent,Normal,Normal
2026-05-25 12:46:03.718141,device_006,sensor,factory_floor_2,1.0,32.3,43.91,-57,8220,False,12,2026-05-25,Monday,Excellent,Normal,Normal
2026-05-25 12:46:03.718141,device_007,sensor,warehouse_a,2.5,36.7,38.69,-62,8220,False,12,2026-05-25,Monday,Good,Normal,Normal
2026-05-25 12:46:03.718141,device_008,gateway,loading_bay,26.9,56.9,46.95,-55,8220,False,12,2026-05-25,Monday,Excellent,Normal,Normal
2026-05-25 12:46:03.718141,device_009,sensor,office_block,1.0,36.0,42.42,-57,8220,False,12,2026-05-25,Monday,Excellent,Normal,Normal
2026-05-25 12:46:03.718141,device_010,camera,warehouse_a,69.4,64.5,66.35,-56,8220,False,12,2026-05-25,Monday,Excellent,Normal,Normal
2026-05-25 12:46:03.718141,device_011,camera,factory_floor_1,64.7,71.7,60.17,-51,8220,False,12,2026-05-25,Monday,Excellent,Normal,Normal
2026-05-25 12:46:03.718141,device_012,camera,server_room,66.1,68.2,59.94,-62,8220,False,12,2026-05-25,Monday,Good,Normal,Normal
2026-05-25 12:46:03.718141,device_013,sensor,factory_floor_2,2.4,36.8,44.96,-56,8220,False,12,2026-05-25,Monday,Excellent,Normal,Normal
2026-05-25 12:46:03.718141,device_014,controller,server_room,22.6,42.4,47.07,-64,8220,False,12,2026-05-25,Monday,Good,Normal,Normal
2026-05-25 12:46:03.718141,device_015,sensor,loading_bay,2.6,30.8,43.08,-65,8220,False,12,2026-05-25,Monday,Good,Normal,Normal
2026-05-25 12:47:03.718141,device_001,gateway,warehouse_a,37.2,56.1,48.08,-55,8160,False,12,2026-05-25,Monday,Excellent,Normal,Normal
2026-05-25 12:47:03.718141,device_002,camera,factory_floor_2,72.8,70.7,62.8,-52,8160,False,12,2026-05-25,Monday,Excellent,Normal,High
2026-05-25 12:47:03.718141,device_003,sensor,warehouse_b,3.2,38.1,37.85,-55,8160,False,12,2026-05-25,Monday,Excellent,Normal,Normal
2026-05-25 12:47:03.718141,device_004,camera,warehouse_b,72.5,65.4,59.68,-55,8160,False,12,2026-05-25,Monday,Excellent,Normal,High
2026-05-25 12:47:03.718141,device_005,gateway,warehouse_a,15.7,54.5,49.06,-48,8160,False,12,2026-05-25,Monday,Excellent,Normal,Normal
2026-05-25 12:47:03.718141,device_006,sensor,factory_floor_2,16.0,36.2,44.02,-67,8160,False,12,2026-05-25,Monday,Good,Normal,Normal
2026-05-25 12:47:03.718141,device_007,sensor,warehouse_a,6.0,40.6,40.25,-66,8160,False,12,2026-05-25,Monday,Good,Normal,Normal
2026-05-25 12:47:03.718141,device_008,gateway,loading_bay,29.0,52.3,45.69,-61,8160,False,12,2026-05-25,Monday,Good,Normal,Normal
2026-05-25 12:47:03.718141,device_009,sensor,office_block,3.7,37.3,40.36,-61,8160,False,12,2026-05-25,Monday,Good,Normal,Normal
2026-05-25 12:47:03.718141,device_010,camera,warehouse_a,64.5,75.3,60.77,-61,8160,False,12,2026-05-25,Monday,Good,Normal,Normal
2026-05-25 12:47:03.718141,device_011,camera,factory_floor_1,61.5,67.3,66.59,-58,8160,False,12,2026-05-25,Monday,Excellent,Normal,Normal
2026-05-25 12:47:03.718141,device_012,camera,server_room,65.4,70.5,60.16,-60,8160,False,12,2026-05-25,Monday,Excellent,Normal,Normal
2026-05-25 12:47:03.718141,device_013,sensor,factory_floor_2,10.2,32.0,43.3,-70,8160,False,12,2026-05-25,Monday,Good,Normal,Normal
2026-05-25 12:47:03.718141,device_014,controller,server_room,12.4,43.1,55.51,-63,8160,False,12,2026-05-25,Monday,Good,Normal,Normal
2026-05-25 12:47:03.718141,device_015,sensor,loading_bay,11.5,33.9,37.18,-68,8160,False,12,2026-05-25,Monday,Good,Normal,Normal
2026-05-25 12:48:03.718141,device_001,gateway,warehouse_a,27.4,44.1,53.42,-48,8100,False,12,2026-05-25,Monday,Excellent,Normal,Normal
2026-05-25 12:48:03.718141,device_002,camera,factory_floor_2,65.8,71.3,57.55,-56,8100,False,12,2026-05-25,Monday,Excellent,Normal,Normal
2026-05-25 12:48:03.718141,device_003,sensor,warehouse_b,2.8,33.9,39.43,-67,8100,False,12,2026-05-25,Monday,Good,Normal,Normal
2026-05-25 12:48:03.718141,device_004,camera,warehouse_b,59.7,65.2,59.57,-63,8100,False,12,2026-05-25,Monday,Good,Normal,Normal
2026-05-25 12:48:03.718141,device_005,gateway,warehouse_a,18.8,49.8,55.05,-59,8100,False,12,2026-05-25,Monday,Excellent,Normal,Normal
2026-05-25 12:48:03.718141,device_006,sensor,factory_floor_2,7.1,32.5,44.26,-56,8100,False,12,2026-05-25,Monday,Excellent,Normal,Normal
2026-05-25 12:48:03.718141,device_007,sensor,warehouse_a,3.9,39.5,42.68,-55,8100,False,12,2026-05-25,Monday,Excellent,Normal,Normal
2026-05-25 12:48:03.718141,device_008,gateway,loading_bay,22.2,48.1,51.55,-55,8100,False,12,2026-05-25,Monday,Excellent,Normal,Normal
2026-05-25 12:48:03.718141,device_009,sensor,office_block,6.0,31.6,42.1,-70,8100,False,12,2026-05-25,Monday,Good,Normal,Normal
2026-05-25 12:48:03.718141,device_010,camera,warehouse_a,62.7,70.3,56.78,-65,8100,False,12,2026-05-25,Monday,Good,Normal,Normal
2026-05-25 12:48:03.718141,device_011,camera,factory_floor_1,70.3,67.5,57.71,-52,8100,False,12,2026-05-25,Monday,Excellent,Normal,High
2026-05-25 12:48:03.718141,device_012,camera,server_room,67.5,64.0,64.64,-62,8100,False,12,2026-05-25,Monday,Good,Normal,Normal
2026-05-25 12:48:03.718141,device_013,sensor,factory_floor_2,7.2,34.6,42.85,-69,8100,False,12,2026-05-25,Monday,Good,Normal,Normal
2026-05-25 12:48:03.718141,device_014,controller,server_room,5.6,51.1,49.5,-59,8100,False,12,2026-05-25,Monday,Excellent,Normal,Normal
2026-05-25 12:48:03.718141,device_015,sensor,loading_bay,8.6,32.9,38.91,-69,8100,False,12,2026-05-25,Monday,Good,Normal,Normal
2026-05-25 12:49:03.718141,device_001,gateway,warehouse_a,36.8,57.6,54.73,-51,8040,False,12,2026-05-25,Monday,Excellent,Normal,Normal
2026-05-25 12:49:03.718141,device_002,camera,factory_floor_2,66.8,69.2,59.02,-58,8040,False,12,2026-05-25,Monday,Excellent,Normal,Normal
2026-05-25 12:49:03.718141,device_003,sensor,warehouse_b,7.6,41.0,43.65,-58,8040,False,12,2026-05-25,Monday,Excellent,Normal,Normal
2026-05-25 12:49:03.718141,device_004,camera,warehouse_b,70.6,70.9,56.74,-60,8040,False,12,2026-05-25,Monday,Excellent,Normal,High
2026-05-25 12:49:03.718141,device_005,gateway,warehouse_a,31.7,52.5,53.86,-51,8040,False,12,2026-05-25,Monday,Excellent,Normal,Normal
2026-05-25 12:49:03.718141,device_006,sensor,factory_floor_2,22.6,30.7,38.17,-66,8040,False,12,2026-05-25,Monday,Good,Normal,Normal
2026-05-25 12:49:03.718141,device_007,sensor,warehouse_a,9.2,31.7,48.35,-55,8040,False,12,2026-05-25,Monday,Excellent,Normal,Normal
2026-05-25 12:49:03.718141,device_008,gateway,loading_bay,26.7,54.9,55.23,-54,8040,False,12,2026-05-25,Monday,Excellent,Normal,Normal
2026-05-25 12:49:03.718141,device_009,sensor,office_block,6.3,36.1,43.7,-66,8040,False,12,2026-05-25,Monday,Good,Normal,Normal
2026-05-25 12:49:03.718141,device_010,camera,warehouse_a,70.2,71.2,64.87,-63,8040,False,12,2026-05-25,Monday,Good,Normal,High
2026-05-25 12:49:03.718141,device_011,camera,factory_floor_1,66.5,72.0,61.64,-50,8040,False,12,2026-05-25,Monday,Excellent,Normal,Normal
2026-05-25 12:49:03.718141,device_012,camera,server_room,65.3,74.8,61.0,-52,8040,False,12,2026-05-25,Monday,Excellent,Normal,Normal
2026-05-25 12:49:03.718141,device_013,sensor,factory_floor_2,15.6,35.0,37.48,-55,8040,False,12,2026-05-25,Monday,Excellent,Normal,Normal
2026-05-25 12:49:03.718141,device_014,controller,server_room,14.6,46.6,47.07,-55,8040,False,12,2026-05-25,Monday,Excellent,Normal,Normal
2026-05-25 12:49:03.718141,device_015,sensor,loading_bay,11.3,27.3,41.66,-57,8040,False,12,2026-05-25,Monday,Excellent,Normal,Normal
2026-05-25 12:50:03.718141,device_001,gateway,warehouse_a,23.2,44.0,54.69,-58,7980,False,12,2026-05-25,Monday,Excellent,Normal,Normal
2026-05-25 12:50:03.718141,device_002,camera,factory_floor_2,70.9,75.3,62.56,-53,7980,False,12,2026-05-25,Monday,Excellent,Normal,High
2026-05-25 12:50:03.718141,device_003,sensor,warehouse_b,7.0,36.7,35.82,-54,7980,False,12,2026-05-25,Monday,Excellent,Normal,Normal
2026-05-25 12:50:03.718141,device_004,camera,warehouse_b,71.4,67.3,63.77,-52,7980,False,12,2026-05-25,Monday,Excellent,Normal,High
2026-05-25 12:50:03.718141,device_005,gateway,warehouse_a,28.4,51.7,50.4,-59,7980,False,12,2026-05-25,Monday,Excellent,Normal,Normal
2026-05-25 12:50:03.718141,device_006,sensor,factory_floor_2,12.8,31.4,38.41,-54,7980,False,12,2026-05-25,Monday,Excellent,Normal,Normal
2026-05-25 12:50:03.718141,device_007,sensor,warehouse_a,2.5,35.6,37.53,-54,7980,False,12,2026-05-25,Monday,Excellent,Normal,Normal
2026-05-25 12:50:03.718141,device_008,gateway,loading_bay,33.8,49.0,51.45,-49,7980,False,12,2026-05-25,Monday,Excellent,Normal,Normal
2026-05-25 12:50:03.718141,device_009,sensor,office_block,12.2,32.4,47.06,-55,7980,False,12,2026-05-25,Monday,Excellent,Normal,Normal
2026-05-25 12:50:03.718141,device_010,camera,warehouse_a,62.6,76.5,62.55,-62,7980,False,12,2026-05-25,Monday,Good,Normal,Normal
2026-05-25 12:50:03.718141,device_011,camera,factory_floor_1,62.4,72.5,57.0,-57,7980,False,12,2026-05-25,Monday,Excellent,Normal,Normal
2026-05-25 12:50:03.718141,device_012,camera,server_room,69.0,67.8,61.02,-50,7980,False,12,2026-05-25,Monday,Excellent,Normal,Normal
2026-05-25 12:50:03.718141,device_013,sensor,factory_floor_2,13.0,31.9,43.58,-69,7980,False,12,2026-05-25,Monday,Good,Normal,Normal
2026-05-25 12:50:03.718141,device_014,controller,server_room,18.2,47.7,43.94,-67,7980,False,12,2026-05-25,Monday,Good,Normal,Normal
2026-05-25 12:50:03.718141,device_015,sensor,loading_bay,6.7,34.9,40.69,-54,7980,False,12,2026-05-25,Monday,Excellent,Normal,Normal
2026-05-25 12:51:03.718141,device_001,gateway,warehouse_a,28.2,57.4,54.68,-60,7920,False,12,2026-05-25,Monday,Excellent,Normal,Normal
2026-05-25 12:51:03.718141,device_002,camera,factory_floor_2,64.2,71.6,63.29,-58,7920,False,12,2026-05-25,Monday,Excellent,Normal,Normal
2026-05-25 12:51:03.718141,device_003,sensor,warehouse_b,5.9,34.4,41.63,-68,7920,False,12,2026-05-25,Monday,Good,Normal,Normal
2026-05-25 12:51:03.718141,device_004,camera,warehouse_b,67.5,68.4,59.9,-66,7920,False,12,2026-05-25,Monday,Good,Normal,Normal
2026-05-25 12:51:03.718141,device_005,gateway,warehouse_a,37.8,52.0,54.82,-49,7920,False,12,2026-05-25,Monday,Excellent,Normal,Normal
2026-05-25 12:51:03.718141,device_006,sensor,factory_floor_2,10.9,36.6,42.36,-65,7920,False,12,2026-05-25,Monday,Good,Normal,Normal
2026-05-25 12:51:03.718141,device_007,sensor,warehouse_a,8.7,36.4,45.57,-69,7920,False,12,2026-05-25,Monday,Good,Normal,Normal
2026-05-25 12:51:03.718141,device_008,gateway,loading_bay,27.7,55.9,55.13,-54,7920,False,12,2026-05-25,Monday,Excellent,Normal,Normal
2026-05-25 12:51:03.718141,device_009,sensor,office_block,8.6,34.6,42.94,-56,7920,False,12,2026-05-25,Monday,Excellent,Normal,Normal
2026-05-25 12:51:03.718141,device_010,camera,warehouse_a,65.0,67.0,59.24,-52,7920,False,12,2026-05-25,Monday,Excellent,Normal,Normal
2026-05-25 12:51:03.718141,device_011,camera,factory_floor_1,60.0,66.5,56.82,-58,7920,False,12,2026-05-25,Monday,Excellent,Normal,Normal
2026-05-25 12:51:03.718141,device_012,camera,server_room,64.1,68.9,61.31,-61,7920,False,12,2026-05-25,Monday,Good,Normal,Normal
2026-05-25 12:51:03.718141,device_013,sensor,factory_floor_2,1.0,39.3,46.72,-68,7920,False,12,2026-05-25,Monday,Good,Normal,Normal
2026-05-25 12:51:03.718141,device_014,controller,server_room,20.2,41.1,53.72,-60,7920,False,12,2026-05-25,Monday,Excellent,Normal,Normal
2026-05-25 12:51:03.718141,device_015,sensor,loading_bay,17.4,36.0,39.1,-67,7920,False,12,2026-05-25,Monday,Good,Normal,Normal
2026-05-25 12:52:03.718141,device_001,gateway,warehouse_a,21.6,56.5,52.04,-63,7860,False,12,2026-05-25,Monday,Good,Normal,Normal
2026-05-25 12:52:03.718141,device_002,camera,factory_floor_2,94.2,70.4,83.14,-63,7860,True,12,2026-05-25,Monday,Good,Critical,Critical
2026-05-25 12:52:03.718141,device_003,sensor,warehouse_b,35.4,38.2,60.3,-55,7860,True,12,2026-05-25,Monday,Excellent,Normal,Normal
2026-05-25 12:52:03.718141,device_004,camera,warehouse_b,61.7,74.9,63.75,-54,7860,False,12,2026-05-25,Monday,Excellent,Normal,Normal
2026-05-25 12:52:03.718141,device_005,gateway,warehouse_a,19.7,63.2,55.4,-48,7860,False,12,2026-05-25,Monday,Excellent,Normal,Normal
2026-05-25 12:52:03.718141,device_006,sensor,factory_floor_2,9.3,39.1,43.8,-59,7860,False,12,2026-05-25,Monday,Excellent,Normal,Normal
2026-05-25 12:52:03.718141,device_007,sensor,warehouse_a,6.6,29.7,42.55,-58,7860,False,12,2026-05-25,Monday,Excellent,Normal,Normal
2026-05-25 12:52:03.718141,device_008,gateway,loading_bay,28.7,57.1,53.49,-61,7860,False,12,2026-05-25,Monday,Good,Normal,Normal
2026-05-25 12:52:03.718141,device_009,sensor,office_block,13.3,32.9,39.68,-70,7860,False,12,2026-05-25,Monday,Good,Normal,Normal
2026-05-25 12:52:03.718141,device_010,camera,warehouse_a,74.5,70.8,60.55,-66,7860,False,12,2026-05-25,Monday,Good,Normal,High
2026-05-25 12:52:03.718141,device_011,camera,factory_floor_1,64.7,76.5,58.53,-60,7860,False,12,2026-05-25,Monday,Excellent,Normal,Normal
2026-05-25 12:52:03.718141,device_012,camera,server_room,62.4,68.2,57.62,-60,7860,False,12,2026-05-25,Monday,Excellent,Normal,Normal
2026-05-25 12:52:03.718141,device_013,sensor,factory_floor_2,1.0,31.1,40.05,-66,7860,False,12,2026-05-25,Monday,Good,Normal,Normal
2026-05-25 12:52:03.718141,device_014,controller,server_room,21.1,48.6,45.98,-55,7860,False,12,2026-05-25,Monday,Excellent,Normal,Normal
2026-05-25 12:52:03.718141,device_015,sensor,loading_bay,15.0,34.1,44.34,-64,7860,False,12,2026-05-25,Monday,Good,Normal,Normal
2026-05-25 12:53:03.718141,device_001,gateway,warehouse_a,28.7,54.5,47.43,-49,7800,False,12,2026-05-25,Monday,Excellent,Normal,Normal
2026-05-25 12:53:03.718141,device_002,camera,factory_floor_2,60.7,80.3,63.08,-53,7800,False,12,2026-05-25,Monday,Excellent,Normal,Normal
2026-05-25 12:53:03.718141,device_003,sensor,warehouse_b,10.5,33.6,36.03,-65,7800,False,12,2026-05-25,Monday,Good,Normal,Normal
2026-05-25 12:53:03.718141,device_004,camera,warehouse_b,65.6,67.1,61.26,-52,7800,False,12,2026-05-25,Monday,Excellent,Normal,Normal
2026-05-25 12:53:03.718141,device_005,gateway,warehouse_a,29.2,51.2,48.27,-48,7800,False,12,2026-05-25,Monday,Excellent,Normal,Normal
2026-05-25 12:53:03.718141,device_006,sensor,factory_floor_2,41.2,37.2,58.95,-56,7800,True,12,2026-05-25,Monday,Excellent,Normal,Normal
2026-05-25 12:53:03.718141,device_007,sensor,warehouse_a,1.2,31.9,47.29,-64,7800,False,12,2026-05-25,Monday,Good,Normal,Normal
2026-05-25 12:53:03.718141,device_008,gateway,loading_bay,26.9,52.7,52.99,-51,7800,False,12,2026-05-25,Monday,Excellent,Normal,Normal
2026-05-25 12:53:03.718141,device_009,sensor,office_block,8.7,38.8,43.73,-70,7800,False,12,2026-05-25,Monday,Good,Normal,Normal
2026-05-25 12:53:03.718141,device_010,camera,warehouse_a,69.0,69.4,60.48,-53,7800,False,12,2026-05-25,Monday,Excellent,Normal,Normal
2026-05-25 12:53:03.718141,device_011,camera,factory_floor_1,76.7,66.3,63.85,-51,7800,False,12,2026-05-25,Monday,Excellent,Normal,High
2026-05-25 12:53:03.718141,device_012,camera,server_room,65.5,69.5,59.99,-57,7800,False,12,2026-05-25,Monday,Excellent,Normal,Normal
2026-05-25 12:53:03.718141,device_013,sensor,factory_floor_2,1.9,42.2,40.76,-58,7800,False,12,2026-05-25,Monday,Excellent,Normal,Normal
2026-05-25 12:53:03.718141,device_014,controller,server_room,20.9,49.9,40.53,-53,7800,False,12,2026-05-25,Monday,Excellent,Normal,Normal
2026-05-25 12:53:03.718141,device_015,sensor,loading_bay,13.4,37.9,40.92,-69,7800,False,12,2026-05-25,Monday,Good,Normal,Normal
2026-05-25 12:54:03.718141,device_001,gateway,warehouse_a,23.7,61.0,50.59,-50,7740,False,12,2026-05-25,Monday,Excellent,Normal,Normal
2026-05-25 12:54:03.718141,device_002,camera,factory_floor_2,63.6,69.7,55.39,-64,7740,False,12,2026-05-25,Monday,Good,Normal,Normal
2026-05-25 12:54:03.718141,device_003,sensor,warehouse_b,7.6,35.1,45.6,-57,7740,False,12,2026-05-25,Monday,Excellent,Normal,Normal
2026-05-25 12:54:03.718141,device_004,camera,warehouse_b,62.9,70.5,64.14,-63,7740,False,12,2026-05-25,Monday,Good,Normal,Normal
2026-05-25 12:54:03.718141,device_005,gateway,warehouse_a,24.2,55.8,55.46,-52,7740,False,12,2026-05-25,Monday,Excellent,Normal,Normal
2026-05-25 12:54:03.718141,device_006,sensor,factory_floor_2,8.0,30.7,42.53,-57,7740,False,12,2026-05-25,Monday,Excellent,Normal,Normal
2026-05-25 12:54:03.718141,device_007,sensor,warehouse_a,5.4,34.2,42.01,-61,7740,False,12,2026-05-25,Monday,Good,Normal,Normal
2026-05-25 12:54:03.718141,device_008,gateway,loading_bay,34.4,58.4,52.65,-48,7740,False,12,2026-05-25,Monday,Excellent,Normal,Normal
2026-05-25 12:54:03.718141,device_009,sensor,office_block,8.0,36.6,45.17,-63,7740,False,12,2026-05-25,Monday,Good,Normal,Normal
2026-05-25 12:54:03.718141,device_010,camera,warehouse_a,65.1,66.2,60.96,-56,7740,False,12,2026-05-25,Monday,Excellent,Normal,Normal
2026-05-25 12:54:03.718141,device_011,camera,factory_floor_1,67.5,68.0,60.88,-52,7740,False,12,2026-05-25,Monday,Excellent,Normal,Normal
2026-05-25 12:54:03.718141,device_012,camera,server_room,70.5,68.3,57.25,-57,7740,False,12,2026-05-25,Monday,Excellent,Normal,High
2026-05-25 12:54:03.718141,device_013,sensor,factory_floor_2,13.1,34.8,42.95,-58,7740,False,12,2026-05-25,Monday,Excellent,Normal,Normal
2026-05-25 12:54:03.718141,device_014,controller,server_room,19.3,38.9,48.54,-57,7740,False,12,2026-05-25,Monday,Excellent,Normal,Normal
2026-05-25 12:54:03.718141,device_015,sensor,loading_bay,6.3,32.4,46.85,-65,7740,False,12,2026-05-25,Monday,Good,Normal,Normal
2026-05-25 12:55:03.718141,device_001,gateway,warehouse_a,26.4,54.7,50.38,-54,7680,False,12,2026-05-25,Monday,Excellent,Normal,Normal
2026-05-25 12:55:03.718141,device_002,camera,factory_floor_2,62.1,70.8,62.46,-64,7680,False,12,2026-05-25,Monday,Good,Normal,Normal
2026-05-25 12:55:03.718141,device_003,sensor,warehouse_b,11.9,33.6,38.85,-66,7680,False,12,2026-05-25,Monday,Good,Normal,Normal
2026-05-25 12:55:03.718141,device_004,camera,warehouse_b,63.9,66.8,62.37,-61,7680,False,12,2026-05-25,Monday,Good,Normal,Normal
2026-05-25 12:55:03.718141,device_005,gateway,warehouse_a,32.6,51.0,55.56,-60,7680,False,12,2026-05-25,Monday,Excellent,Normal,Normal
2026-05-25 12:55:03.718141,device_006,sensor,factory_floor_2,5.5,45.5,40.4,-55,7680,False,12,2026-05-25,Monday,Excellent,Normal,Normal
2026-05-25 12:55:03.718141,device_007,sensor,warehouse_a,5.9,29.9,47.03,-64,7680,False,12,2026-05-25,Monday,Good,Normal,Normal
2026-05-25 12:55:03.718141,device_008,gateway,loading_bay,23.1,51.6,49.94,-63,7680,False,12,2026-05-25,Monday,Good,Normal,Normal
2026-05-25 12:55:03.718141,device_009,sensor,office_block,6.7,31.7,39.87,-62,7680,False,12,2026-05-25,Monday,Good,Normal,Normal
2026-05-25 12:55:03.718141,device_010,camera,warehouse_a,70.8,73.8,64.67,-61,7680,False,12,2026-05-25,Monday,Good,Normal,High
2026-05-25 12:55:03.718141,device_011,camera,factory_floor_1,67.6,68.0,61.28,-50,7680,False,12,2026-05-25,Monday,Excellent,Normal,Normal
2026-05-25 12:55:03.718141,device_012,camera,server_room,60.2,65.3,62.09,-64,7680,False,12,2026-05-25,Monday,Good,Normal,Normal
2026-05-25 12:55:03.718141,device_013,sensor,factory_floor_2,3.0,42.6,45.46,-67,7680,False,12,2026-05-25,Monday,Good,Normal,Normal
2026-05-25 12:55:03.718141,device_014,controller,server_room,20.0,44.0,51.32,-65,7680,False,12,2026-05-25,Monday,Good,Normal,Normal
2026-05-25 12:55:03.718141,device_015,sensor,loading_bay,1.3,37.3,43.84,-55,7680,False,12,2026-05-25,Monday,Excellent,Normal,Normal
2026-05-25 12:56:03.718141,device_001,gateway,warehouse_a,28.4,58.8,51.27,-53,7620,False,12,2026-05-25,Monday,Excellent,Normal,Normal
2026-05-25 12:56:03.718141,device_002,camera,factory_floor_2,60.1,66.0,58.68,-65,7620,False,12,2026-05-25,Monday,Good,Normal,Normal
2026-05-25 12:56:03.718141,device_003,sensor,warehouse_b,8.4,32.3,38.74,-62,7620,False,12,2026-05-25,Monday,Good,Normal,Normal
2026-05-25 12:56:03.718141,device_004,camera,warehouse_b,61.5,64.1,60.22,-50,7620,False,12,2026-05-25,Monday,Excellent,Normal,Normal
2026-05-25 12:56:03.718141,device_005,gateway,warehouse_a,28.4,55.5,55.74,-60,7620,False,12,2026-05-25,Monday,Excellent,Normal,Normal
2026-05-25 12:56:03.718141,device_006,sensor,factory_floor_2,15.7,38.1,46.0,-56,7620,False,12,2026-05-25,Monday,Excellent,Normal,Normal
2026-05-25 12:56:03.718141,device_007,sensor,warehouse_a,8.4,38.1,42.07,-67,7620,False,12,2026-05-25,Monday,Good,Normal,Normal
2026-05-25 12:56:03.718141,device_008,gateway,loading_bay,26.0,57.0,46.35,-60,7620,False,12,2026-05-25,Monday,Excellent,Normal,Normal
2026-05-25 12:56:03.718141,device_009,sensor,office_block,2.3,35.0,39.11,-69,7620,False,12,2026-05-25,Monday,Good,Normal,Normal
2026-05-25 12:56:03.718141,device_010,camera,warehouse_a,64.5,70.7,56.76,-61,7620,False,12,2026-05-25,Monday,Good,Normal,Normal
2026-05-25 12:56:03.718141,device_011,camera,factory_floor_1,69.8,75.1,57.61,-60,7620,False,12,2026-05-25,Monday,Excellent,Normal,Normal
2026-05-25 12:56:03.718141,device_012,camera,server_room,57.2,68.4,67.35,-61,7620,False,12,2026-05-25,Monday,Good,Normal,Normal
2026-05-25 12:56:03.718141,device_013,sensor,factory_floor_2,8.7,34.8,36.32,-56,7620,False,12,2026-05-25,Monday,Excellent,Normal,Normal
2026-05-25 12:56:03.718141,device_014,controller,server_room,19.1,42.7,47.74,-53,7620,False,12,2026-05-25,Monday,Excellent,Normal,Normal
2026-05-25 12:56:03.718141,device_015,sensor,loading_bay,3.3,35.1,45.39,-67,7620,False,12,2026-05-25,Monday,Good,Normal,Normal
2026-05-25 12:57:03.718141,device_001,gateway,warehouse_a,35.7,53.3,50.42,-52,7560,False,12,2026-05-25,Monday,Excellent,Normal,Normal
2026-05-25 12:57:03.718141,device_002,camera,factory_floor_2,69.1,65.1,56.13,-62,7560,False,12,2026-05-25,Monday,Good,Normal,Normal
2026-05-25 12:57:03.718141,device_003,sensor,warehouse_b,13.5,27.7,38.48,-64,7560,False,12,2026-05-25,Monday,Good,Normal,Normal
2026-05-25 12:57:03.718141,device_004,camera,warehouse_b,74.3,70.7,56.82,-53,7560,False,12,2026-05-25,Monday,Excellent,Normal,High
2026-05-25 12:57:03.718141,device_005,gateway,warehouse_a,28.3,53.9,43.57,-63,7560,False,12,2026-05-25,Monday,Good,Normal,Normal
2026-05-25 12:57:03.718141,device_006,sensor,factory_floor_2,10.2,38.6,43.06,-55,7560,False,12,2026-05-25,Monday,Excellent,Normal,Normal
2026-05-25 12:57:03.718141,device_007,sensor,warehouse_a,6.1,32.2,44.14,-54,7560,False,12,2026-05-25,Monday,Excellent,Normal,Normal
2026-05-25 12:57:03.718141,device_008,gateway,loading_bay,20.9,49.2,48.11,-55,7560,False,12,2026-05-25,Monday,Excellent,Normal,Normal
2026-05-25 12:57:03.718141,device_009,sensor,office_block,13.0,36.1,37.46,-57,7560,False,12,2026-05-25,Monday,Excellent,Normal,Normal
2026-05-25 12:57:03.718141,device_010,camera,warehouse_a,63.7,75.5,60.69,-59,7560,False,12,2026-05-25,Monday,Excellent,Normal,Normal
2026-05-25 12:57:03.718141,device_011,camera,factory_floor_1,62.8,70.2,62.83,-50,7560,False,12,2026-05-25,Monday,Excellent,Normal,Normal
2026-05-25 12:57:03.718141,device_012,camera,server_room,64.2,64.2,67.9,-59,7560,False,12,2026-05-25,Monday,Excellent,Normal,Normal
2026-05-25 12:57:03.718141,device_013,sensor,factory_floor_2,14.4,33.1,43.97,-57,7560,False,12,2026-05-25,Monday,Excellent,Normal,Normal
2026-05-25 12:57:03.718141,device_014,controller,server_room,26.1,42.9,42.46,-55,7560,False,12,2026-05-25,Monday,Excellent,Normal,Normal
2026-05-25 12:57:03.718141,device_015,sensor,loading_bay,2.0,30.5,43.24,-54,7560,False,12,2026-05-25,Monday,Excellent,Normal,Normal
2026-05-25 12:58:03.718141,device_001,gateway,warehouse_a,30.2,53.1,51.44,-52,7500,False,12,2026-05-25,Monday,Excellent,Normal,Normal
2026-05-25 12:58:03.718141,device_002,camera,factory_floor_2,66.9,65.6,60.19,-52,7500,False,12,2026-05-25,Monday,Excellent,Normal,Normal
2026-05-25 12:58:03.718141,device_003,sensor,warehouse_b,22.0,26.1,40.54,-70,7500,False,12,2026-05-25,Monday,Good,Normal,Normal
2026-05-25 12:58:03.718141,device_004,camera,warehouse_b,60.8,73.3,57.2,-50,7500,False,12,2026-05-25,Monday,Excellent,Normal,Normal
2026-05-25 12:58:03.718141,device_005,gateway,warehouse_a,29.6,53.5,53.2,-61,7500,False,12,2026-05-25,Monday,Good,Normal,Normal
2026-05-25 12:58:03.718141,device_006,sensor,factory_floor_2,6.6,34.7,40.89,-58,7500,False,12,2026-05-25,Monday,Excellent,Normal,Normal
2026-05-25 12:58:03.718141,device_007,sensor,warehouse_a,12.2,37.0,43.01,-65,7500,False,12,2026-05-25,Monday,Good,Normal,Normal
2026-05-25 12:58:03.718141,device_008,gateway,loading_bay,30.5,56.2,54.65,-51,7500,False,12,2026-05-25,Monday,Excellent,Normal,Normal
2026-05-25 12:58:03.718141,device_009,sensor,office_block,9.8,32.3,45.57,-66,7500,False,12,2026-05-25,Monday,Good,Normal,Normal
2026-05-25 12:58:03.718141,device_010,camera,warehouse_a,60.7,70.7,57.44,-65,7500,False,12,2026-05-25,Monday,Good,Normal,Normal
2026-05-25 12:58:03.718141,device_011,camera,factory_floor_1,55.7,69.6,62.39,-50,7500,False,12,2026-05-25,Monday,Excellent,Normal,Normal
2026-05-25 12:58:03.718141,device_012,camera,server_room,70.7,69.2,58.98,-53,7500,False,12,2026-05-25,Monday,Excellent,Normal,High
2026-05-25 12:58:03.718141,device_013,sensor,factory_floor_2,13.6,32.3,46.15,-61,7500,False,12,2026-05-25,Monday,Good,Normal,Normal
2026-05-25 12:58:03.718141,device_014,controller,server_room,18.9,46.5,48.88,-58,7500,False,12,2026-05-25,Monday,Excellent,Normal,Normal
2026-05-25 12:58:03.718141,device_015,sensor,loading_bay,6.7,27.4,45.84,-70,7500,False,12,2026-05-25,Monday,Good,Normal,Normal
2026-05-25 12:59:03.718141,device_001,gateway,warehouse_a,25.9,56.8,53.34,-47,7440,False,12,2026-05-25,Monday,Excellent,Normal,Normal
2026-05-25 12:59:03.718141,device_002,camera,factory_floor_2,71.8,68.9,64.59,-62,7440,False,12,2026-05-25,Monday,Good,Normal,High
2026-05-25 12:59:03.718141,device_003,sensor,warehouse_b,14.5,38.7,39.86,-56,7440,False,12,2026-05-25,Monday,Excellent,Normal,Normal
2026-05-25 12:59:03.718141,device_004,camera,warehouse_b,74.1,70.4,64.64,-52,7440,False,12,2026-05-25,Monday,Excellent,Normal,High
2026-05-25 12:59:03.718141,device_005,gateway,warehouse_a,26.3,56.2,47.41,-51,7440,False,12,2026-05-25,Monday,Excellent,Normal,Normal
2026-05-25 12:59:03.718141,device_006,sensor,factory_floor_2,2.4,30.2,39.62,-61,7440,False,12,2026-05-25,Monday,Good,Normal,Normal
2026-05-25 12:59:03.718141,device_007,sensor,warehouse_a,5.7,36.1,41.92,-60,7440,False,12,2026-05-25,Monday,Excellent,Normal,Normal
2026-05-25 12:59:03.718141,device_008,gateway,loading_bay,25.0,54.2,55.21,-59,7440,False,12,2026-05-25,Monday,Excellent,Normal,Normal
2026-05-25 12:59:03.718141,device_009,sensor,office_block,4.1,42.9,42.68,-61,7440,False,12,2026-05-25,Monday,Good,Normal,Normal
2026-05-25 12:59:03.718141,device_010,camera,warehouse_a,66.7,63.9,59.91,-50,7440,False,12,2026-05-25,Monday,Excellent,Normal,Normal
2026-05-25 12:59:03.718141,device_011,camera,factory_floor_1,63.9,68.4,61.7,-50,7440,False,12,2026-05-25,Monday,Excellent,Normal,Normal
2026-05-25 12:59:03.718141,device_012,camera,server_room,56.7,75.8,58.45,-61,7440,False,12,2026-05-25,Monday,Good,Normal,Normal
2026-05-25 12:59:03.718141,device_013,sensor,factory_floor_2,15.2,37.7,39.34,-62,7440,False,12,2026-05-25,Monday,Good,Normal,Normal
2026-05-25 12:59:03.718141,device_014,controller,server_room,12.1,46.0,52.21,-59,7440,False,12,2026-05-25,Monday,Excellent,Normal,Normal
2026-05-25 12:59:03.718141,device_015,sensor,loading_bay,12.7,37.7,36.85,-54,7440,False,12,2026-05-25,Monday,Excellent,Normal,Normal
2026-05-25 13:00:03.718141,device_001,gateway,warehouse_a,28.0,58.7,54.56,-62,7380,False,13,2026-05-25,Monday,Good,Normal,Normal
2026-05-25 13:00:03.718141,device_002,camera,factory_floor_2,65.3,73.1,59.2,-58,7380,False,13,2026-05-25,Monday,Excellent,Normal,Normal
2026-05-25 13:00:03.718141,device_003,sensor,warehouse_b,7.7,31.3,39.38,-59,7380,False,13,2026-05-25,Monday,Excellent,Normal,Normal
2026-05-25 13:00:03.718141,device_004,camera,warehouse_b,57.6,74.4,59.47,-63,7380,False,13,2026-05-25,Monday,Good,Normal,Normal
2026-05-25 13:00:03.718141,device_005,gateway,warehouse_a,28.9,58.2,50.41,-63,7380,False,13,2026-05-25,Monday,Good,Normal,Normal
2026-05-25 13:00:03.718141,device_006,sensor,factory_floor_2,3.8,34.3,42.29,-63,7380,False,13,2026-05-25,Monday,Good,Normal,Normal
2026-05-25 13:00:03.718141,device_007,sensor,warehouse_a,11.9,31.6,37.27,-63,7380,False,13,2026-05-25,Monday,Good,Normal,Normal
2026-05-25 13:00:03.718141,device_008,gateway,loading_bay,19.8,59.8,51.22,-54,7380,False,13,2026-05-25,Monday,Excellent,Normal,Normal
2026-05-25 13:00:03.718141,device_009,sensor,office_block,5.5,38.5,40.47,-66,7380,False,13,2026-05-25,Monday,Good,Normal,Normal
2026-05-25 13:00:03.718141,device_010,camera,warehouse_a,70.3,72.7,60.73,-50,7380,False,13,2026-05-25,Monday,Excellent,Normal,High
2026-05-25 13:00:03.718141,device_011,camera,factory_floor_1,59.6,78.6,65.13,-63,7380,False,13,2026-05-25,Monday,Good,Normal,Normal
2026-05-25 13:00:03.718141,device_012,camera,server_room,67.6,67.8,54.75,-60,7380,False,13,2026-05-25,Monday,Excellent,Normal,Normal
2026-05-25 13:00:03.718141,device_013,sensor,factory_floor_2,11.1,40.1,40.74,-59,7380,False,13,2026-05-25,Monday,Excellent,Normal,Normal
2026-05-25 13:00:03.718141,device_014,controller,server_room,20.9,45.1,45.88,-64,7380,False,13,2026-05-25,Monday,Good,Normal,Normal
2026-05-25 13:00:03.718141,device_015,sensor,loading_bay,3.5,32.8,41.45,-57,7380,False,13,2026-05-25,Monday,Excellent,Normal,Normal
2026-05-25 13:01:03.718141,device_001,gateway,warehouse_a,33.9,49.3,58.35,-62,7320,False,13,2026-05-25,Monday,Good,Normal,Normal
2026-05-25 13:01:03.718141,device_002,camera,factory_floor_2,55.4,63.9,60.26,-62,7320,False,13,2026-05-25,Monday,Good,Normal,Normal
2026-05-25 13:01:03.718141,device_003,sensor,warehouse_b,8.2,41.0,44.25,-56,7320,False,13,2026-05-25,Monday,Excellent,Normal,Normal
2026-05-25 13:01:03.718141,device_004,camera,warehouse_b,66.0,62.1,60.42,-50,7320,False,13,2026-05-25,Monday,Excellent,Normal,Normal
2026-05-25 13:01:03.718141,device_005,gateway,warehouse_a,28.1,57.6,52.21,-47,7320,False,13,2026-05-25,Monday,Excellent,Normal,Normal
2026-05-25 13:01:03.718141,device_006,sensor,factory_floor_2,4.5,29.1,40.69,-62,7320,False,13,2026-05-25,Monday,Good,Normal,Normal
2026-05-25 13:01:03.718141,device_007,sensor,warehouse_a,1.0,28.7,38.67,-57,7320,False,13,2026-05-25,Monday,Excellent,Normal,Normal
2026-05-25 13:01:03.718141,device_008,gateway,loading_bay,29.7,52.8,50.45,-48,7320,False,13,2026-05-25,Monday,Excellent,Normal,Normal
2026-05-25 13:01:03.718141,device_009,sensor,office_block,3.1,41.0,32.3,-57,7320,False,13,2026-05-25,Monday,Excellent,Normal,Normal
2026-05-25 13:01:03.718141,device_010,camera,warehouse_a,60.0,64.2,59.76,-62,7320,False,13,2026-05-25,Monday,Good,Normal,Normal
2026-05-25 13:01:03.718141,device_011,camera,factory_floor_1,69.9,66.7,61.43,-51,7320,False,13,2026-05-25,Monday,Excellent,Normal,Normal
2026-05-25 13:01:03.718141,device_012,camera,server_room,63.0,69.7,66.03,-62,7320,False,13,2026-05-25,Monday,Good,Normal,Normal
2026-05-25 13:01:03.718141,device_013,sensor,factory_floor_2,7.1,27.4,39.18,-54,7320,False,13,2026-05-25,Monday,Excellent,Normal,Normal
2026-05-25 13:01:03.718141,device_014,controller,server_room,17.2,49.4,48.98,-65,7320,False,13,2026-05-25,Monday,Good,Normal,Normal
2026-05-25 13:01:03.718141,device_015,sensor,loading_bay,1.0,32.7,38.62,-56,7320,False,13,2026-05-25,Monday,Excellent,Normal,Normal
2026-05-25 13:02:03.718141,device_001,gateway,warehouse_a,28.0,54.5,51.56,-58,7260,False,13,2026-05-25,Monday,Excellent,Normal,Normal
2026-05-25 13:02:03.718141,device_002,camera,factory_floor_2,67.0,73.7,58.29,-55,7260,False,13,2026-05-25,Monday,Excellent,Normal,Normal
2026-05-25 13:02:03.718141,device_003,sensor,warehouse_b,10.2,41.4,41.04,-67,7260,False,13,2026-05-25,Monday,Good,Normal,Normal
2026-05-25 13:02:03.718141,device_004,camera,warehouse_b,72.8,57.9,63.8,-53,7260,False,13,2026-05-25,Monday,Excellent,Normal,High
2026-05-25 13:02:03.718141,device_005,gateway,warehouse_a,35.9,63.0,54.38,-52,7260,False,13,2026-05-25,Monday,Excellent,Normal,Normal
2026-05-25 13:02:03.718141,device_006,sensor,factory_floor_2,14.2,38.5,46.74,-69,7260,False,13,2026-05-25,Monday,Good,Normal,Normal
2026-05-25 13:02:03.718141,device_007,sensor,warehouse_a,14.7,35.9,47.98,-67,7260,False,13,2026-05-25,Monday,Good,Normal,Normal
2026-05-25 13:02:03.718141,device_008,gateway,loading_bay,20.1,56.6,51.08,-52,7260,False,13,2026-05-25,Monday,Excellent,Normal,Normal
2026-05-25 13:02:03.718141,device_009,sensor,office_block,8.4,28.5,38.26,-55,7260,False,13,2026-05-25,Monday,Excellent,Normal,Normal
2026-05-25 13:02:03.718141,device_010,camera,warehouse_a,61.3,76.3,63.42,-62,7260,False,13,2026-05-25,Monday,Good,Normal,Normal
2026-05-25 13:02:03.718141,device_011,camera,factory_floor_1,69.6,69.7,64.17,-53,7260,False,13,2026-05-25,Monday,Excellent,Normal,Normal
2026-05-25 13:02:03.718141,device_012,camera,server_room,56.3,69.0,59.63,-57,7260,False,13,2026-05-25,Monday,Excellent,Normal,Normal
2026-05-25 13:02:03.718141,device_013,sensor,factory_floor_2,5.5,36.8,42.16,-64,7260,False,13,2026-05-25,Monday,Good,Normal,Normal
2026-05-25 13:02:03.718141,device_014,controller,server_room,22.3,37.4,47.17,-53,7260,False,13,2026-05-25,Monday,Excellent,Normal,Normal
2026-05-25 13:02:03.718141,device_015,sensor,loading_bay,35.6,39.9,62.13,-59,7260,True,13,2026-05-25,Monday,Excellent,Normal,Normal
2026-05-25 13:03:03.718141,device_001,gateway,warehouse_a,25.2,56.2,53.54,-62,7200,False,13,2026-05-25,Monday,Good,Normal,Normal
2026-05-25 13:03:03.718141,device_002,camera,factory_floor_2,65.2,67.4,63.79,-57,7200,False,13,2026-05-25,Monday,Excellent,Normal,Normal
2026-05-25 13:03:03.718141,device_003,sensor,warehouse_b,5.1,32.4,41.96,-60,7200,False,13,2026-05-25,Monday,Excellent,Normal,Normal
2026-05-25 13:03:03.718141,device_004,camera,warehouse_b,67.5,70.9,58.86,-51,7200,False,13,2026-05-25,Monday,Excellent,Normal,Normal
2026-05-25 13:03:03.718141,device_005,gateway,warehouse_a,27.5,53.2,52.64,-59,7200,False,13,2026-05-25,Monday,Excellent,Normal,Normal
2026-05-25 13:03:03.718141,device_006,sensor,factory_floor_2,6.3,35.8,42.29,-54,7200,False,13,2026-05-25,Monday,Excellent,Normal,Normal
2026-05-25 13:03:03.718141,device_007,sensor,warehouse_a,8.0,31.0,47.12,-56,7200,False,13,2026-05-25,Monday,Excellent,Normal,Normal
2026-05-25 13:03:03.718141,device_008,gateway,loading_bay,27.7,56.5,47.28,-59,7200,False,13,2026-05-25,Monday,Excellent,Normal,Normal
2026-05-25 13:03:03.718141,device_009,sensor,office_block,2.4,33.5,41.17,-60,7200,False,13,2026-05-25,Monday,Excellent,Normal,Normal
2026-05-25 13:03:03.718141,device_010,camera,warehouse_a,66.4,67.6,59.34,-53,7200,False,13,2026-05-25,Monday,Excellent,Normal,Normal
2026-05-25 13:03:03.718141,device_011,camera,factory_floor_1,72.2,67.8,61.85,-54,7200,False,13,2026-05-25,Monday,Excellent,Normal,High
2026-05-25 13:03:03.718141,device_012,camera,server_room,63.7,69.1,65.94,-65,7200,False,13,2026-05-25,Monday,Good,Normal,Normal
2026-05-25 13:03:03.718141,device_013,sensor,factory_floor_2,4.6,32.8,39.95,-56,7200,False,13,2026-05-25,Monday,Excellent,Normal,Normal
2026-05-25 13:03:03.718141,device_014,controller,server_room,15.0,40.5,44.16,-66,7200,False,13,2026-05-25,Monday,Good,Normal,Normal
2026-05-25 13:03:03.718141,device_015,sensor,loading_bay,3.9,33.5,43.77,-70,7200,False,13,2026-05-25,Monday,Good,Normal,Normal
2026-05-25 13:04:03.718141,device_001,gateway,warehouse_a,27.0,60.2,55.81,-54,7140,False,13,2026-05-25,Monday,Excellent,Normal,Normal
2026-05-25 13:04:03.718141,device_002,camera,factory_floor_2,63.6,66.5,59.11,-63,7140,False,13,2026-05-25,Monday,Good,Normal,Normal
2026-05-25 13:04:03.718141,device_003,sensor,warehouse_b,11.5,33.5,41.39,-68,7140,False,13,2026-05-25,Monday,Good,Normal,Normal
2026-05-25 13:04:03.718141,device_004,camera,warehouse_b,60.9,71.3,58.69,-65,7140,False,13,2026-05-25,Monday,Good,Normal,Normal
2026-05-25 13:04:03.718141,device_005,gateway,warehouse_a,21.4,52.9,54.98,-47,7140,False,13,2026-05-25,Monday,Excellent,Normal,Normal
2026-05-25 13:04:03.718141,device_006,sensor,factory_floor_2,7.3,35.0,37.99,-55,7140,False,13,2026-05-25,Monday,Excellent,Normal,Normal
2026-05-25 13:04:03.718141,device_007,sensor,warehouse_a,6.4,40.9,41.85,-70,7140,False,13,2026-05-25,Monday,Good,Normal,Normal
2026-05-25 13:04:03.718141,device_008,gateway,loading_bay,28.9,52.2,49.62,-58,7140,False,13,2026-05-25,Monday,Excellent,Normal,Normal
2026-05-25 13:04:03.718141,device_009,sensor,office_block,11.0,36.1,45.9,-62,7140,False,13,2026-05-25,Monday,Good,Normal,Normal
2026-05-25 13:04:03.718141,device_010,camera,warehouse_a,68.4,75.7,62.83,-59,7140,False,13,2026-05-25,Monday,Excellent,Normal,Normal
2026-05-25 13:04:03.718141,device_011,camera,factory_floor_1,55.3,73.9,63.0,-52,7140,False,13,2026-05-25,Monday,Excellent,Normal,Normal
2026-05-25 13:04:03.718141,device_012,camera,server_room,58.3,66.6,58.34,-56,7140,False,13,2026-05-25,Monday,Excellent,Normal,Normal
2026-05-25 13:04:03.718141,device_013,sensor,factory_floor_2,4.4,36.0,40.55,-69,7140,False,13,2026-05-25,Monday,Good,Normal,Normal
2026-05-25 13:04:03.718141,device_014,controller,server_room,22.3,41.6,51.24,-68,7140,False,13,2026-05-25,Monday,Good,Normal,Normal
2026-05-25 13:04:03.718141,device_015,sensor,loading_bay,3.8,37.6,45.95,-65,7140,False,13,2026-05-25,Monday,Good,Normal,Normal
2026-05-25 13:05:03.718141,device_001,gateway,warehouse_a,28.4,54.9,53.42,-47,7080,False,13,2026-05-25,Monday,Excellent,Normal,Normal
2026-05-25 13:05:03.718141,device_002,camera,factory_floor_2,67.6,71.1,59.99,-58,7080,False,13,2026-05-25,Monday,Excellent,Normal,Normal
2026-05-25 13:05:03.718141,device_003,sensor,warehouse_b,1.0,32.3,39.94,-67,7080,False,13,2026-05-25,Monday,Good,Normal,Normal
2026-05-25 13:05:03.718141,device_004,camera,warehouse_b,63.1,67.9,58.22,-57,7080,False,13,2026-05-25,Monday,Excellent,Normal,Normal
2026-05-25 13:05:03.718141,device_005,gateway,warehouse_a,20.4,54.7,53.65,-55,7080,False,13,2026-05-25,Monday,Excellent,Normal,Normal
2026-05-25 13:05:03.718141,device_006,sensor,factory_floor_2,1.0,36.3,39.5,-66,7080,False,13,2026-05-25,Monday,Good,Normal,Normal
2026-05-25 13:05:03.718141,device_007,sensor,warehouse_a,5.3,34.7,39.91,-57,7080,False,13,2026-05-25,Monday,Excellent,Normal,Normal
2026-05-25 13:05:03.718141,device_008,gateway,loading_bay,29.7,57.2,47.69,-62,7080,False,13,2026-05-25,Monday,Good,Normal,Normal
2026-05-25 13:05:03.718141,device_009,sensor,office_block,4.0,34.9,41.95,-60,7080,False,13,2026-05-25,Monday,Excellent,Normal,Normal
2026-05-25 13:05:03.718141,device_010,camera,warehouse_a,62.4,68.9,57.93,-65,7080,False,13,2026-05-25,Monday,Good,Normal,Normal
2026-05-25 13:05:03.718141,device_011,camera,factory_floor_1,73.1,76.8,56.91,-63,7080,False,13,2026-05-25,Monday,Good,Normal,High
2026-05-25 13:05:03.718141,device_012,camera,server_room,63.7,65.7,61.11,-53,7080,False,13,2026-05-25,Monday,Excellent,Normal,Normal
2026-05-25 13:05:03.718141,device_013,sensor,factory_floor_2,4.1,30.8,40.49,-62,7080,False,13,2026-05-25,Monday,Good,Normal,Normal
2026-05-25 13:05:03.718141,device_014,controller,server_room,17.0,52.4,46.78,-65,7080,False,13,2026-05-25,Monday,Good,Normal,Normal
2026-05-25 13:05:03.718141,device_015,sensor,loading_bay,2.2,36.0,42.31,-63,7080,False,13,2026-05-25,Monday,Good,Normal,Normal
2026-05-25 13:06:03.718141,device_001,gateway,warehouse_a,22.6,53.4,54.06,-56,7020,False,13,2026-05-25,Monday,Excellent,Normal,Normal
2026-05-25 13:06:03.718141,device_002,camera,factory_floor_2,52.5,65.5,62.98,-50,7020,False,13,2026-05-25,Monday,Excellent,Normal,Normal
2026-05-25 13:06:03.718141,device_003,sensor,warehouse_b,2.8,33.6,44.06,-67,7020,False,13,2026-05-25,Monday,Good,Normal,Normal
2026-05-25 13:06:03.718141,device_004,camera,warehouse_b,69.6,67.4,64.63,-56,7020,False,13,2026-05-25,Monday,Excellent,Normal,Normal
2026-05-25 13:06:03.718141,device_005,gateway,warehouse_a,32.0,63.9,49.73,-50,7020,False,13,2026-05-25,Monday,Excellent,Normal,Normal
2026-05-25 13:06:03.718141,device_006,sensor,factory_floor_2,4.5,38.4,45.08,-70,7020,False,13,2026-05-25,Monday,Good,Normal,Normal
2026-05-25 13:06:03.718141,device_007,sensor,warehouse_a,9.6,34.4,39.99,-63,7020,False,13,2026-05-25,Monday,Good,Normal,Normal
2026-05-25 13:06:03.718141,device_008,gateway,loading_bay,17.2,56.4,52.67,-63,7020,False,13,2026-05-25,Monday,Good,Normal,Normal
2026-05-25 13:06:03.718141,device_009,sensor,office_block,8.7,29.9,33.08,-67,7020,False,13,2026-05-25,Monday,Good,Normal,Normal
2026-05-25 13:06:03.718141,device_010,camera,warehouse_a,61.3,71.2,61.87,-62,7020,False,13,2026-05-25,Monday,Good,Normal,Normal
2026-05-25 13:06:03.718141,device_011,camera,factory_floor_1,64.1,65.9,62.91,-53,7020,False,13,2026-05-25,Monday,Excellent,Normal,Normal
2026-05-25 13:06:03.718141,device_012,camera,server_room,68.1,71.5,62.42,-50,7020,False,13,2026-05-25,Monday,Excellent,Normal,Normal
2026-05-25 13:06:03.718141,device_013,sensor,factory_floor_2,7.1,37.0,47.49,-66,7020,False,13,2026-05-25,Monday,Good,Normal,Normal
2026-05-25 13:06:03.718141,device_014,controller,server_room,13.2,48.0,48.74,-63,7020,False,13,2026-05-25,Monday,Good,Normal,Normal
2026-05-25 13:06:03.718141,device_015,sensor,loading_bay,5.1,36.5,45.27,-57,7020,False,13,2026-05-25,Monday,Excellent,Normal,Normal
2026-05-25 13:07:03.718141,device_001,gateway,warehouse_a,16.3,53.4,52.9,-49,6960,False,13,2026-05-25,Monday,Excellent,Normal,Normal
2026-05-25 13:07:03.718141,device_002,camera,factory_floor_2,67.7,70.8,63.83,-52,6960,False,13,2026-05-25,Monday,Excellent,Normal,Normal
2026-05-25 13:07:03.718141,device_003,sensor,warehouse_b,16.3,37.5,41.46,-61,6960,False,13,2026-05-25,Monday,Good,Normal,Normal
2026-05-25 13:07:03.718141,device_004,camera,warehouse_b,69.0,73.1,60.71,-61,6960,False,13,2026-05-25,Monday,Good,Normal,Normal
2026-05-25 13:07:03.718141,device_005,gateway,warehouse_a,55.0,49.8,70.73,-48,6960,True,13,2026-05-25,Monday,Excellent,Warning,Normal
2026-05-25 13:07:03.718141,device_006,sensor,factory_floor_2,9.2,39.7,42.98,-62,6960,False,13,2026-05-25,Monday,Good,Normal,Normal
2026-05-25 13:07:03.718141,device_007,sensor,warehouse_a,12.0,30.3,41.15,-58,6960,False,13,2026-05-25,Monday,Excellent,Normal,Normal
2026-05-25 13:07:03.718141,device_008,gateway,loading_bay,30.2,58.0,55.33,-57,6960,False,13,2026-05-25,Monday,Excellent,Normal,Normal
2026-05-25 13:07:03.718141,device_009,sensor,office_block,13.4,33.1,41.36,-54,6960,False,13,2026-05-25,Monday,Excellent,Normal,Normal
2026-05-25 13:07:03.718141,device_010,camera,warehouse_a,61.3,69.7,60.83,-61,6960,False,13,2026-05-25,Monday,Good,Normal,Normal
2026-05-25 13:07:03.718141,device_011,camera,factory_floor_1,66.0,69.5,60.61,-64,6960,False,13,2026-05-25,Monday,Good,Normal,Normal
2026-05-25 13:07:03.718141,device_012,camera,server_room,61.1,70.3,63.82,-54,6960,False,13,2026-05-25,Monday,Excellent,Normal,Normal
2026-05-25 13:07:03.718141,device_013,sensor,factory_floor_2,7.1,29.7,39.76,-66,6960,False,13,2026-05-25,Monday,Good,Normal,Normal
2026-05-25 13:07:03.718141,device_014,controller,server_room,24.5,38.5,49.66,-60,6960,False,13,2026-05-25,Monday,Excellent,Normal,Normal
2026-05-25 13:07:03.718141,device_015,sensor,loading_bay,11.8,35.5,44.77,-64,6960,False,13,2026-05-25,Monday,Good,Normal,Normal
2026-05-25 13:08:03.718141,device_001,gateway,warehouse_a,36.0,49.3,52.65,-53,6900,False,13,2026-05-25,Monday,Excellent,Normal,Normal
2026-05-25 13:08:03.718141,device_002,camera,factory_floor_2,66.8,67.6,61.73,-56,6900,False,13,2026-05-25,Monday,Excellent,Normal,Normal
2026-05-25 13:08:03.718141,device_003,sensor,warehouse_b,10.9,39.0,37.0,-56,6900,False,13,2026-05-25,Monday,Excellent,Normal,Normal
2026-05-25 13:08:03.718141,device_004,camera,warehouse_b,60.6,69.5,58.05,-56,6900,False,13,2026-05-25,Monday,Excellent,Normal,Normal
2026-05-25 13:08:03.718141,device_005,gateway,warehouse_a,30.2,52.0,52.49,-49,6900,False,13,2026-05-25,Monday,Excellent,Normal,Normal
2026-05-25 13:08:03.718141,device_006,sensor,factory_floor_2,5.5,34.1,38.6,-60,6900,False,13,2026-05-25,Monday,Excellent,Normal,Normal
2026-05-25 13:08:03.718141,device_007,sensor,warehouse_a,43.4,38.4,61.99,-66,6900,True,13,2026-05-25,Monday,Good,Normal,Normal
2026-05-25 13:08:03.718141,device_008,gateway,loading_bay,35.3,54.3,50.24,-63,6900,False,13,2026-05-25,Monday,Good,Normal,Normal
2026-05-25 13:08:03.718141,device_009,sensor,office_block,18.9,28.3,46.33,-70,6900,False,13,2026-05-25,Monday,Good,Normal,Normal
2026-05-25 13:08:03.718141,device_010,camera,warehouse_a,66.9,73.3,61.0,-61,6900,False,13,2026-05-25,Monday,Good,Normal,Normal
2026-05-25 13:08:03.718141,device_011,camera,factory_floor_1,61.3,67.3,58.48,-51,6900,False,13,2026-05-25,Monday,Excellent,Normal,Normal
2026-05-25 13:08:03.718141,device_012,camera,server_room,62.1,65.3,63.45,-64,6900,False,13,2026-05-25,Monday,Good,Normal,Normal
2026-05-25 13:08:03.718141,device_013,sensor,factory_floor_2,4.9,39.0,36.63,-68,6900,False,13,2026-05-25,Monday,Good,Normal,Normal
2026-05-25 13:08:03.718141,device_014,controller,server_room,24.4,43.8,47.02,-54,6900,False,13,2026-05-25,Monday,Excellent,Normal,Normal
2026-05-25 13:08:03.718141,device_015,sensor,loading_bay,10.3,36.6,46.42,-59,6900,False,13,2026-05-25,Monday,Excellent,Normal,Normal
2026-05-25 13:09:03.718141,device_001,gateway,warehouse_a,24.5,50.5,47.14,-51,6840,False,13,2026-05-25,Monday,Excellent,Normal,Normal
2026-05-25 13:09:03.718141,device_002,camera,factory_floor_2,65.4,70.8,59.03,-55,6840,False,13,2026-05-25,Monday,Excellent,Normal,Normal
2026-05-25 13:09:03.718141,device_003,sensor,warehouse_b,5.2,30.3,38.83,-70,6840,False,13,2026-05-25,Monday,Good,Normal,Normal
2026-05-25 13:09:03.718141,device_004,camera,warehouse_b,72.8,76.9,63.67,-55,6840,False,13,2026-05-25,Monday,Excellent,Normal,High
2026-05-25 13:09:03.718141,device_005,gateway,warehouse_a,30.7,60.3,50.71,-49,6840,False,13,2026-05-25,Monday,Excellent,Normal,Normal
2026-05-25 13:09:03.718141,device_006,sensor,factory_floor_2,37.8,34.8,62.66,-70,6840,True,13,2026-05-25,Monday,Good,Normal,Normal
2026-05-25 13:09:03.718141,device_007,sensor,warehouse_a,1.0,37.0,46.81,-59,6840,False,13,2026-05-25,Monday,Excellent,Normal,Normal
2026-05-25 13:09:03.718141,device_008,gateway,loading_bay,29.6,55.7,51.81,-54,6840,False,13,2026-05-25,Monday,Excellent,Normal,Normal
2026-05-25 13:09:03.718141,device_009,sensor,office_block,5.0,29.8,43.85,-63,6840,False,13,2026-05-25,Monday,Good,Normal,Normal
2026-05-25 13:09:03.718141,device_010,camera,warehouse_a,65.9,69.2,62.68,-51,6840,False,13,2026-05-25,Monday,Excellent,Normal,Normal
2026-05-25 13:09:03.718141,device_011,camera,factory_floor_1,66.9,66.1,58.03,-65,6840,False,13,2026-05-25,Monday,Good,Normal,Normal
2026-05-25 13:09:03.718141,device_012,camera,server_room,66.2,62.5,63.04,-60,6840,False,13,2026-05-25,Monday,Excellent,Normal,Normal
2026-05-25 13:09:03.718141,device_013,sensor,factory_floor_2,40.6,34.2,60.37,-58,6840,True,13,2026-05-25,Monday,Excellent,Normal,Normal
2026-05-25 13:09:03.718141,device_014,controller,server_room,11.3,48.9,45.45,-60,6840,False,13,2026-05-25,Monday,Excellent,Normal,Normal
2026-05-25 13:09:03.718141,device_015,sensor,loading_bay,8.2,34.5,40.85,-55,6840,False,13,2026-05-25,Monday,Excellent,Normal,Normal
2026-05-25 13:10:03.718141,device_001,gateway,warehouse_a,30.4,54.7,53.32,-57,6780,False,13,2026-05-25,Monday,Excellent,Normal,Normal
2026-05-25 13:10:03.718141,device_002,camera,factory_floor_2,70.5,71.7,63.91,-61,6780,False,13,2026-05-25,Monday,Good,Normal,High
2026-05-25 13:10:03.718141,device_003,sensor,warehouse_b,8.3,36.3,43.97,-66,6780,False,13,2026-05-25,Monday,Good,Normal,Normal
2026-05-25 13:10:03.718141,device_004,camera,warehouse_b,70.3,65.9,63.7,-62,6780,False,13,2026-05-25,Monday,Good,Normal,High
2026-05-25 13:10:03.718141,device_005,gateway,warehouse_a,22.6,58.9,49.9,-56,6780,False,13,2026-05-25,Monday,Excellent,Normal,Normal
2026-05-25 13:10:03.718141,device_006,sensor,factory_floor_2,1.0,36.5,43.18,-62,6780,False,13,2026-05-25,Monday,Good,Normal,Normal
2026-05-25 13:10:03.718141,device_007,sensor,warehouse_a,13.8,29.6,42.54,-70,6780,False,13,2026-05-25,Monday,Good,Normal,Normal
2026-05-25 13:10:03.718141,device_008,gateway,loading_bay,23.2,52.8,48.45,-55,6780,False,13,2026-05-25,Monday,Excellent,Normal,Normal
2026-05-25 13:10:03.718141,device_009,sensor,office_block,7.1,40.9,38.5,-56,6780,False,13,2026-05-25,Monday,Excellent,Normal,Normal
2026-05-25 13:10:03.718141,device_010,camera,warehouse_a,88.4,74.7,85.04,-53,6780,True,13,2026-05-25,Monday,Excellent,Critical,Critical
2026-05-25 13:10:03.718141,device_011,camera,factory_floor_1,69.5,71.4,58.92,-65,6780,False,13,2026-05-25,Monday,Good,Normal,Normal
2026-05-25 13:10:03.718141,device_012,camera,server_room,58.6,69.7,63.73,-56,6780,False,13,2026-05-25,Monday,Excellent,Normal,Normal
2026-05-25 13:10:03.718141,device_013,sensor,factory_floor_2,6.0,25.1,38.33,-57,6780,False,13,2026-05-25,Monday,Excellent,Normal,Normal
2026-05-25 13:10:03.718141,device_014,controller,server_room,12.8,43.4,51.34,-52,6780,False,13,2026-05-25,Monday,Excellent,Normal,Normal
2026-05-25 13:10:03.718141,device_015,sensor,loading_bay,7.2,42.2,43.97,-59,6780,False,13,2026-05-25,Monday,Excellent,Normal,Normal
2026-05-25 13:11:03.718141,device_001,gateway,warehouse_a,34.6,47.2,49.08,-62,6720,False,13,2026-05-25,Monday,Good,Normal,Normal
2026-05-25 13:11:03.718141,device_002,camera,factory_floor_2,76.8,70.8,67.81,-59,6720,False,13,2026-05-25,Monday,Excellent,Normal,High
2026-05-25 13:11:03.718141,device_003,sensor,warehouse_b,1.6,34.6,44.89,-57,6720,False,13,2026-05-25,Monday,Excellent,Normal,Normal
2026-05-25 13:11:03.718141,device_004,camera,warehouse_b,64.4,71.3,63.68,-56,6720,False,13,2026-05-25,Monday,Excellent,Normal,Normal
2026-05-25 13:11:03.718141,device_005,gateway,warehouse_a,52.1,57.6,71.03,-57,6720,True,13,2026-05-25,Monday,Excellent,Warning,Normal
2026-05-25 13:11:03.718141,device_006,sensor,factory_floor_2,10.6,38.7,42.79,-70,6720,False,13,2026-05-25,Monday,Good,Normal,Normal
2026-05-25 13:11:03.718141,device_007,sensor,warehouse_a,6.2,21.5,42.54,-63,6720,False,13,2026-05-25,Monday,Good,Normal,Normal
2026-05-25 13:11:03.718141,device_008,gateway,loading_bay,25.8,53.4,54.29,-50,6720,False,13,2026-05-25,Monday,Excellent,Normal,Normal
2026-05-25 13:11:03.718141,device_009,sensor,office_block,5.7,39.0,38.88,-63,6720,False,13,2026-05-25,Monday,Good,Normal,Normal
2026-05-25 13:11:03.718141,device_010,camera,warehouse_a,67.7,63.1,63.48,-56,6720,False,13,2026-05-25,Monday,Excellent,Normal,Normal
2026-05-25 13:11:03.718141,device_011,camera,factory_floor_1,64.2,68.9,60.16,-63,6720,False,13,2026-05-25,Monday,Good,Normal,Normal
2026-05-25 13:11:03.718141,device_012,camera,server_room,61.9,73.4,59.96,-53,6720,False,13,2026-05-25,Monday,Excellent,Normal,Normal
2026-05-25 13:11:03.718141,device_013,sensor,factory_floor_2,1.0,36.9,47.33,-60,6720,False,13,2026-05-25,Monday,Excellent,Normal,Normal
2026-05-25 13:11:03.718141,device_014,controller,server_room,17.8,39.2,50.72,-61,6720,False,13,2026-05-25,Monday,Good,Normal,Normal
2026-05-25 13:11:03.718141,device_015,sensor,loading_bay,4.7,40.5,41.64,-63,6720,False,13,2026-05-25,Monday,Good,Normal,Normal
2026-05-25 13:12:03.718141,device_001,gateway,warehouse_a,27.8,52.6,53.35,-62,6660,False,13,2026-05-25,Monday,Good,Normal,Normal
2026-05-25 13:12:03.718141,device_002,camera,factory_floor_2,67.4,74.0,66.03,-50,6660,False,13,2026-05-25,Monday,Excellent,Normal,Normal
2026-05-25 13:12:03.718141,device_003,sensor,warehouse_b,7.6,37.3,44.03,-68,6660,False,13,2026-05-25,Monday,Good,Normal,Normal
2026-05-25 13:12:03.718141,device_004,camera,warehouse_b,67.5,74.4,64.34,-52,6660,False,13,2026-05-25,Monday,Excellent,Normal,Normal
2026-05-25 13:12:03.718141,device_005,gateway,warehouse_a,27.4,53.5,53.93,-49,6660,False,13,2026-05-25,Monday,Excellent,Normal,Normal
2026-05-25 13:12:03.718141,device_006,sensor,factory_floor_2,3.4,34.7,41.19,-68,6660,False,13,2026-05-25,Monday,Good,Normal,Normal
2026-05-25 13:12:03.718141,device_007,sensor,warehouse_a,1.0,23.9,44.58,-69,6660,False,13,2026-05-25,Monday,Good,Normal,Normal
2026-05-25 13:12:03.718141,device_008,gateway,loading_bay,41.6,54.0,56.51,-61,6660,False,13,2026-05-25,Monday,Good,Normal,Normal
2026-05-25 13:12:03.718141,device_009,sensor,office_block,8.0,32.6,42.91,-69,6660,False,13,2026-05-25,Monday,Good,Normal,Normal
2026-05-25 13:12:03.718141,device_010,camera,warehouse_a,66.0,69.6,60.57,-52,6660,False,13,2026-05-25,Monday,Excellent,Normal,Normal
2026-05-25 13:12:03.718141,device_011,camera,factory_floor_1,65.9,70.2,57.06,-53,6660,False,13,2026-05-25,Monday,Excellent,Normal,Normal
2026-05-25 13:12:03.718141,device_012,camera,server_room,65.8,69.1,61.39,-65,6660,False,13,2026-05-25,Monday,Good,Normal,Normal
2026-05-25 13:12:03.718141,device_013,sensor,factory_floor_2,13.7,35.9,40.94,-61,6660,False,13,2026-05-25,Monday,Good,Normal,Normal
2026-05-25 13:12:03.718141,device_014,controller,server_room,24.5,45.9,47.76,-56,6660,False,13,2026-05-25,Monday,Excellent,Normal,Normal
2026-05-25 13:12:03.718141,device_015,sensor,loading_bay,7.5,34.0,45.71,-57,6660,False,13,2026-05-25,Monday,Excellent,Normal,Normal
2026-05-25 13:13:03.718141,device_001,gateway,warehouse_a,34.4,51.6,51.69,-63,6600,False,13,2026-05-25,Monday,Good,Normal,Normal
2026-05-25 13:13:03.718141,device_002,camera,factory_floor_2,68.4,72.5,60.09,-52,6600,False,13,2026-05-25,Monday,Excellent,Normal,Normal
2026-05-25 13:13:03.718141,device_003,sensor,warehouse_b,1.0,33.2,42.02,-67,6600,False,13,2026-05-25,Monday,Good,Normal,Normal
2026-05-25 13:13:03.718141,device_004,camera,warehouse_b,59.7,67.7,59.34,-66,6600,False,13,2026-05-25,Monday,Good,Normal,Normal
2026-05-25 13:13:03.718141,device_005,gateway,warehouse_a,27.8,56.3,47.9,-53,6600,False,13,2026-05-25,Monday,Excellent,Normal,Normal
2026-05-25 13:13:03.718141,device_006,sensor,factory_floor_2,14.8,38.2,42.84,-67,6600,False,13,2026-05-25,Monday,Good,Normal,Normal
2026-05-25 13:13:03.718141,device_007,sensor,warehouse_a,13.5,42.5,45.71,-68,6600,False,13,2026-05-25,Monday,Good,Normal,Normal
2026-05-25 13:13:03.718141,device_008,gateway,loading_bay,25.5,58.1,49.84,-57,6600,False,13,2026-05-25,Monday,Excellent,Normal,Normal
2026-05-25 13:13:03.718141,device_009,sensor,office_block,11.5,42.6,44.33,-66,6600,False,13,2026-05-25,Monday,Good,Normal,Normal
2026-05-25 13:13:03.718141,device_010,camera,warehouse_a,65.1,66.1,62.28,-58,6600,False,13,2026-05-25,Monday,Excellent,Normal,Normal
2026-05-25 13:13:03.718141,device_011,camera,factory_floor_1,75.7,68.8,59.99,-51,6600,False,13,2026-05-25,Monday,Excellent,Normal,High
2026-05-25 13:13:03.718141,device_012,camera,server_room,63.3,67.1,59.07,-52,6600,False,13,2026-05-25,Monday,Excellent,Normal,Normal
2026-05-25 13:13:03.718141,device_013,sensor,factory_floor_2,5.4,31.9,37.9,-66,6600,False,13,2026-05-25,Monday,Good,Normal,Normal
2026-05-25 13:13:03.718141,device_014,controller,server_room,27.7,48.7,50.21,-67,6600,False,13,2026-05-25,Monday,Good,Normal,Normal
2026-05-25 13:13:03.718141,device_015,sensor,loading_bay,13.9,27.9,47.5,-57,6600,False,13,2026-05-25,Monday,Excellent,Normal,Normal
2026-05-25 13:14:03.718141,device_001,gateway,warehouse_a,21.9,53.1,49.59,-52,6540,False,13,2026-05-25,Monday,Excellent,Normal,Normal
2026-05-25 13:14:03.718141,device_002,camera,factory_floor_2,63.5,70.9,59.66,-62,6540,False,13,2026-05-25,Monday,Good,Normal,Normal
2026-05-25 13:14:03.718141,device_003,sensor,warehouse_b,8.2,26.3,39.83,-61,6540,False,13,2026-05-25,Monday,Good,Normal,Normal
2026-05-25 13:14:03.718141,device_004,camera,warehouse_b,60.0,69.0,59.35,-57,6540,False,13,2026-05-25,Monday,Excellent,Normal,Normal
2026-05-25 13:14:03.718141,device_005,gateway,warehouse_a,22.4,50.5,50.53,-63,6540,False,13,2026-05-25,Monday,Good,Normal,Normal
2026-05-25 13:14:03.718141,device_006,sensor,factory_floor_2,7.4,31.6,38.78,-66,6540,False,13,2026-05-25,Monday,Good,Normal,Normal
2026-05-25 13:14:03.718141,device_007,sensor,warehouse_a,1.5,31.5,41.54,-54,6540,False,13,2026-05-25,Monday,Excellent,Normal,Normal
2026-05-25 13:14:03.718141,device_008,gateway,loading_bay,32.5,54.7,53.22,-62,6540,False,13,2026-05-25,Monday,Good,Normal,Normal
2026-05-25 13:14:03.718141,device_009,sensor,office_block,4.0,37.8,43.14,-64,6540,False,13,2026-05-25,Monday,Good,Normal,Normal
2026-05-25 13:14:03.718141,device_010,camera,warehouse_a,65.7,71.8,65.81,-60,6540,False,13,2026-05-25,Monday,Excellent,Normal,Normal
2026-05-25 13:14:03.718141,device_011,camera,factory_floor_1,69.6,72.7,61.4,-56,6540,False,13,2026-05-25,Monday,Excellent,Normal,Normal
2026-05-25 13:14:03.718141,device_012,camera,server_room,61.0,71.4,59.62,-51,6540,False,13,2026-05-25,Monday,Excellent,Normal,Normal
2026-05-25 13:14:03.718141,device_013,sensor,factory_floor_2,9.7,39.4,43.52,-56,6540,False,13,2026-05-25,Monday,Excellent,Normal,Normal
2026-05-25 13:14:03.718141,device_014,controller,server_room,10.9,45.9,45.08,-58,6540,False,13,2026-05-25,Monday,Excellent,Normal,Normal
2026-05-25 13:14:03.718141,device_015,sensor,loading_bay,4.4,37.1,52.13,-60,6540,False,13,2026-05-25,Monday,Excellent,Normal,Normal
2026-05-25 13:15:03.718141,device_001,gateway,warehouse_a,27.6,53.1,50.45,-50,6480,False,13,2026-05-25,Monday,Excellent,Normal,Normal
2026-05-25 13:15:03.718141,device_002,camera,factory_floor_2,65.2,68.2,61.34,-63,6480,False,13,2026-05-25,Monday,Good,Normal,Normal
2026-05-25 13:15:03.718141,device_003,sensor,warehouse_b,6.6,40.5,46.03,-69,6480,False,13,2026-05-25,Monday,Good,Normal,Normal
2026-05-25 13:15:03.718141,device_004,camera,warehouse_b,66.3,72.2,56.98,-66,6480,False,13,2026-05-25,Monday,Good,Normal,Normal
2026-05-25 13:15:03.718141,device_005,gateway,warehouse_a,35.8,57.9,56.11,-56,6480,False,13,2026-05-25,Monday,Excellent,Normal,Normal
2026-05-25 13:15:03.718141,device_006,sensor,factory_floor_2,15.1,37.5,42.16,-64,6480,False,13,2026-05-25,Monday,Good,Normal,Normal
2026-05-25 13:15:03.718141,device_007,sensor,warehouse_a,4.6,40.3,42.88,-60,6480,False,13,2026-05-25,Monday,Excellent,Normal,Normal
2026-05-25 13:15:03.718141,device_008,gateway,loading_bay,25.1,55.4,49.42,-51,6480,False,13,2026-05-25,Monday,Excellent,Normal,Normal
2026-05-25 13:15:03.718141,device_009,sensor,office_block,6.9,33.2,43.95,-65,6480,False,13,2026-05-25,Monday,Good,Normal,Normal
2026-05-25 13:15:03.718141,device_010,camera,warehouse_a,73.6,75.0,57.13,-66,6480,False,13,2026-05-25,Monday,Good,Normal,High
2026-05-25 13:15:03.718141,device_011,camera,factory_floor_1,61.2,71.0,55.61,-64,6480,False,13,2026-05-25,Monday,Good,Normal,Normal
2026-05-25 13:15:03.718141,device_012,camera,server_room,63.7,63.3,57.67,-63,6480,False,13,2026-05-25,Monday,Good,Normal,Normal
2026-05-25 13:15:03.718141,device_013,sensor,factory_floor_2,8.0,37.3,44.93,-56,6480,False,13,2026-05-25,Monday,Excellent,Normal,Normal
2026-05-25 13:15:03.718141,device_014,controller,server_room,18.3,44.9,49.44,-57,6480,False,13,2026-05-25,Monday,Excellent,Normal,Normal
2026-05-25 13:15:03.718141,device_015,sensor,loading_bay,1.0,34.2,37.74,-70,6480,False,13,2026-05-25,Monday,Good,Normal,Normal
2026-05-25 13:16:03.718141,device_001,gateway,warehouse_a,27.2,58.0,54.55,-54,6420,False,13,2026-05-25,Monday,Excellent,Normal,Normal
2026-05-25 13:16:03.718141,device_002,camera,factory_floor_2,68.0,64.5,60.16,-58,6420,False,13,2026-05-25,Monday,Excellent,Normal,Normal
2026-05-25 13:16:03.718141,device_003,sensor,warehouse_b,10.1,25.4,43.58,-60,6420,False,13,2026-05-25,Monday,Excellent,Normal,Normal
2026-05-25 13:16:03.718141,device_004,camera,warehouse_b,60.8,70.5,58.93,-59,6420,False,13,2026-05-25,Monday,Excellent,Normal,Normal
2026-05-25 13:16:03.718141,device_005,gateway,warehouse_a,24.0,54.2,51.89,-63,6420,False,13,2026-05-25,Monday,Good,Normal,Normal
2026-05-25 13:16:03.718141,device_006,sensor,factory_floor_2,7.2,32.4,39.85,-62,6420,False,13,2026-05-25,Monday,Good,Normal,Normal
2026-05-25 13:16:03.718141,device_007,sensor,warehouse_a,2.6,37.3,43.14,-70,6420,False,13,2026-05-25,Monday,Good,Normal,Normal
2026-05-25 13:16:03.718141,device_008,gateway,loading_bay,24.1,53.7,56.56,-59,6420,False,13,2026-05-25,Monday,Excellent,Normal,Normal
2026-05-25 13:16:03.718141,device_009,sensor,office_block,15.7,26.9,40.07,-67,6420,False,13,2026-05-25,Monday,Good,Normal,Normal
2026-05-25 13:16:03.718141,device_010,camera,warehouse_a,67.0,70.1,61.75,-60,6420,False,13,2026-05-25,Monday,Excellent,Normal,Normal
2026-05-25 13:16:03.718141,device_011,camera,factory_floor_1,61.8,68.0,60.9,-59,6420,False,13,2026-05-25,Monday,Excellent,Normal,Normal
2026-05-25 13:16:03.718141,device_012,camera,server_room,63.5,70.7,63.52,-55,6420,False,13,2026-05-25,Monday,Excellent,Normal,Normal
2026-05-25 13:16:03.718141,device_013,sensor,factory_floor_2,11.0,33.6,41.3,-54,6420,False,13,2026-05-25,Monday,Excellent,Normal,Normal
2026-05-25 13:16:03.718141,device_014,controller,server_room,12.2,31.7,46.89,-55,6420,False,13,2026-05-25,Monday,Excellent,Normal,Normal
2026-05-25 13:16:03.718141,device_015,sensor,loading_bay,5.0,37.3,41.75,-68,6420,False,13,2026-05-25,Monday,Good,Normal,Normal
2026-05-25 13:17:03.718141,device_001,gateway,warehouse_a,26.7,46.3,53.04,-59,6360,False,13,2026-05-25,Monday,Excellent,Normal,Normal
2026-05-25 13:17:03.718141,device_002,camera,factory_floor_2,64.7,65.2,55.96,-60,6360,False,13,2026-05-25,Monday,Excellent,Normal,Normal
2026-05-25 13:17:03.718141,device_003,sensor,warehouse_b,7.1,36.5,45.83,-59,6360,False,13,2026-05-25,Monday,Excellent,Normal,Normal
2026-05-25 13:17:03.718141,device_004,camera,warehouse_b,65.1,67.1,60.94,-53,6360,False,13,2026-05-25,Monday,Excellent,Normal,Normal
2026-05-25 13:17:03.718141,device_005,gateway,warehouse_a,25.3,49.5,53.28,-56,6360,False,13,2026-05-25,Monday,Excellent,Normal,Normal
2026-05-25 13:17:03.718141,device_006,sensor,factory_floor_2,11.0,38.3,40.83,-64,6360,False,13,2026-05-25,Monday,Good,Normal,Normal
2026-05-25 13:17:03.718141,device_007,sensor,warehouse_a,12.8,32.7,36.98,-61,6360,False,13,2026-05-25,Monday,Good,Normal,Normal
2026-05-25 13:17:03.718141,device_008,gateway,loading_bay,23.7,50.9,46.56,-53,6360,False,13,2026-05-25,Monday,Excellent,Normal,Normal
2026-05-25 13:17:03.718141,device_009,sensor,office_block,20.2,42.7,43.83,-62,6360,False,13,2026-05-25,Monday,Good,Normal,Normal
2026-05-25 13:17:03.718141,device_010,camera,warehouse_a,69.1,68.5,58.77,-50,6360,False,13,2026-05-25,Monday,Excellent,Normal,Normal
2026-05-25 13:17:03.718141,device_011,camera,factory_floor_1,67.9,67.7,62.31,-51,6360,False,13,2026-05-25,Monday,Excellent,Normal,Normal
2026-05-25 13:17:03.718141,device_012,camera,server_room,57.5,69.4,70.86,-64,6360,False,13,2026-05-25,Monday,Good,Warning,Normal
2026-05-25 13:17:03.718141,device_013,sensor,factory_floor_2,6.4,34.0,42.34,-68,6360,False,13,2026-05-25,Monday,Good,Normal,Normal
2026-05-25 13:17:03.718141,device_014,controller,server_room,18.6,44.5,51.86,-56,6360,False,13,2026-05-25,Monday,Excellent,Normal,Normal
2026-05-25 13:17:03.718141,device_015,sensor,loading_bay,2.2,33.1,41.52,-54,6360,False,13,2026-05-25,Monday,Excellent,Normal,Normal
2026-05-25 13:18:03.718141,device_001,gateway,warehouse_a,35.1,55.4,55.51,-47,6300,False,13,2026-05-25,Monday,Excellent,Normal,Normal
2026-05-25 13:18:03.718141,device_002,camera,factory_floor_2,58.6,70.1,57.32,-56,6300,False,13,2026-05-25,Monday,Excellent,Normal,Normal
2026-05-25 13:18:03.718141,device_003,sensor,warehouse_b,9.7,33.1,40.88,-54,6300,False,13,2026-05-25,Monday,Excellent,Normal,Normal
2026-05-25 13:18:03.718141,device_004,camera,warehouse_b,62.0,60.5,60.93,-51,6300,False,13,2026-05-25,Monday,Excellent,Normal,Normal
2026-05-25 13:18:03.718141,device_005,gateway,warehouse_a,22.5,59.8,50.12,-51,6300,False,13,2026-05-25,Monday,Excellent,Normal,Normal
2026-05-25 13:18:03.718141,device_006,sensor,factory_floor_2,3.9,35.9,42.54,-69,6300,False,13,2026-05-25,Monday,Good,Normal,Normal
2026-05-25 13:18:03.718141,device_007,sensor,warehouse_a,14.5,34.8,45.79,-64,6300,False,13,2026-05-25,Monday,Good,Normal,Normal
2026-05-25 13:18:03.718141,device_008,gateway,loading_bay,25.6,54.0,50.01,-56,6300,False,13,2026-05-25,Monday,Excellent,Normal,Normal
2026-05-25 13:18:03.718141,device_009,sensor,office_block,5.8,36.7,43.66,-61,6300,False,13,2026-05-25,Monday,Good,Normal,Normal
2026-05-25 13:18:03.718141,device_010,camera,warehouse_a,68.0,77.5,64.78,-54,6300,False,13,2026-05-25,Monday,Excellent,Normal,Normal
2026-05-25 13:18:03.718141,device_011,camera,factory_floor_1,65.6,68.6,64.3,-55,6300,False,13,2026-05-25,Monday,Excellent,Normal,Normal
2026-05-25 13:18:03.718141,device_012,camera,server_room,70.9,74.0,64.18,-64,6300,False,13,2026-05-25,Monday,Good,Normal,High
2026-05-25 13:18:03.718141,device_013,sensor,factory_floor_2,8.5,29.4,39.99,-68,6300,False,13,2026-05-25,Monday,Good,Normal,Normal
2026-05-25 13:18:03.718141,device_014,controller,server_room,17.8,43.8,52.6,-52,6300,False,13,2026-05-25,Monday,Excellent,Normal,Normal
2026-05-25 13:18:03.718141,device_015,sensor,loading_bay,11.9,33.9,44.53,-69,6300,False,13,2026-05-25,Monday,Good,Normal,Normal
2026-05-25 13:19:03.718141,device_001,gateway,warehouse_a,34.6,50.1,43.27,-53,6240,False,13,2026-05-25,Monday,Excellent,Normal,Normal
2026-05-25 13:19:03.718141,device_002,camera,factory_floor_2,60.4,71.3,58.54,-52,6240,False,13,2026-05-25,Monday,Excellent,Normal,Normal
2026-05-25 13:19:03.718141,device_003,sensor,warehouse_b,9.5,37.4,43.18,-59,6240,False,13,2026-05-25,Monday,Excellent,Normal,Normal
2026-05-25 13:19:03.718141,device_004,camera,warehouse_b,60.2,71.6,57.35,-56,6240,False,13,2026-05-25,Monday,Excellent,Normal,Normal
2026-05-25 13:19:03.718141,device_005,gateway,warehouse_a,24.8,58.9,47.29,-63,6240,False,13,2026-05-25,Monday,Good,Normal,Normal
2026-05-25 13:19:03.718141,device_006,sensor,factory_floor_2,15.0,35.7,46.67,-63,6240,False,13,2026-05-25,Monday,Good,Normal,Normal
2026-05-25 13:19:03.718141,device_007,sensor,warehouse_a,11.1,32.4,46.11,-68,6240,False,13,2026-05-25,Monday,Good,Normal,Normal
2026-05-25 13:19:03.718141,device_008,gateway,loading_bay,33.6,58.7,52.83,-61,6240,False,13,2026-05-25,Monday,Good,Normal,Normal
2026-05-25 13:19:03.718141,device_009,sensor,office_block,8.9,35.9,45.89,-54,6240,False,13,2026-05-25,Monday,Excellent,Normal,Normal
2026-05-25 13:19:03.718141,device_010,camera,warehouse_a,57.6,66.2,65.36,-64,6240,False,13,2026-05-25,Monday,Good,Normal,Normal
2026-05-25 13:19:03.718141,device_011,camera,factory_floor_1,71.3,74.7,60.73,-59,6240,False,13,2026-05-25,Monday,Excellent,Normal,High
2026-05-25 13:19:03.718141,device_012,camera,server_room,70.7,72.0,62.29,-64,6240,False,13,2026-05-25,Monday,Good,Normal,High
2026-05-25 13:19:03.718141,device_013,sensor,factory_floor_2,10.1,35.5,35.96,-64,6240,False,13,2026-05-25,Monday,Good,Normal,Normal
2026-05-25 13:19:03.718141,device_014,controller,server_room,12.4,40.4,48.51,-58,6240,False,13,2026-05-25,Monday,Excellent,Normal,Normal
2026-05-25 13:19:03.718141,device_015,sensor,loading_bay,2.1,39.3,46.81,-62,6240,False,13,2026-05-25,Monday,Good,Normal,Normal
2026-05-25 13:20:03.718141,device_001,gateway,warehouse_a,28.0,54.0,52.55,-59,6180,False,13,2026-05-25,Monday,Excellent,Normal,Normal
2026-05-25 13:20:03.718141,device_002,camera,factory_floor_2,67.8,74.0,58.97,-58,6180,False,13,2026-05-25,Monday,Excellent,Normal,Normal
2026-05-25 13:20:03.718141,device_003,sensor,warehouse_b,36.7,35.1,60.74,-61,6180,True,13,2026-05-25,Monday,Good,Normal,Normal
2026-05-25 13:20:03.718141,device_004,camera,warehouse_b,62.0,67.9,61.99,-55,6180,False,13,2026-05-25,Monday,Excellent,Normal,Normal
2026-05-25 13:20:03.718141,device_005,gateway,warehouse_a,30.3,52.1,55.65,-51,6180,False,13,2026-05-25,Monday,Excellent,Normal,Normal
2026-05-25 13:20:03.718141,device_006,sensor,factory_floor_2,7.3,33.3,43.38,-70,6180,False,13,2026-05-25,Monday,Good,Normal,Normal
2026-05-25 13:20:03.718141,device_007,sensor,warehouse_a,10.3,39.3,43.67,-54,6180,False,13,2026-05-25,Monday,Excellent,Normal,Normal
2026-05-25 13:20:03.718141,device_008,gateway,loading_bay,25.0,53.8,49.17,-59,6180,False,13,2026-05-25,Monday,Excellent,Normal,Normal
2026-05-25 13:20:03.718141,device_009,sensor,office_block,3.2,30.4,43.69,-63,6180,False,13,2026-05-25,Monday,Good,Normal,Normal
2026-05-25 13:20:03.718141,device_010,camera,warehouse_a,76.7,70.1,64.89,-60,6180,False,13,2026-05-25,Monday,Excellent,Normal,High
2026-05-25 13:20:03.718141,device_011,camera,factory_floor_1,69.3,80.1,56.09,-50,6180,False,13,2026-05-25,Monday,Excellent,Normal,Normal
2026-05-25 13:20:03.718141,device_012,camera,server_room,62.0,62.6,60.64,-52,6180,False,13,2026-05-25,Monday,Excellent,Normal,Normal
2026-05-25 13:20:03.718141,device_013,sensor,factory_floor_2,10.4,35.4,38.68,-56,6180,False,13,2026-05-25,Monday,Excellent,Normal,Normal
2026-05-25 13:20:03.718141,device_014,controller,server_room,15.3,41.8,44.77,-66,6180,False,13,2026-05-25,Monday,Good,Normal,Normal
2026-05-25 13:20:03.718141,device_015,sensor,loading_bay,9.1,32.0,38.16,-64,6180,False,13,2026-05-25,Monday,Good,Normal,Normal
2026-05-25 13:21:03.718141,device_001,gateway,warehouse_a,31.3,56.9,59.81,-50,6120,False,13,2026-05-25,Monday,Excellent,Normal,Normal
2026-05-25 13:21:03.718141,device_002,camera,factory_floor_2,60.4,70.1,59.9,-52,6120,False,13,2026-05-25,Monday,Excellent,Normal,Normal
2026-05-25 13:21:03.718141,device_003,sensor,warehouse_b,6.3,35.9,44.71,-70,6120,False,13,2026-05-25,Monday,Good,Normal,Normal
2026-05-25 13:21:03.718141,device_004,camera,warehouse_b,69.5,75.3,60.06,-62,6120,False,13,2026-05-25,Monday,Good,Normal,Normal
2026-05-25 13:21:03.718141,device_005,gateway,warehouse_a,27.2,63.7,49.09,-63,6120,False,13,2026-05-25,Monday,Good,Normal,Normal
2026-05-25 13:21:03.718141,device_006,sensor,factory_floor_2,1.0,32.5,39.78,-59,6120,False,13,2026-05-25,Monday,Excellent,Normal,Normal
2026-05-25 13:21:03.718141,device_007,sensor,warehouse_a,20.5,41.0,47.42,-57,6120,False,13,2026-05-25,Monday,Excellent,Normal,Normal
2026-05-25 13:21:03.718141,device_008,gateway,loading_bay,26.3,56.5,59.28,-51,6120,False,13,2026-05-25,Monday,Excellent,Normal,Normal
2026-05-25 13:21:03.718141,device_009,sensor,office_block,12.9,34.8,42.54,-61,6120,False,13,2026-05-25,Monday,Good,Normal,Normal
2026-05-25 13:21:03.718141,device_010,camera,warehouse_a,63.7,72.4,60.37,-66,6120,False,13,2026-05-25,Monday,Good,Normal,Normal
2026-05-25 13:21:03.718141,device_011,camera,factory_floor_1,66.8,76.0,60.91,-65,6120,False,13,2026-05-25,Monday,Good,Normal,Normal
2026-05-25 13:21:03.718141,device_012,camera,server_room,50.2,72.9,62.53,-62,6120,False,13,2026-05-25,Monday,Good,Normal,Normal
2026-05-25 13:21:03.718141,device_013,sensor,factory_floor_2,13.7,35.8,41.81,-60,6120,False,13,2026-05-25,Monday,Excellent,Normal,Normal
2026-05-25 13:21:03.718141,device_014,controller,server_room,22.9,43.8,52.47,-56,6120,False,13,2026-05-25,Monday,Excellent,Normal,Normal
2026-05-25 13:21:03.718141,device_015,sensor,loading_bay,9.3,26.5,47.04,-64,6120,False,13,2026-05-25,Monday,Good,Normal,Normal
2026-05-25 13:22:03.718141,device_001,gateway,warehouse_a,24.5,59.4,56.4,-61,6060,False,13,2026-05-25,Monday,Good,Normal,Normal
2026-05-25 13:22:03.718141,device_002,camera,factory_floor_2,67.6,66.5,59.65,-60,6060,False,13,2026-05-25,Monday,Excellent,Normal,Normal
2026-05-25 13:22:03.718141,device_003,sensor,warehouse_b,5.0,32.5,46.64,-60,6060,False,13,2026-05-25,Monday,Excellent,Normal,Normal
2026-05-25 13:22:03.718141,device_004,camera,warehouse_b,65.5,73.4,58.74,-52,6060,False,13,2026-05-25,Monday,Excellent,Normal,Normal
2026-05-25 13:22:03.718141,device_005,gateway,warehouse_a,25.3,48.3,51.71,-54,6060,False,13,2026-05-25,Monday,Excellent,Normal,Normal
2026-05-25 13:22:03.718141,device_006,sensor,factory_floor_2,1.0,29.7,42.02,-67,6060,False,13,2026-05-25,Monday,Good,Normal,Normal
2026-05-25 13:22:03.718141,device_007,sensor,warehouse_a,18.5,31.8,35.82,-65,6060,False,13,2026-05-25,Monday,Good,Normal,Normal
2026-05-25 13:22:03.718141,device_008,gateway,loading_bay,28.1,50.6,50.9,-48,6060,False,13,2026-05-25,Monday,Excellent,Normal,Normal
2026-05-25 13:22:03.718141,device_009,sensor,office_block,3.2,33.9,39.03,-64,6060,False,13,2026-05-25,Monday,Good,Normal,Normal
2026-05-25 13:22:03.718141,device_010,camera,warehouse_a,74.8,74.7,61.23,-54,6060,False,13,2026-05-25,Monday,Excellent,Normal,High
2026-05-25 13:22:03.718141,device_011,camera,factory_floor_1,67.5,58.8,64.34,-59,6060,False,13,2026-05-25,Monday,Excellent,Normal,Normal
2026-05-25 13:22:03.718141,device_012,camera,server_room,63.5,67.7,64.92,-50,6060,False,13,2026-05-25,Monday,Excellent,Normal,Normal
2026-05-25 13:22:03.718141,device_013,sensor,factory_floor_2,16.8,33.1,46.45,-69,6060,False,13,2026-05-25,Monday,Good,Normal,Normal
2026-05-25 13:22:03.718141,device_014,controller,server_room,15.5,42.5,44.96,-68,6060,False,13,2026-05-25,Monday,Good,Normal,Normal
2026-05-25 13:22:03.718141,device_015,sensor,loading_bay,1.8,29.2,43.29,-57,6060,False,13,2026-05-25,Monday,Excellent,Normal,Normal
2026-05-25 13:23:03.718141,device_001,gateway,warehouse_a,31.0,48.4,53.88,-60,6000,False,13,2026-05-25,Monday,Excellent,Normal,Normal
2026-05-25 13:23:03.718141,device_002,camera,factory_floor_2,72.7,73.0,62.54,-53,6000,False,13,2026-05-25,Monday,Excellent,Normal,High
2026-05-25 13:23:03.718141,device_003,sensor,warehouse_b,4.2,39.5,43.87,-68,6000,False,13,2026-05-25,Monday,Good,Normal,Normal
2026-05-25 13:23:03.718141,device_004,camera,warehouse_b,64.5,70.2,67.01,-60,6000,False,13,2026-05-25,Monday,Excellent,Normal,Normal
2026-05-25 13:23:03.718141,device_005,gateway,warehouse_a,33.7,57.3,52.88,-57,6000,False,13,2026-05-25,Monday,Excellent,Normal,Normal
2026-05-25 13:23:03.718141,device_006,sensor,factory_floor_2,1.0,32.1,43.11,-55,6000,False,13,2026-05-25,Monday,Excellent,Normal,Normal
2026-05-25 13:23:03.718141,device_007,sensor,warehouse_a,3.8,34.1,47.23,-61,6000,False,13,2026-05-25,Monday,Good,Normal,Normal
2026-05-25 13:23:03.718141,device_008,gateway,loading_bay,23.0,49.8,50.92,-47,6000,False,13,2026-05-25,Monday,Excellent,Normal,Normal
2026-05-25 13:23:03.718141,device_009,sensor,office_block,15.2,37.1,39.91,-56,6000,False,13,2026-05-25,Monday,Excellent,Normal,Normal
2026-05-25 13:23:03.718141,device_010,camera,warehouse_a,71.8,72.1,59.5,-66,6000,False,13,2026-05-25,Monday,Good,Normal,High
2026-05-25 13:23:03.718141,device_011,camera,factory_floor_1,59.8,73.7,68.34,-52,6000,False,13,2026-05-25,Monday,Excellent,Normal,Normal
2026-05-25 13:23:03.718141,device_012,camera,server_room,64.0,69.5,58.68,-54,6000,False,13,2026-05-25,Monday,Excellent,Normal,Normal
2026-05-25 13:23:03.718141,device_013,sensor,factory_floor_2,6.3,30.1,47.86,-63,6000,False,13,2026-05-25,Monday,Good,Normal,Normal
2026-05-25 13:23:03.718141,device_014,controller,server_room,18.7,44.5,47.94,-53,6000,False,13,2026-05-25,Monday,Excellent,Normal,Normal
2026-05-25 13:23:03.718141,device_015,sensor,loading_bay,7.5,38.5,41.65,-69,6000,False,13,2026-05-25,Monday,Good,Normal,Normal
2026-05-25 13:24:03.718141,device_001,gateway,warehouse_a,31.0,42.9,53.26,-54,5940,False,13,2026-05-25,Monday,Excellent,Normal,Normal
2026-05-25 13:24:03.718141,device_002,camera,factory_floor_2,66.5,72.6,56.03,-52,5940,False,13,2026-05-25,Monday,Excellent,Normal,Normal
2026-05-25 13:24:03.718141,device_003,sensor,warehouse_b,15.4,34.0,39.22,-61,5940,False,13,2026-05-25,Monday,Good,Normal,Normal
2026-05-25 13:24:03.718141,device_004,camera,warehouse_b,62.0,70.4,64.71,-61,5940,False,13,2026-05-25,Monday,Good,Normal,Normal
2026-05-25 13:24:03.718141,device_005,gateway,warehouse_a,36.6,56.0,53.24,-58,5940,False,13,2026-05-25,Monday,Excellent,Normal,Normal
2026-05-25 13:24:03.718141,device_006,sensor,factory_floor_2,8.3,28.0,44.45,-57,5940,False,13,2026-05-25,Monday,Excellent,Normal,Normal
2026-05-25 13:24:03.718141,device_007,sensor,warehouse_a,8.4,37.9,41.79,-65,5940,False,13,2026-05-25,Monday,Good,Normal,Normal
2026-05-25 13:24:03.718141,device_008,gateway,loading_bay,27.1,55.0,48.88,-60,5940,False,13,2026-05-25,Monday,Excellent,Normal,Normal
2026-05-25 13:24:03.718141,device_009,sensor,office_block,2.6,37.9,36.22,-69,5940,False,13,2026-05-25,Monday,Good,Normal,Normal
2026-05-25 13:24:03.718141,device_010,camera,warehouse_a,67.9,75.2,62.4,-61,5940,False,13,2026-05-25,Monday,Good,Normal,Normal
2026-05-25 13:24:03.718141,device_011,camera,factory_floor_1,61.7,69.7,56.71,-57,5940,False,13,2026-05-25,Monday,Excellent,Normal,Normal
2026-05-25 13:24:03.718141,device_012,camera,server_room,63.3,69.7,58.47,-64,5940,False,13,2026-05-25,Monday,Good,Normal,Normal
2026-05-25 13:24:03.718141,device_013,sensor,factory_floor_2,4.9,33.2,36.49,-64,5940,False,13,2026-05-25,Monday,Good,Normal,Normal
2026-05-25 13:24:03.718141,device_014,controller,server_room,12.3,42.4,48.69,-55,5940,False,13,2026-05-25,Monday,Excellent,Normal,Normal
2026-05-25 13:24:03.718141,device_015,sensor,loading_bay,13.6,37.7,46.81,-67,5940,False,13,2026-05-25,Monday,Good,Normal,Normal
2026-05-25 13:25:03.718141,device_001,gateway,warehouse_a,20.2,61.3,56.52,-61,5880,False,13,2026-05-25,Monday,Good,Normal,Normal
2026-05-25 13:25:03.718141,device_002,camera,factory_floor_2,65.1,67.8,64.97,-50,5880,False,13,2026-05-25,Monday,Excellent,Normal,Normal
2026-05-25 13:25:03.718141,device_003,sensor,warehouse_b,1.0,41.9,39.72,-60,5880,False,13,2026-05-25,Monday,Excellent,Normal,Normal
2026-05-25 13:25:03.718141,device_004,camera,warehouse_b,57.5,70.1,61.0,-61,5880,False,13,2026-05-25,Monday,Good,Normal,Normal
2026-05-25 13:25:03.718141,device_005,gateway,warehouse_a,25.4,55.3,50.67,-47,5880,False,13,2026-05-25,Monday,Excellent,Normal,Normal
2026-05-25 13:25:03.718141,device_006,sensor,factory_floor_2,5.2,35.9,37.73,-70,5880,False,13,2026-05-25,Monday,Good,Normal,Normal
2026-05-25 13:25:03.718141,device_007,sensor,warehouse_a,13.4,31.8,44.61,-56,5880,False,13,2026-05-25,Monday,Excellent,Normal,Normal
2026-05-25 13:25:03.718141,device_008,gateway,loading_bay,21.7,61.3,51.15,-51,5880,False,13,2026-05-25,Monday,Excellent,Normal,Normal
2026-05-25 13:25:03.718141,device_009,sensor,office_block,11.2,38.6,44.11,-58,5880,False,13,2026-05-25,Monday,Excellent,Normal,Normal
2026-05-25 13:25:03.718141,device_010,camera,warehouse_a,67.1,72.6,61.36,-58,5880,False,13,2026-05-25,Monday,Excellent,Normal,Normal
2026-05-25 13:25:03.718141,device_011,camera,factory_floor_1,62.3,72.9,56.76,-62,5880,False,13,2026-05-25,Monday,Good,Normal,Normal
2026-05-25 13:25:03.718141,device_012,camera,server_room,71.2,73.3,57.65,-52,5880,False,13,2026-05-25,Monday,Excellent,Normal,High
2026-05-25 13:25:03.718141,device_013,sensor,factory_floor_2,16.4,31.7,41.99,-68,5880,False,13,2026-05-25,Monday,Good,Normal,Normal
2026-05-25 13:25:03.718141,device_014,controller,server_room,18.6,42.5,46.35,-61,5880,False,13,2026-05-25,Monday,Good,Normal,Normal
2026-05-25 13:25:03.718141,device_015,sensor,loading_bay,10.2,29.2,37.19,-56,5880,False,13,2026-05-25,Monday,Excellent,Normal,Normal
2026-05-25 13:26:03.718141,device_001,gateway,warehouse_a,28.1,56.4,51.93,-55,5820,False,13,2026-05-25,Monday,Excellent,Normal,Normal
2026-05-25 13:26:03.718141,device_002,camera,factory_floor_2,74.4,72.4,61.31,-61,5820,False,13,2026-05-25,Monday,Good,Normal,High
2026-05-25 13:26:03.718141,device_003,sensor,warehouse_b,3.1,32.9,44.3,-67,5820,False,13,2026-05-25,Monday,Good,Normal,Normal
2026-05-25 13:26:03.718141,device_004,camera,warehouse_b,65.4,74.1,60.67,-63,5820,False,13,2026-05-25,Monday,Good,Normal,Normal
2026-05-25 13:26:03.718141,device_005,gateway,warehouse_a,21.5,54.1,45.15,-51,5820,False,13,2026-05-25,Monday,Excellent,Normal,Normal
2026-05-25 13:26:03.718141,device_006,sensor,factory_floor_2,10.3,39.9,42.46,-70,5820,False,13,2026-05-25,Monday,Good,Normal,Normal
2026-05-25 13:26:03.718141,device_007,sensor,warehouse_a,10.2,25.7,40.31,-66,5820,False,13,2026-05-25,Monday,Good,Normal,Normal
2026-05-25 13:26:03.718141,device_008,gateway,loading_bay,26.8,53.4,55.08,-58,5820,False,13,2026-05-25,Monday,Excellent,Normal,Normal
2026-05-25 13:26:03.718141,device_009,sensor,office_block,8.1,30.9,43.26,-69,5820,False,13,2026-05-25,Monday,Good,Normal,Normal
2026-05-25 13:26:03.718141,device_010,camera,warehouse_a,68.1,69.3,65.91,-60,5820,False,13,2026-05-25,Monday,Excellent,Normal,Normal
2026-05-25 13:26:03.718141,device_011,camera,factory_floor_1,59.4,61.1,60.8,-65,5820,False,13,2026-05-25,Monday,Good,Normal,Normal
2026-05-25 13:26:03.718141,device_012,camera,server_room,66.7,76.7,62.36,-50,5820,False,13,2026-05-25,Monday,Excellent,Normal,Normal
2026-05-25 13:26:03.718141,device_013,sensor,factory_floor_2,7.0,31.6,43.23,-67,5820,False,13,2026-05-25,Monday,Good,Normal,Normal
2026-05-25 13:26:03.718141,device_014,controller,server_room,16.2,44.2,43.42,-59,5820,False,13,2026-05-25,Monday,Excellent,Normal,Normal
2026-05-25 13:26:03.718141,device_015,sensor,loading_bay,6.5,32.5,42.9,-70,5820,False,13,2026-05-25,Monday,Good,Normal,Normal
2026-05-25 13:27:03.718141,device_001,gateway,warehouse_a,28.4,53.7,51.0,-51,5760,False,13,2026-05-25,Monday,Excellent,Normal,Normal
2026-05-25 13:27:03.718141,device_002,camera,factory_floor_2,65.4,73.0,61.12,-59,5760,False,13,2026-05-25,Monday,Excellent,Normal,Normal
2026-05-25 13:27:03.718141,device_003,sensor,warehouse_b,7.4,34.3,40.95,-63,5760,False,13,2026-05-25,Monday,Good,Normal,Normal
2026-05-25 13:27:03.718141,device_004,camera,warehouse_b,61.4,78.1,59.92,-66,5760,False,13,2026-05-25,Monday,Good,Normal,Normal
2026-05-25 13:27:03.718141,device_005,gateway,warehouse_a,23.4,53.5,51.16,-63,5760,False,13,2026-05-25,Monday,Good,Normal,Normal
2026-05-25 13:27:03.718141,device_006,sensor,factory_floor_2,6.8,36.1,41.01,-64,5760,False,13,2026-05-25,Monday,Good,Normal,Normal
2026-05-25 13:27:03.718141,device_007,sensor,warehouse_a,1.0,37.5,45.11,-68,5760,False,13,2026-05-25,Monday,Good,Normal,Normal
2026-05-25 13:27:03.718141,device_008,gateway,loading_bay,21.8,51.1,45.19,-60,5760,False,13,2026-05-25,Monday,Excellent,Normal,Normal
2026-05-25 13:27:03.718141,device_009,sensor,office_block,6.8,37.2,49.74,-65,5760,False,13,2026-05-25,Monday,Good,Normal,Normal
2026-05-25 13:27:03.718141,device_010,camera,warehouse_a,56.0,69.8,58.93,-65,5760,False,13,2026-05-25,Monday,Good,Normal,Normal
2026-05-25 13:27:03.718141,device_011,camera,factory_floor_1,66.3,69.5,57.06,-63,5760,False,13,2026-05-25,Monday,Good,Normal,Normal
2026-05-25 13:27:03.718141,device_012,camera,server_room,61.4,71.0,57.69,-56,5760,False,13,2026-05-25,Monday,Excellent,Normal,Normal
2026-05-25 13:27:03.718141,device_013,sensor,factory_floor_2,11.9,37.3,44.52,-64,5760,False,13,2026-05-25,Monday,Good,Normal,Normal
2026-05-25 13:27:03.718141,device_014,controller,server_room,15.5,46.2,50.14,-56,5760,False,13,2026-05-25,Monday,Excellent,Normal,Normal
2026-05-25 13:27:03.718141,device_015,sensor,loading_bay,8.7,33.0,40.16,-67,5760,False,13,2026-05-25,Monday,Good,Normal,Normal
2026-05-25 13:28:03.718141,device_001,gateway,warehouse_a,28.4,56.2,59.32,-60,5700,False,13,2026-05-25,Monday,Excellent,Normal,Normal
2026-05-25 13:28:03.718141,device_002,camera,factory_floor_2,61.9,68.0,58.5,-61,5700,False,13,2026-05-25,Monday,Good,Normal,Normal
2026-05-25 13:28:03.718141,device_003,sensor,warehouse_b,48.9,38.6,60.8,-60,5700,True,13,2026-05-25,Monday,Excellent,Normal,Normal
2026-05-25 13:28:03.718141,device_004,camera,warehouse_b,93.1,73.2,81.78,-60,5700,True,13,2026-05-25,Monday,Excellent,Critical,Critical
2026-05-25 13:28:03.718141,device_005,gateway,warehouse_a,25.1,61.6,50.08,-61,5700,False,13,2026-05-25,Monday,Good,Normal,Normal
2026-05-25 13:28:03.718141,device_006,sensor,factory_floor_2,12.9,38.1,44.37,-62,5700,False,13,2026-05-25,Monday,Good,Normal,Normal
2026-05-25 13:28:03.718141,device_007,sensor,warehouse_a,10.3,35.2,48.05,-59,5700,False,13,2026-05-25,Monday,Excellent,Normal,Normal
2026-05-25 13:28:03.718141,device_008,gateway,loading_bay,30.9,51.7,47.65,-57,5700,False,13,2026-05-25,Monday,Excellent,Normal,Normal
2026-05-25 13:28:03.718141,device_009,sensor,office_block,2.0,24.8,45.82,-55,5700,False,13,2026-05-25,Monday,Excellent,Normal,Normal
2026-05-25 13:28:03.718141,device_010,camera,warehouse_a,63.0,66.7,52.02,-63,5700,False,13,2026-05-25,Monday,Good,Normal,Normal
2026-05-25 13:28:03.718141,device_011,camera,factory_floor_1,62.5,71.6,65.15,-61,5700,False,13,2026-05-25,Monday,Good,Normal,Normal
2026-05-25 13:28:03.718141,device_012,camera,server_room,60.8,70.1,64.2,-63,5700,False,13,2026-05-25,Monday,Good,Normal,Normal
2026-05-25 13:28:03.718141,device_013,sensor,factory_floor_2,8.2,31.0,38.39,-58,5700,False,13,2026-05-25,Monday,Excellent,Normal,Normal
2026-05-25 13:28:03.718141,device_014,controller,server_room,13.9,45.3,48.14,-64,5700,False,13,2026-05-25,Monday,Good,Normal,Normal
2026-05-25 13:28:03.718141,device_015,sensor,loading_bay,15.7,24.2,43.16,-60,5700,False,13,2026-05-25,Monday,Excellent,Normal,Normal
2026-05-25 13:29:03.718141,device_001,gateway,warehouse_a,29.3,51.1,47.65,-48,5640,False,13,2026-05-25,Monday,Excellent,Normal,Normal
2026-05-25 13:29:03.718141,device_002,camera,factory_floor_2,60.9,64.5,59.01,-66,5640,False,13,2026-05-25,Monday,Good,Normal,Normal
2026-05-25 13:29:03.718141,device_003,sensor,warehouse_b,9.0,36.4,37.77,-56,5640,False,13,2026-05-25,Monday,Excellent,Normal,Normal
2026-05-25 13:29:03.718141,device_004,camera,warehouse_b,76.2,68.9,57.01,-59,5640,False,13,2026-05-25,Monday,Excellent,Normal,High
2026-05-25 13:29:03.718141,device_005,gateway,warehouse_a,15.4,57.6,51.1,-63,5640,False,13,2026-05-25,Monday,Good,Normal,Normal
2026-05-25 13:29:03.718141,device_006,sensor,factory_floor_2,11.6,38.6,42.23,-67,5640,False,13,2026-05-25,Monday,Good,Normal,Normal
2026-05-25 13:29:03.718141,device_007,sensor,warehouse_a,20.7,32.9,47.14,-57,5640,False,13,2026-05-25,Monday,Excellent,Normal,Normal
2026-05-25 13:29:03.718141,device_008,gateway,loading_bay,20.7,51.2,50.78,-61,5640,False,13,2026-05-25,Monday,Good,Normal,Normal
2026-05-25 13:29:03.718141,device_009,sensor,office_block,10.3,34.7,38.46,-59,5640,False,13,2026-05-25,Monday,Excellent,Normal,Normal
2026-05-25 13:29:03.718141,device_010,camera,warehouse_a,69.2,66.2,60.7,-60,5640,False,13,2026-05-25,Monday,Excellent,Normal,Normal
2026-05-25 13:29:03.718141,device_011,camera,factory_floor_1,70.9,68.7,55.36,-60,5640,False,13,2026-05-25,Monday,Excellent,Normal,High
2026-05-25 13:29:03.718141,device_012,camera,server_room,64.8,70.7,61.05,-59,5640,False,13,2026-05-25,Monday,Excellent,Normal,Normal
2026-05-25 13:29:03.718141,device_013,sensor,factory_floor_2,11.1,33.5,41.89,-56,5640,False,13,2026-05-25,Monday,Excellent,Normal,Normal
2026-05-25 13:29:03.718141,device_014,controller,server_room,16.0,48.2,46.17,-58,5640,False,13,2026-05-25,Monday,Excellent,Normal,Normal
2026-05-25 13:29:03.718141,device_015,sensor,loading_bay,4.8,35.1,44.54,-60,5640,False,13,2026-05-25,Monday,Excellent,Normal,Normal
2026-05-25 13:30:03.718141,device_001,gateway,warehouse_a,25.4,52.1,53.86,-62,5580,False,13,2026-05-25,Monday,Good,Normal,Normal
2026-05-25 13:30:03.718141,device_002,camera,factory_floor_2,68.2,67.6,61.64,-53,5580,False,13,2026-05-25,Monday,Excellent,Normal,Normal
2026-05-25 13:30:03.718141,device_003,sensor,warehouse_b,10.6,39.6,43.64,-61,5580,False,13,2026-05-25,Monday,Good,Normal,Normal
2026-05-25 13:30:03.718141,device_004,camera,warehouse_b,69.8,65.5,62.47,-59,5580,False,13,2026-05-25,Monday,Excellent,Normal,Normal
2026-05-25 13:30:03.718141,device_005,gateway,warehouse_a,40.2,58.8,47.79,-53,5580,False,13,2026-05-25,Monday,Excellent,Normal,Normal
2026-05-25 13:30:03.718141,device_006,sensor,factory_floor_2,10.2,34.5,38.48,-64,5580,False,13,2026-05-25,Monday,Good,Normal,Normal
2026-05-25 13:30:03.718141,device_007,sensor,warehouse_a,7.6,32.1,45.92,-63,5580,False,13,2026-05-25,Monday,Good,Normal,Normal
2026-05-25 13:30:03.718141,device_008,gateway,loading_bay,26.7,61.9,44.99,-56,5580,False,13,2026-05-25,Monday,Excellent,Normal,Normal
2026-05-25 13:30:03.718141,device_009,sensor,office_block,2.6,34.6,42.98,-58,5580,False,13,2026-05-25,Monday,Excellent,Normal,Normal
2026-05-25 13:30:03.718141,device_010,camera,warehouse_a,64.5,76.7,63.43,-61,5580,False,13,2026-05-25,Monday,Good,Normal,Normal
2026-05-25 13:30:03.718141,device_011,camera,factory_floor_1,66.3,71.3,62.97,-66,5580,False,13,2026-05-25,Monday,Good,Normal,Normal
2026-05-25 13:30:03.718141,device_012,camera,server_room,70.1,74.3,59.61,-51,5580,False,13,2026-05-25,Monday,Excellent,Normal,High
2026-05-25 13:30:03.718141,device_013,sensor,factory_floor_2,13.6,32.4,45.25,-64,5580,False,13,2026-05-25,Monday,Good,Normal,Normal
2026-05-25 13:30:03.718141,device_014,controller,server_room,17.2,39.5,48.72,-64,5580,False,13,2026-05-25,Monday,Good,Normal,Normal
2026-05-25 13:30:03.718141,device_015,sensor,loading_bay,16.0,36.1,41.96,-66,5580,False,13,2026-05-25,Monday,Good,Normal,Normal
2026-05-25 13:31:03.718141,device_001,gateway,warehouse_a,25.1,52.6,48.02,-57,5520,False,13,2026-05-25,Monday,Excellent,Normal,Normal
2026-05-25 13:31:03.718141,device_002,camera,factory_floor_2,66.1,70.6,63.02,-64,5520,False,13,2026-05-25,Monday,Good,Normal,Normal
2026-05-25 13:31:03.718141,device_003,sensor,warehouse_b,9.7,37.0,40.99,-56,5520,False,13,2026-05-25,Monday,Excellent,Normal,Normal
2026-05-25 13:31:03.718141,device_004,camera,warehouse_b,72.4,73.2,63.11,-60,5520,False,13,2026-05-25,Monday,Excellent,Normal,High
2026-05-25 13:31:03.718141,device_005,gateway,warehouse_a,29.5,50.8,47.49,-58,5520,False,13,2026-05-25,Monday,Excellent,Normal,Normal
2026-05-25 13:31:03.718141,device_006,sensor,factory_floor_2,10.3,36.8,41.97,-61,5520,False,13,2026-05-25,Monday,Good,Normal,Normal
2026-05-25 13:31:03.718141,device_007,sensor,warehouse_a,16.4,40.0,44.18,-56,5520,False,13,2026-05-25,Monday,Excellent,Normal,Normal
2026-05-25 13:31:03.718141,device_008,gateway,loading_bay,28.5,54.8,49.58,-57,5520,False,13,2026-05-25,Monday,Excellent,Normal,Normal
2026-05-25 13:31:03.718141,device_009,sensor,office_block,4.0,38.2,46.67,-55,5520,False,13,2026-05-25,Monday,Excellent,Normal,Normal
2026-05-25 13:31:03.718141,device_010,camera,warehouse_a,67.6,61.9,64.71,-55,5520,False,13,2026-05-25,Monday,Excellent,Normal,Normal
2026-05-25 13:31:03.718141,device_011,camera,factory_floor_1,67.9,70.0,57.07,-61,5520,False,13,2026-05-25,Monday,Good,Normal,Normal
2026-05-25 13:31:03.718141,device_012,camera,server_room,63.4,70.9,62.99,-53,5520,False,13,2026-05-25,Monday,Excellent,Normal,Normal
2026-05-25 13:31:03.718141,device_013,sensor,factory_floor_2,14.7,37.8,40.19,-57,5520,False,13,2026-05-25,Monday,Excellent,Normal,Normal
2026-05-25 13:31:03.718141,device_014,controller,server_room,18.8,41.3,43.09,-53,5520,False,13,2026-05-25,Monday,Excellent,Normal,Normal
2026-05-25 13:31:03.718141,device_015,sensor,loading_bay,37.3,36.9,65.34,-58,5520,True,13,2026-05-25,Monday,Excellent,Normal,Normal
2026-05-25 13:32:03.718141,device_001,gateway,warehouse_a,22.2,63.1,51.58,-61,5460,False,13,2026-05-25,Monday,Good,Normal,Normal
2026-05-25 13:32:03.718141,device_002,camera,factory_floor_2,65.6,72.0,60.02,-57,5460,False,13,2026-05-25,Monday,Excellent,Normal,Normal
2026-05-25 13:32:03.718141,device_003,sensor,warehouse_b,11.8,37.0,40.63,-66,5460,False,13,2026-05-25,Monday,Good,Normal,Normal
2026-05-25 13:32:03.718141,device_004,camera,warehouse_b,63.4,70.7,63.16,-61,5460,False,13,2026-05-25,Monday,Good,Normal,Normal
2026-05-25 13:32:03.718141,device_005,gateway,warehouse_a,30.4,51.7,49.72,-49,5460,False,13,2026-05-25,Monday,Excellent,Normal,Normal
2026-05-25 13:32:03.718141,device_006,sensor,factory_floor_2,12.7,36.1,41.76,-61,5460,False,13,2026-05-25,Monday,Good,Normal,Normal
2026-05-25 13:32:03.718141,device_007,sensor,warehouse_a,6.5,32.6,44.7,-55,5460,False,13,2026-05-25,Monday,Excellent,Normal,Normal
2026-05-25 13:32:03.718141,device_008,gateway,loading_bay,27.3,59.7,54.36,-59,5460,False,13,2026-05-25,Monday,Excellent,Normal,Normal
2026-05-25 13:32:03.718141,device_009,sensor,office_block,5.4,36.3,47.88,-64,5460,False,13,2026-05-25,Monday,Good,Normal,Normal
2026-05-25 13:32:03.718141,device_010,camera,warehouse_a,59.8,68.5,62.11,-60,5460,False,13,2026-05-25,Monday,Excellent,Normal,Normal
2026-05-25 13:32:03.718141,device_011,camera,factory_floor_1,97.2,70.3,80.87,-50,5460,True,13,2026-05-25,Monday,Excellent,Critical,Critical
2026-05-25 13:32:03.718141,device_012,camera,server_room,60.4,65.4,63.97,-55,5460,False,13,2026-05-25,Monday,Excellent,Normal,Normal
2026-05-25 13:32:03.718141,device_013,sensor,factory_floor_2,2.5,41.4,43.1,-57,5460,False,13,2026-05-25,Monday,Excellent,Normal,Normal
2026-05-25 13:32:03.718141,device_014,controller,server_room,16.2,49.3,50.1,-57,5460,False,13,2026-05-25,Monday,Excellent,Normal,Normal
2026-05-25 13:32:03.718141,device_015,sensor,loading_bay,12.1,30.6,41.07,-61,5460,False,13,2026-05-25,Monday,Good,Normal,Normal
2026-05-25 13:33:03.718141,device_001,gateway,warehouse_a,17.0,59.7,51.21,-61,5400,False,13,2026-05-25,Monday,Good,Normal,Normal
2026-05-25 13:33:03.718141,device_002,camera,factory_floor_2,59.4,66.2,63.1,-65,5400,False,13,2026-05-25,Monday,Good,Normal,Normal
2026-05-25 13:33:03.718141,device_003,sensor,warehouse_b,8.5,32.4,44.12,-67,5400,False,13,2026-05-25,Monday,Good,Normal,Normal
2026-05-25 13:33:03.718141,device_004,camera,warehouse_b,65.9,72.8,59.75,-61,5400,False,13,2026-05-25,Monday,Good,Normal,Normal
2026-05-25 13:33:03.718141,device_005,gateway,warehouse_a,29.2,61.2,52.17,-50,5400,False,13,2026-05-25,Monday,Excellent,Normal,Normal
2026-05-25 13:33:03.718141,device_006,sensor,factory_floor_2,11.3,34.7,39.93,-59,5400,False,13,2026-05-25,Monday,Excellent,Normal,Normal
2026-05-25 13:33:03.718141,device_007,sensor,warehouse_a,7.6,45.1,42.24,-55,5400,False,13,2026-05-25,Monday,Excellent,Normal,Normal
2026-05-25 13:33:03.718141,device_008,gateway,loading_bay,29.9,52.8,45.89,-52,5400,False,13,2026-05-25,Monday,Excellent,Normal,Normal
2026-05-25 13:33:03.718141,device_009,sensor,office_block,1.0,27.1,41.01,-58,5400,False,13,2026-05-25,Monday,Excellent,Normal,Normal
2026-05-25 13:33:03.718141,device_010,camera,warehouse_a,60.6,71.5,56.44,-59,5400,False,13,2026-05-25,Monday,Excellent,Normal,Normal
2026-05-25 13:33:03.718141,device_011,camera,factory_floor_1,65.0,69.6,61.91,-65,5400,False,13,2026-05-25,Monday,Good,Normal,Normal
2026-05-25 13:33:03.718141,device_012,camera,server_room,58.0,77.7,62.54,-55,5400,False,13,2026-05-25,Monday,Excellent,Normal,Normal
2026-05-25 13:33:03.718141,device_013,sensor,factory_floor_2,10.0,29.3,40.72,-70,5400,False,13,2026-05-25,Monday,Good,Normal,Normal
2026-05-25 13:33:03.718141,device_014,controller,server_room,13.5,49.3,49.36,-64,5400,False,13,2026-05-25,Monday,Good,Normal,Normal
2026-05-25 13:33:03.718141,device_015,sensor,loading_bay,9.3,37.8,44.4,-56,5400,False,13,2026-05-25,Monday,Excellent,Normal,Normal
2026-05-25 13:34:03.718141,device_001,gateway,warehouse_a,30.5,55.7,50.02,-59,5340,False,13,2026-05-25,Monday,Excellent,Normal,Normal
2026-05-25 13:34:03.718141,device_002,camera,factory_floor_2,60.8,71.3,61.05,-61,5340,False,13,2026-05-25,Monday,Good,Normal,Normal
2026-05-25 13:34:03.718141,device_003,sensor,warehouse_b,46.4,36.9,58.07,-68,5340,True,13,2026-05-25,Monday,Good,Normal,Normal
2026-05-25 13:34:03.718141,device_004,camera,warehouse_b,72.4,73.3,63.28,-54,5340,False,13,2026-05-25,Monday,Excellent,Normal,High
2026-05-25 13:34:03.718141,device_005,gateway,warehouse_a,30.9,50.7,55.9,-61,5340,False,13,2026-05-25,Monday,Good,Normal,Normal
2026-05-25 13:34:03.718141,device_006,sensor,factory_floor_2,1.1,26.4,41.98,-64,5340,False,13,2026-05-25,Monday,Good,Normal,Normal
2026-05-25 13:34:03.718141,device_007,sensor,warehouse_a,14.2,33.3,45.66,-65,5340,False,13,2026-05-25,Monday,Good,Normal,Normal
2026-05-25 13:34:03.718141,device_008,gateway,loading_bay,26.1,55.2,51.78,-55,5340,False,13,2026-05-25,Monday,Excellent,Normal,Normal
2026-05-25 13:34:03.718141,device_009,sensor,office_block,8.6,34.3,43.67,-54,5340,False,13,2026-05-25,Monday,Excellent,Normal,Normal
2026-05-25 13:34:03.718141,device_010,camera,warehouse_a,69.7,67.6,62.34,-54,5340,False,13,2026-05-25,Monday,Excellent,Normal,Normal
2026-05-25 13:34:03.718141,device_011,camera,factory_floor_1,71.7,69.6,56.93,-53,5340,False,13,2026-05-25,Monday,Excellent,Normal,High
2026-05-25 13:34:03.718141,device_012,camera,server_room,69.8,71.2,58.83,-64,5340,False,13,2026-05-25,Monday,Good,Normal,Normal
2026-05-25 13:34:03.718141,device_013,sensor,factory_floor_2,10.7,34.7,39.42,-59,5340,False,13,2026-05-25,Monday,Excellent,Normal,Normal
2026-05-25 13:34:03.718141,device_014,controller,server_room,17.2,54.2,46.34,-60,5340,False,13,2026-05-25,Monday,Excellent,Normal,Normal
2026-05-25 13:34:03.718141,device_015,sensor,loading_bay,4.2,33.4,45.01,-58,5340,False,13,2026-05-25,Monday,Excellent,Normal,Normal
2026-05-25 13:35:03.718141,device_001,gateway,warehouse_a,22.6,57.6,52.31,-63,5280,False,13,2026-05-25,Monday,Good,Normal,Normal
2026-05-25 13:35:03.718141,device_002,camera,factory_floor_2,69.6,81.8,65.69,-51,5280,False,13,2026-05-25,Monday,Excellent,Normal,Normal
2026-05-25 13:35:03.718141,device_003,sensor,warehouse_b,39.3,36.8,60.01,-68,5280,True,13,2026-05-25,Monday,Good,Normal,Normal
2026-05-25 13:35:03.718141,device_004,camera,warehouse_b,63.7,64.8,63.78,-53,5280,False,13,2026-05-25,Monday,Excellent,Normal,Normal
2026-05-25 13:35:03.718141,device_005,gateway,warehouse_a,39.8,48.3,54.57,-54,5280,False,13,2026-05-25,Monday,Excellent,Normal,Normal
2026-05-25 13:35:03.718141,device_006,sensor,factory_floor_2,4.5,39.7,44.45,-65,5280,False,13,2026-05-25,Monday,Good,Normal,Normal
2026-05-25 13:35:03.718141,device_007,sensor,warehouse_a,1.6,27.2,44.14,-65,5280,False,13,2026-05-25,Monday,Good,Normal,Normal
2026-05-25 13:35:03.718141,device_008,gateway,loading_bay,27.6,52.8,55.34,-57,5280,False,13,2026-05-25,Monday,Excellent,Normal,Normal
2026-05-25 13:35:03.718141,device_009,sensor,office_block,1.0,32.6,42.44,-54,5280,False,13,2026-05-25,Monday,Excellent,Normal,Normal
2026-05-25 13:35:03.718141,device_010,camera,warehouse_a,68.1,66.9,58.34,-52,5280,False,13,2026-05-25,Monday,Excellent,Normal,Normal
2026-05-25 13:35:03.718141,device_011,camera,factory_floor_1,54.9,69.4,61.51,-60,5280,False,13,2026-05-25,Monday,Excellent,Normal,Normal
2026-05-25 13:35:03.718141,device_012,camera,server_room,59.1,74.1,61.58,-65,5280,False,13,2026-05-25,Monday,Good,Normal,Normal
2026-05-25 13:35:03.718141,device_013,sensor,factory_floor_2,6.9,36.1,42.8,-64,5280,False,13,2026-05-25,Monday,Good,Normal,Normal
2026-05-25 13:35:03.718141,device_014,controller,server_room,12.0,43.1,54.17,-55,5280,False,13,2026-05-25,Monday,Excellent,Normal,Normal
2026-05-25 13:35:03.718141,device_015,sensor,loading_bay,11.3,34.4,44.31,-67,5280,False,13,2026-05-25,Monday,Good,Normal,Normal
2026-05-25 13:36:03.718141,device_001,gateway,warehouse_a,31.0,49.3,52.74,-58,5220,False,13,2026-05-25,Monday,Excellent,Normal,Normal
2026-05-25 13:36:03.718141,device_002,camera,factory_floor_2,63.3,68.2,59.16,-64,5220,False,13,2026-05-25,Monday,Good,Normal,Normal
2026-05-25 13:36:03.718141,device_003,sensor,warehouse_b,1.5,41.4,45.38,-62,5220,False,13,2026-05-25,Monday,Good,Normal,Normal
2026-05-25 13:36:03.718141,device_004,camera,warehouse_b,69.9,68.6,64.81,-66,5220,False,13,2026-05-25,Monday,Good,Normal,Normal
2026-05-25 13:36:03.718141,device_005,gateway,warehouse_a,24.8,57.6,49.66,-48,5220,False,13,2026-05-25,Monday,Excellent,Normal,Normal
2026-05-25 13:36:03.718141,device_006,sensor,factory_floor_2,9.1,40.2,41.77,-67,5220,False,13,2026-05-25,Monday,Good,Normal,Normal
2026-05-25 13:36:03.718141,device_007,sensor,warehouse_a,40.0,32.3,59.48,-62,5220,True,13,2026-05-25,Monday,Good,Normal,Normal
2026-05-25 13:36:03.718141,device_008,gateway,loading_bay,31.4,57.2,55.13,-63,5220,False,13,2026-05-25,Monday,Good,Normal,Normal
2026-05-25 13:36:03.718141,device_009,sensor,office_block,17.5,36.8,46.91,-69,5220,False,13,2026-05-25,Monday,Good,Normal,Normal
2026-05-25 13:36:03.718141,device_010,camera,warehouse_a,60.8,68.5,57.07,-50,5220,False,13,2026-05-25,Monday,Excellent,Normal,Normal
2026-05-25 13:36:03.718141,device_011,camera,factory_floor_1,68.8,71.7,66.48,-54,5220,False,13,2026-05-25,Monday,Excellent,Normal,Normal
2026-05-25 13:36:03.718141,device_012,camera,server_room,70.8,72.5,60.26,-58,5220,False,13,2026-05-25,Monday,Excellent,Normal,High
2026-05-25 13:36:03.718141,device_013,sensor,factory_floor_2,12.1,33.3,36.06,-55,5220,False,13,2026-05-25,Monday,Excellent,Normal,Normal
2026-05-25 13:36:03.718141,device_014,controller,server_room,22.7,40.2,48.82,-55,5220,False,13,2026-05-25,Monday,Excellent,Normal,Normal
2026-05-25 13:36:03.718141,device_015,sensor,loading_bay,1.0,34.7,40.9,-60,5220,False,13,2026-05-25,Monday,Excellent,Normal,Normal
2026-05-25 13:37:03.718141,device_001,gateway,warehouse_a,23.6,57.0,52.43,-56,5160,False,13,2026-05-25,Monday,Excellent,Normal,Normal
2026-05-25 13:37:03.718141,device_002,camera,factory_floor_2,68.4,64.7,53.93,-54,5160,False,13,2026-05-25,Monday,Excellent,Normal,Normal
2026-05-25 13:37:03.718141,device_003,sensor,warehouse_b,6.5,37.0,43.72,-69,5160,False,13,2026-05-25,Monday,Good,Normal,Normal
2026-05-25 13:37:03.718141,device_004,camera,warehouse_b,67.4,68.7,59.85,-56,5160,False,13,2026-05-25,Monday,Excellent,Normal,Normal
2026-05-25 13:37:03.718141,device_005,gateway,warehouse_a,24.4,51.3,54.3,-63,5160,False,13,2026-05-25,Monday,Good,Normal,Normal
2026-05-25 13:37:03.718141,device_006,sensor,factory_floor_2,12.3,34.8,42.62,-58,5160,False,13,2026-05-25,Monday,Excellent,Normal,Normal
2026-05-25 13:37:03.718141,device_007,sensor,warehouse_a,4.7,32.4,37.93,-66,5160,False,13,2026-05-25,Monday,Good,Normal,Normal
2026-05-25 13:37:03.718141,device_008,gateway,loading_bay,26.3,54.2,44.89,-60,5160,False,13,2026-05-25,Monday,Excellent,Normal,Normal
2026-05-25 13:37:03.718141,device_009,sensor,office_block,12.6,33.0,43.7,-62,5160,False,13,2026-05-25,Monday,Good,Normal,Normal
2026-05-25 13:37:03.718141,device_010,camera,warehouse_a,65.2,70.6,59.33,-59,5160,False,13,2026-05-25,Monday,Excellent,Normal,Normal
2026-05-25 13:37:03.718141,device_011,camera,factory_floor_1,72.7,72.1,63.91,-51,5160,False,13,2026-05-25,Monday,Excellent,Normal,High
2026-05-25 13:37:03.718141,device_012,camera,server_room,62.5,63.3,63.25,-60,5160,False,13,2026-05-25,Monday,Excellent,Normal,Normal
2026-05-25 13:37:03.718141,device_013,sensor,factory_floor_2,36.7,38.0,63.75,-60,5160,True,13,2026-05-25,Monday,Excellent,Normal,Normal
2026-05-25 13:37:03.718141,device_014,controller,server_room,51.3,44.2,68.88,-57,5160,True,13,2026-05-25,Monday,Excellent,Normal,Normal
2026-05-25 13:37:03.718141,device_015,sensor,loading_bay,10.7,31.6,39.14,-60,5160,False,13,2026-05-25,Monday,Excellent,Normal,Normal
2026-05-25 13:38:03.718141,device_001,gateway,warehouse_a,28.3,47.7,52.52,-56,5100,False,13,2026-05-25,Monday,Excellent,Normal,Normal
2026-05-25 13:38:03.718141,device_002,camera,factory_floor_2,67.3,69.7,63.32,-54,5100,False,13,2026-05-25,Monday,Excellent,Normal,Normal
2026-05-25 13:38:03.718141,device_003,sensor,warehouse_b,19.9,33.6,39.95,-68,5100,False,13,2026-05-25,Monday,Good,Normal,Normal
2026-05-25 13:38:03.718141,device_004,camera,warehouse_b,63.0,68.7,60.77,-51,5100,False,13,2026-05-25,Monday,Excellent,Normal,Normal
2026-05-25 13:38:03.718141,device_005,gateway,warehouse_a,21.0,54.6,50.36,-60,5100,False,13,2026-05-25,Monday,Excellent,Normal,Normal
2026-05-25 13:38:03.718141,device_006,sensor,factory_floor_2,14.1,40.3,48.61,-61,5100,False,13,2026-05-25,Monday,Good,Normal,Normal
2026-05-25 13:38:03.718141,device_007,sensor,warehouse_a,4.1,34.4,39.91,-66,5100,False,13,2026-05-25,Monday,Good,Normal,Normal
2026-05-25 13:38:03.718141,device_008,gateway,loading_bay,36.9,49.7,51.5,-47,5100,False,13,2026-05-25,Monday,Excellent,Normal,Normal
2026-05-25 13:38:03.718141,device_009,sensor,office_block,5.5,37.8,44.27,-55,5100,False,13,2026-05-25,Monday,Excellent,Normal,Normal
2026-05-25 13:38:03.718141,device_010,camera,warehouse_a,64.0,60.9,63.05,-57,5100,False,13,2026-05-25,Monday,Excellent,Normal,Normal
2026-05-25 13:38:03.718141,device_011,camera,factory_floor_1,65.5,66.7,63.58,-52,5100,False,13,2026-05-25,Monday,Excellent,Normal,Normal
2026-05-25 13:38:03.718141,device_012,camera,server_room,60.8,76.4,55.4,-52,5100,False,13,2026-05-25,Monday,Excellent,Normal,Normal
2026-05-25 13:38:03.718141,device_013,sensor,factory_floor_2,4.4,37.4,42.72,-55,5100,False,13,2026-05-25,Monday,Excellent,Normal,Normal
2026-05-25 13:38:03.718141,device_014,controller,server_room,25.6,42.8,47.54,-61,5100,False,13,2026-05-25,Monday,Good,Normal,Normal
2026-05-25 13:38:03.718141,device_015,sensor,loading_bay,8.9,34.3,45.85,-65,5100,False,13,2026-05-25,Monday,Good,Normal,Normal
2026-05-25 13:39:03.718141,device_001,gateway,warehouse_a,23.2,50.1,47.38,-61,5040,False,13,2026-05-25,Monday,Good,Normal,Normal
2026-05-25 13:39:03.718141,device_002,camera,factory_floor_2,69.3,67.6,60.04,-66,5040,False,13,2026-05-25,Monday,Good,Normal,Normal
2026-05-25 13:39:03.718141,device_003,sensor,warehouse_b,4.4,34.0,42.26,-60,5040,False,13,2026-05-25,Monday,Excellent,Normal,Normal
2026-05-25 13:39:03.718141,device_004,camera,warehouse_b,63.6,76.2,65.05,-58,5040,False,13,2026-05-25,Monday,Excellent,Normal,Normal
2026-05-25 13:39:03.718141,device_005,gateway,warehouse_a,19.9,51.9,52.98,-55,5040,False,13,2026-05-25,Monday,Excellent,Normal,Normal
2026-05-25 13:39:03.718141,device_006,sensor,factory_floor_2,6.8,34.1,42.93,-67,5040,False,13,2026-05-25,Monday,Good,Normal,Normal
2026-05-25 13:39:03.718141,device_007,sensor,warehouse_a,9.2,36.2,44.02,-55,5040,False,13,2026-05-25,Monday,Excellent,Normal,Normal
2026-05-25 13:39:03.718141,device_008,gateway,loading_bay,24.8,49.2,50.11,-53,5040,False,13,2026-05-25,Monday,Excellent,Normal,Normal
2026-05-25 13:39:03.718141,device_009,sensor,office_block,3.7,31.8,47.89,-68,5040,False,13,2026-05-25,Monday,Good,Normal,Normal
2026-05-25 13:39:03.718141,device_010,camera,warehouse_a,59.0,69.6,61.96,-54,5040,False,13,2026-05-25,Monday,Excellent,Normal,Normal
2026-05-25 13:39:03.718141,device_011,camera,factory_floor_1,64.0,72.2,65.23,-54,5040,False,13,2026-05-25,Monday,Excellent,Normal,Normal
2026-05-25 13:39:03.718141,device_012,camera,server_room,62.4,68.0,59.73,-53,5040,False,13,2026-05-25,Monday,Excellent,Normal,Normal
2026-05-25 13:39:03.718141,device_013,sensor,factory_floor_2,12.4,27.8,41.08,-63,5040,False,13,2026-05-25,Monday,Good,Normal,Normal
2026-05-25 13:39:03.718141,device_014,controller,server_room,17.8,53.7,43.39,-59,5040,False,13,2026-05-25,Monday,Excellent,Normal,Normal
2026-05-25 13:39:03.718141,device_015,sensor,loading_bay,3.2,36.0,41.51,-68,5040,False,13,2026-05-25,Monday,Good,Normal,Normal
2026-05-25 13:40:03.718141,device_001,gateway,warehouse_a,26.6,56.7,51.13,-57,4980,False,13,2026-05-25,Monday,Excellent,Normal,Normal
2026-05-25 13:40:03.718141,device_002,camera,factory_floor_2,72.6,75.9,63.3,-63,4980,False,13,2026-05-25,Monday,Good,Normal,High
2026-05-25 13:40:03.718141,device_003,sensor,warehouse_b,2.8,35.6,42.95,-66,4980,False,13,2026-05-25,Monday,Good,Normal,Normal
2026-05-25 13:40:03.718141,device_004,camera,warehouse_b,66.8,69.1,65.13,-54,4980,False,13,2026-05-25,Monday,Excellent,Normal,Normal
2026-05-25 13:40:03.718141,device_005,gateway,warehouse_a,26.0,47.9,53.6,-63,4980,False,13,2026-05-25,Monday,Good,Normal,Normal
2026-05-25 13:40:03.718141,device_006,sensor,factory_floor_2,6.8,31.3,41.6,-64,4980,False,13,2026-05-25,Monday,Good,Normal,Normal
2026-05-25 13:40:03.718141,device_007,sensor,warehouse_a,13.3,34.5,38.81,-57,4980,False,13,2026-05-25,Monday,Excellent,Normal,Normal
2026-05-25 13:40:03.718141,device_008,gateway,loading_bay,29.5,55.0,56.06,-52,4980,False,13,2026-05-25,Monday,Excellent,Normal,Normal
2026-05-25 13:40:03.718141,device_009,sensor,office_block,12.7,35.5,44.1,-66,4980,False,13,2026-05-25,Monday,Good,Normal,Normal
2026-05-25 13:40:03.718141,device_010,camera,warehouse_a,59.6,70.4,56.7,-59,4980,False,13,2026-05-25,Monday,Excellent,Normal,Normal
2026-05-25 13:40:03.718141,device_011,camera,factory_floor_1,62.3,73.0,63.76,-66,4980,False,13,2026-05-25,Monday,Good,Normal,Normal
2026-05-25 13:40:03.718141,device_012,camera,server_room,64.1,72.0,57.53,-52,4980,False,13,2026-05-25,Monday,Excellent,Normal,Normal
2026-05-25 13:40:03.718141,device_013,sensor,factory_floor_2,2.9,31.1,39.72,-61,4980,False,13,2026-05-25,Monday,Good,Normal,Normal
2026-05-25 13:40:03.718141,device_014,controller,server_room,17.3,45.0,51.51,-53,4980,False,13,2026-05-25,Monday,Excellent,Normal,Normal
2026-05-25 13:40:03.718141,device_015,sensor,loading_bay,5.8,37.2,37.42,-66,4980,False,13,2026-05-25,Monday,Good,Normal,Normal
2026-05-25 13:41:03.718141,device_001,gateway,warehouse_a,24.1,53.6,52.35,-59,4920,False,13,2026-05-25,Monday,Excellent,Normal,Normal
2026-05-25 13:41:03.718141,device_002,camera,factory_floor_2,69.2,69.8,60.53,-65,4920,False,13,2026-05-25,Monday,Good,Normal,Normal
2026-05-25 13:41:03.718141,device_003,sensor,warehouse_b,10.4,38.6,48.32,-61,4920,False,13,2026-05-25,Monday,Good,Normal,Normal
2026-05-25 13:41:03.718141,device_004,camera,warehouse_b,64.6,67.9,61.01,-63,4920,False,13,2026-05-25,Monday,Good,Normal,Normal
2026-05-25 13:41:03.718141,device_005,gateway,warehouse_a,23.3,51.9,50.34,-48,4920,False,13,2026-05-25,Monday,Excellent,Normal,Normal
2026-05-25 13:41:03.718141,device_006,sensor,factory_floor_2,11.3,40.3,38.79,-64,4920,False,13,2026-05-25,Monday,Good,Normal,Normal
2026-05-25 13:41:03.718141,device_007,sensor,warehouse_a,11.8,35.0,42.06,-58,4920,False,13,2026-05-25,Monday,Excellent,Normal,Normal
2026-05-25 13:41:03.718141,device_008,gateway,loading_bay,25.2,59.4,52.81,-53,4920,False,13,2026-05-25,Monday,Excellent,Normal,Normal
2026-05-25 13:41:03.718141,device_009,sensor,office_block,4.5,37.8,37.4,-64,4920,False,13,2026-05-25,Monday,Good,Normal,Normal
2026-05-25 13:41:03.718141,device_010,camera,warehouse_a,66.6,67.1,57.64,-59,4920,False,13,2026-05-25,Monday,Excellent,Normal,Normal
2026-05-25 13:41:03.718141,device_011,camera,factory_floor_1,60.7,68.7,58.83,-65,4920,False,13,2026-05-25,Monday,Good,Normal,Normal
2026-05-25 13:41:03.718141,device_012,camera,server_room,63.7,67.0,59.05,-61,4920,False,13,2026-05-25,Monday,Good,Normal,Normal
2026-05-25 13:41:03.718141,device_013,sensor,factory_floor_2,6.9,33.7,42.5,-58,4920,False,13,2026-05-25,Monday,Excellent,Normal,Normal
2026-05-25 13:41:03.718141,device_014,controller,server_room,23.8,38.6,49.52,-63,4920,False,13,2026-05-25,Monday,Good,Normal,Normal
2026-05-25 13:41:03.718141,device_015,sensor,loading_bay,10.6,33.3,43.82,-58,4920,False,13,2026-05-25,Monday,Excellent,Normal,Normal
2026-05-25 13:42:03.718141,device_001,gateway,warehouse_a,20.5,55.0,52.02,-48,4860,False,13,2026-05-25,Monday,Excellent,Normal,Normal
2026-05-25 13:42:03.718141,device_002,camera,factory_floor_2,59.4,69.6,56.65,-54,4860,False,13,2026-05-25,Monday,Excellent,Normal,Normal
2026-05-25 13:42:03.718141,device_003,sensor,warehouse_b,6.8,34.7,40.75,-54,4860,False,13,2026-05-25,Monday,Excellent,Normal,Normal
2026-05-25 13:42:03.718141,device_004,camera,warehouse_b,59.5,72.1,59.7,-57,4860,False,13,2026-05-25,Monday,Excellent,Normal,Normal
2026-05-25 13:42:03.718141,device_005,gateway,warehouse_a,26.3,53.1,46.98,-57,4860,False,13,2026-05-25,Monday,Excellent,Normal,Normal
2026-05-25 13:42:03.718141,device_006,sensor,factory_floor_2,2.6,36.3,42.8,-58,4860,False,13,2026-05-25,Monday,Excellent,Normal,Normal
2026-05-25 13:42:03.718141,device_007,sensor,warehouse_a,1.0,30.6,44.28,-60,4860,False,13,2026-05-25,Monday,Excellent,Normal,Normal
2026-05-25 13:42:03.718141,device_008,gateway,loading_bay,35.8,50.0,51.85,-62,4860,False,13,2026-05-25,Monday,Good,Normal,Normal
2026-05-25 13:42:03.718141,device_009,sensor,office_block,2.3,33.4,43.04,-61,4860,False,13,2026-05-25,Monday,Good,Normal,Normal
2026-05-25 13:42:03.718141,device_010,camera,warehouse_a,64.5,67.2,65.84,-61,4860,False,13,2026-05-25,Monday,Good,Normal,Normal
2026-05-25 13:42:03.718141,device_011,camera,factory_floor_1,65.3,71.1,65.26,-52,4860,False,13,2026-05-25,Monday,Excellent,Normal,Normal
2026-05-25 13:42:03.718141,device_012,camera,server_room,57.0,65.3,62.52,-57,4860,False,13,2026-05-25,Monday,Excellent,Normal,Normal
2026-05-25 13:42:03.718141,device_013,sensor,factory_floor_2,15.0,46.9,39.53,-64,4860,False,13,2026-05-25,Monday,Good,Normal,Normal
2026-05-25 13:42:03.718141,device_014,controller,server_room,25.3,45.1,45.61,-62,4860,False,13,2026-05-25,Monday,Good,Normal,Normal
2026-05-25 13:42:03.718141,device_015,sensor,loading_bay,11.8,36.8,44.35,-70,4860,False,13,2026-05-25,Monday,Good,Normal,Normal
2026-05-25 13:43:03.718141,device_001,gateway,warehouse_a,34.3,53.5,51.63,-60,4800,False,13,2026-05-25,Monday,Excellent,Normal,Normal
2026-05-25 13:43:03.718141,device_002,camera,factory_floor_2,63.3,71.5,63.58,-62,4800,False,13,2026-05-25,Monday,Good,Normal,Normal
2026-05-25 13:43:03.718141,device_003,sensor,warehouse_b,9.5,26.8,44.39,-57,4800,False,13,2026-05-25,Monday,Excellent,Normal,Normal
2026-05-25 13:43:03.718141,device_004,camera,warehouse_b,66.6,76.7,61.66,-61,4800,False,13,2026-05-25,Monday,Good,Normal,Normal
2026-05-25 13:43:03.718141,device_005,gateway,warehouse_a,20.4,55.3,56.67,-60,4800,False,13,2026-05-25,Monday,Excellent,Normal,Normal
2026-05-25 13:43:03.718141,device_006,sensor,factory_floor_2,10.4,37.2,47.03,-55,4800,False,13,2026-05-25,Monday,Excellent,Normal,Normal
2026-05-25 13:43:03.718141,device_007,sensor,warehouse_a,10.0,33.1,42.73,-69,4800,False,13,2026-05-25,Monday,Good,Normal,Normal
2026-05-25 13:43:03.718141,device_008,gateway,loading_bay,27.9,54.8,49.85,-47,4800,False,13,2026-05-25,Monday,Excellent,Normal,Normal
2026-05-25 13:43:03.718141,device_009,sensor,office_block,1.0,34.5,43.29,-57,4800,False,13,2026-05-25,Monday,Excellent,Normal,Normal
2026-05-25 13:43:03.718141,device_010,camera,warehouse_a,63.3,64.3,61.66,-54,4800,False,13,2026-05-25,Monday,Excellent,Normal,Normal
2026-05-25 13:43:03.718141,device_011,camera,factory_floor_1,74.6,69.4,60.69,-63,4800,False,13,2026-05-25,Monday,Good,Normal,High
2026-05-25 13:43:03.718141,device_012,camera,server_room,60.2,75.5,61.07,-51,4800,False,13,2026-05-25,Monday,Excellent,Normal,Normal
2026-05-25 13:43:03.718141,device_013,sensor,factory_floor_2,13.2,37.2,44.56,-65,4800,False,13,2026-05-25,Monday,Good,Normal,Normal
2026-05-25 13:43:03.718141,device_014,controller,server_room,16.2,44.2,43.65,-56,4800,False,13,2026-05-25,Monday,Excellent,Normal,Normal
2026-05-25 13:43:03.718141,device_015,sensor,loading_bay,6.8,36.2,45.15,-68,4800,False,13,2026-05-25,Monday,Good,Normal,Normal
2026-05-25 13:44:03.718141,device_001,gateway,warehouse_a,36.1,53.2,55.59,-51,4740,False,13,2026-05-25,Monday,Excellent,Normal,Normal
2026-05-25 13:44:03.718141,device_002,camera,factory_floor_2,56.0,75.4,65.16,-52,4740,False,13,2026-05-25,Monday,Excellent,Normal,Normal
2026-05-25 13:44:03.718141,device_003,sensor,warehouse_b,1.2,36.5,46.53,-67,4740,False,13,2026-05-25,Monday,Good,Normal,Normal
2026-05-25 13:44:03.718141,device_004,camera,warehouse_b,65.8,75.4,65.84,-63,4740,False,13,2026-05-25,Monday,Good,Normal,Normal
2026-05-25 13:44:03.718141,device_005,gateway,warehouse_a,31.3,57.5,53.42,-47,4740,False,13,2026-05-25,Monday,Excellent,Normal,Normal
2026-05-25 13:44:03.718141,device_006,sensor,factory_floor_2,6.0,31.4,41.83,-55,4740,False,13,2026-05-25,Monday,Excellent,Normal,Normal
2026-05-25 13:44:03.718141,device_007,sensor,warehouse_a,6.3,32.5,40.9,-67,4740,False,13,2026-05-25,Monday,Good,Normal,Normal
2026-05-25 13:44:03.718141,device_008,gateway,loading_bay,28.7,57.0,51.03,-58,4740,False,13,2026-05-25,Monday,Excellent,Normal,Normal
2026-05-25 13:44:03.718141,device_009,sensor,office_block,1.0,35.5,41.66,-57,4740,False,13,2026-05-25,Monday,Excellent,Normal,Normal
2026-05-25 13:44:03.718141,device_010,camera,warehouse_a,63.4,63.7,60.48,-62,4740,False,13,2026-05-25,Monday,Good,Normal,Normal
2026-05-25 13:44:03.718141,device_011,camera,factory_floor_1,66.8,72.0,62.94,-64,4740,False,13,2026-05-25,Monday,Good,Normal,Normal
2026-05-25 13:44:03.718141,device_012,camera,server_room,70.2,71.9,61.6,-61,4740,False,13,2026-05-25,Monday,Good,Normal,High
2026-05-25 13:44:03.718141,device_013,sensor,factory_floor_2,8.8,28.7,44.06,-70,4740,False,13,2026-05-25,Monday,Good,Normal,Normal
2026-05-25 13:44:03.718141,device_014,controller,server_room,13.5,35.2,52.76,-52,4740,False,13,2026-05-25,Monday,Excellent,Normal,Normal
2026-05-25 13:44:03.718141,device_015,sensor,loading_bay,7.3,34.6,45.52,-54,4740,False,13,2026-05-25,Monday,Excellent,Normal,Normal
2026-05-25 13:45:03.718141,device_001,gateway,warehouse_a,26.0,53.6,52.39,-60,4680,False,13,2026-05-25,Monday,Excellent,Normal,Normal
2026-05-25 13:45:03.718141,device_002,camera,factory_floor_2,65.2,74.4,58.95,-60,4680,False,13,2026-05-25,Monday,Excellent,Normal,Normal
2026-05-25 13:45:03.718141,device_003,sensor,warehouse_b,15.1,29.5,41.6,-67,4680,False,13,2026-05-25,Monday,Good,Normal,Normal
2026-05-25 13:45:03.718141,device_004,camera,warehouse_b,62.4,72.0,60.45,-61,4680,False,13,2026-05-25,Monday,Good,Normal,Normal
2026-05-25 13:45:03.718141,device_005,gateway,warehouse_a,53.0,57.0,69.69,-49,4680,True,13,2026-05-25,Monday,Excellent,Normal,Normal
2026-05-25 13:45:03.718141,device_006,sensor,factory_floor_2,12.7,29.7,40.14,-67,4680,False,13,2026-05-25,Monday,Good,Normal,Normal
2026-05-25 13:45:03.718141,device_007,sensor,warehouse_a,24.4,33.9,44.35,-64,4680,False,13,2026-05-25,Monday,Good,Normal,Normal
2026-05-25 13:45:03.718141,device_008,gateway,loading_bay,32.3,58.5,51.63,-61,4680,False,13,2026-05-25,Monday,Good,Normal,Normal
2026-05-25 13:45:03.718141,device_009,sensor,office_block,8.8,34.5,42.27,-69,4680,False,13,2026-05-25,Monday,Good,Normal,Normal
2026-05-25 13:45:03.718141,device_010,camera,warehouse_a,57.8,66.2,66.81,-63,4680,False,13,2026-05-25,Monday,Good,Normal,Normal
2026-05-25 13:45:03.718141,device_011,camera,factory_floor_1,58.2,66.2,60.36,-55,4680,False,13,2026-05-25,Monday,Excellent,Normal,Normal
2026-05-25 13:45:03.718141,device_012,camera,server_room,64.7,74.0,63.06,-61,4680,False,13,2026-05-25,Monday,Good,Normal,Normal
2026-05-25 13:45:03.718141,device_013,sensor,factory_floor_2,12.1,35.2,41.08,-70,4680,False,13,2026-05-25,Monday,Good,Normal,Normal
2026-05-25 13:45:03.718141,device_014,controller,server_room,20.0,47.3,42.73,-67,4680,False,13,2026-05-25,Monday,Good,Normal,Normal
2026-05-25 13:45:03.718141,device_015,sensor,loading_bay,1.0,33.4,48.12,-54,4680,False,13,2026-05-25,Monday,Excellent,Normal,Normal
2026-05-25 13:46:03.718141,device_001,gateway,warehouse_a,27.1,52.5,49.69,-54,4620,False,13,2026-05-25,Monday,Excellent,Normal,Normal
2026-05-25 13:46:03.718141,device_002,camera,factory_floor_2,76.4,63.8,63.82,-52,4620,False,13,2026-05-25,Monday,Excellent,Normal,High
2026-05-25 13:46:03.718141,device_003,sensor,warehouse_b,15.5,33.9,45.58,-55,4620,False,13,2026-05-25,Monday,Excellent,Normal,Normal
2026-05-25 13:46:03.718141,device_004,camera,warehouse_b,66.5,77.9,60.96,-50,4620,False,13,2026-05-25,Monday,Excellent,Normal,Normal
2026-05-25 13:46:03.718141,device_005,gateway,warehouse_a,24.0,53.3,52.44,-52,4620,False,13,2026-05-25,Monday,Excellent,Normal,Normal
2026-05-25 13:46:03.718141,device_006,sensor,factory_floor_2,1.0,30.3,48.57,-54,4620,False,13,2026-05-25,Monday,Excellent,Normal,Normal
2026-05-25 13:46:03.718141,device_007,sensor,warehouse_a,9.1,33.4,36.78,-67,4620,False,13,2026-05-25,Monday,Good,Normal,Normal
2026-05-25 13:46:03.718141,device_008,gateway,loading_bay,30.1,57.3,49.53,-62,4620,False,13,2026-05-25,Monday,Good,Normal,Normal
2026-05-25 13:46:03.718141,device_009,sensor,office_block,6.7,40.4,45.48,-64,4620,False,13,2026-05-25,Monday,Good,Normal,Normal
2026-05-25 13:46:03.718141,device_010,camera,warehouse_a,62.1,70.7,61.23,-60,4620,False,13,2026-05-25,Monday,Excellent,Normal,Normal
2026-05-25 13:46:03.718141,device_011,camera,factory_floor_1,68.1,70.8,61.04,-60,4620,False,13,2026-05-25,Monday,Excellent,Normal,Normal
2026-05-25 13:46:03.718141,device_012,camera,server_room,63.8,75.2,61.35,-58,4620,False,13,2026-05-25,Monday,Excellent,Normal,Normal
2026-05-25 13:46:03.718141,device_013,sensor,factory_floor_2,11.2,37.9,44.1,-57,4620,False,13,2026-05-25,Monday,Excellent,Normal,Normal
2026-05-25 13:46:03.718141,device_014,controller,server_room,17.2,40.7,48.96,-60,4620,False,13,2026-05-25,Monday,Excellent,Normal,Normal
2026-05-25 13:46:03.718141,device_015,sensor,loading_bay,14.3,34.7,33.65,-65,4620,False,13,2026-05-25,Monday,Good,Normal,Normal
2026-05-25 13:47:03.718141,device_001,gateway,warehouse_a,33.7,56.6,47.91,-61,4560,False,13,2026-05-25,Monday,Good,Normal,Normal
2026-05-25 13:47:03.718141,device_002,camera,factory_floor_2,61.6,73.8,59.89,-53,4560,False,13,2026-05-25,Monday,Excellent,Normal,Normal
2026-05-25 13:47:03.718141,device_003,sensor,warehouse_b,9.0,31.1,35.9,-66,4560,False,13,2026-05-25,Monday,Good,Normal,Normal
2026-05-25 13:47:03.718141,device_004,camera,warehouse_b,69.9,77.0,62.35,-64,4560,False,13,2026-05-25,Monday,Good,Normal,Normal
2026-05-25 13:47:03.718141,device_005,gateway,warehouse_a,36.4,65.0,50.97,-55,4560,False,13,2026-05-25,Monday,Excellent,Normal,Normal
2026-05-25 13:47:03.718141,device_006,sensor,factory_floor_2,8.1,32.5,39.11,-64,4560,False,13,2026-05-25,Monday,Good,Normal,Normal
2026-05-25 13:47:03.718141,device_007,sensor,warehouse_a,1.0,41.4,46.82,-54,4560,False,13,2026-05-25,Monday,Excellent,Normal,Normal
2026-05-25 13:47:03.718141,device_008,gateway,loading_bay,22.9,55.4,51.32,-50,4560,False,13,2026-05-25,Monday,Excellent,Normal,Normal
2026-05-25 13:47:03.718141,device_009,sensor,office_block,3.2,34.2,36.73,-60,4560,False,13,2026-05-25,Monday,Excellent,Normal,Normal
2026-05-25 13:47:03.718141,device_010,camera,warehouse_a,63.4,70.9,59.83,-53,4560,False,13,2026-05-25,Monday,Excellent,Normal,Normal
2026-05-25 13:47:03.718141,device_011,camera,factory_floor_1,72.1,70.7,60.09,-59,4560,False,13,2026-05-25,Monday,Excellent,Normal,High
2026-05-25 13:47:03.718141,device_012,camera,server_room,68.6,67.5,62.66,-63,4560,False,13,2026-05-25,Monday,Good,Normal,Normal
2026-05-25 13:47:03.718141,device_013,sensor,factory_floor_2,8.5,30.5,43.64,-57,4560,False,13,2026-05-25,Monday,Excellent,Normal,Normal
2026-05-25 13:47:03.718141,device_014,controller,server_room,24.3,42.1,52.29,-66,4560,False,13,2026-05-25,Monday,Good,Normal,Normal
2026-05-25 13:47:03.718141,device_015,sensor,loading_bay,9.0,32.8,43.93,-60,4560,False,13,2026-05-25,Monday,Excellent,Normal,Normal
2026-05-25 13:48:03.718141,device_001,gateway,warehouse_a,30.4,49.1,52.49,-59,4500,False,13,2026-05-25,Monday,Excellent,Normal,Normal
2026-05-25 13:48:03.718141,device_002,camera,factory_floor_2,67.3,73.8,57.7,-59,4500,False,13,2026-05-25,Monday,Excellent,Normal,Normal
2026-05-25 13:48:03.718141,device_003,sensor,warehouse_b,4.6,40.5,41.52,-67,4500,False,13,2026-05-25,Monday,Good,Normal,Normal
2026-05-25 13:48:03.718141,device_004,camera,warehouse_b,67.5,65.9,57.76,-59,4500,False,13,2026-05-25,Monday,Excellent,Normal,Normal
2026-05-25 13:48:03.718141,device_005,gateway,warehouse_a,25.0,56.4,53.18,-60,4500,False,13,2026-05-25,Monday,Excellent,Normal,Normal
2026-05-25 13:48:03.718141,device_006,sensor,factory_floor_2,3.8,36.1,38.5,-67,4500,False,13,2026-05-25,Monday,Good,Normal,Normal
2026-05-25 13:48:03.718141,device_007,sensor,warehouse_a,7.1,35.1,48.47,-61,4500,False,13,2026-05-25,Monday,Good,Normal,Normal
2026-05-25 13:48:03.718141,device_008,gateway,loading_bay,37.1,48.7,48.49,-48,4500,False,13,2026-05-25,Monday,Excellent,Normal,Normal
2026-05-25 13:48:03.718141,device_009,sensor,office_block,2.4,42.0,45.57,-59,4500,False,13,2026-05-25,Monday,Excellent,Normal,Normal
2026-05-25 13:48:03.718141,device_010,camera,warehouse_a,61.1,65.3,59.62,-57,4500,False,13,2026-05-25,Monday,Excellent,Normal,Normal
2026-05-25 13:48:03.718141,device_011,camera,factory_floor_1,55.9,70.9,63.16,-63,4500,False,13,2026-05-25,Monday,Good,Normal,Normal
2026-05-25 13:48:03.718141,device_012,camera,server_room,65.1,76.6,56.8,-61,4500,False,13,2026-05-25,Monday,Good,Normal,Normal
2026-05-25 13:48:03.718141,device_013,sensor,factory_floor_2,5.5,29.2,43.6,-58,4500,False,13,2026-05-25,Monday,Excellent,Normal,Normal
2026-05-25 13:48:03.718141,device_014,controller,server_room,17.0,46.3,48.87,-56,4500,False,13,2026-05-25,Monday,Excellent,Normal,Normal
2026-05-25 13:48:03.718141,device_015,sensor,loading_bay,8.8,30.5,43.48,-66,4500,False,13,2026-05-25,Monday,Good,Normal,Normal
2026-05-25 13:49:03.718141,device_001,gateway,warehouse_a,29.0,55.9,52.34,-47,4440,False,13,2026-05-25,Monday,Excellent,Normal,Normal
2026-05-25 13:49:03.718141,device_002,camera,factory_floor_2,65.4,64.7,57.18,-62,4440,False,13,2026-05-25,Monday,Good,Normal,Normal
2026-05-25 13:49:03.718141,device_003,sensor,warehouse_b,1.0,38.3,44.45,-62,4440,False,13,2026-05-25,Monday,Good,Normal,Normal
2026-05-25 13:49:03.718141,device_004,camera,warehouse_b,69.2,61.5,61.92,-55,4440,False,13,2026-05-25,Monday,Excellent,Normal,Normal
2026-05-25 13:49:03.718141,device_005,gateway,warehouse_a,22.9,55.5,52.51,-56,4440,False,13,2026-05-25,Monday,Excellent,Normal,Normal
2026-05-25 13:49:03.718141,device_006,sensor,factory_floor_2,6.9,35.0,43.11,-57,4440,False,13,2026-05-25,Monday,Excellent,Normal,Normal
2026-05-25 13:49:03.718141,device_007,sensor,warehouse_a,8.6,38.9,40.08,-65,4440,False,13,2026-05-25,Monday,Good,Normal,Normal
2026-05-25 13:49:03.718141,device_008,gateway,loading_bay,25.8,51.9,48.01,-52,4440,False,13,2026-05-25,Monday,Excellent,Normal,Normal
2026-05-25 13:49:03.718141,device_009,sensor,office_block,6.3,34.8,44.98,-54,4440,False,13,2026-05-25,Monday,Excellent,Normal,Normal
2026-05-25 13:49:03.718141,device_010,camera,warehouse_a,64.1,73.1,57.25,-53,4440,False,13,2026-05-25,Monday,Excellent,Normal,Normal
2026-05-25 13:49:03.718141,device_011,camera,factory_floor_1,61.7,75.9,60.7,-59,4440,False,13,2026-05-25,Monday,Excellent,Normal,Normal
2026-05-25 13:49:03.718141,device_012,camera,server_room,67.5,62.9,56.12,-64,4440,False,13,2026-05-25,Monday,Good,Normal,Normal
2026-05-25 13:49:03.718141,device_013,sensor,factory_floor_2,7.7,37.6,38.36,-57,4440,False,13,2026-05-25,Monday,Excellent,Normal,Normal
2026-05-25 13:49:03.718141,device_014,controller,server_room,18.2,42.2,48.5,-66,4440,False,13,2026-05-25,Monday,Good,Normal,Normal
2026-05-25 13:49:03.718141,device_015,sensor,loading_bay,16.7,33.9,50.53,-68,4440,False,13,2026-05-25,Monday,Good,Normal,Normal
2026-05-25 13:50:03.718141,device_001,gateway,warehouse_a,29.8,54.0,52.29,-61,4380,False,13,2026-05-25,Monday,Good,Normal,Normal
2026-05-25 13:50:03.718141,device_002,camera,factory_floor_2,60.8,65.5,57.75,-65,4380,False,13,2026-05-25,Monday,Good,Normal,Normal
2026-05-25 13:50:03.718141,device_003,sensor,warehouse_b,10.0,24.7,40.44,-61,4380,False,13,2026-05-25,Monday,Good,Normal,Normal
2026-05-25 13:50:03.718141,device_004,camera,warehouse_b,67.2,75.4,60.89,-51,4380,False,13,2026-05-25,Monday,Excellent,Normal,Normal
2026-05-25 13:50:03.718141,device_005,gateway,warehouse_a,29.9,46.1,47.56,-63,4380,False,13,2026-05-25,Monday,Good,Normal,Normal
2026-05-25 13:50:03.718141,device_006,sensor,factory_floor_2,4.4,38.8,40.12,-57,4380,False,13,2026-05-25,Monday,Excellent,Normal,Normal
2026-05-25 13:50:03.718141,device_007,sensor,warehouse_a,8.0,29.7,45.4,-66,4380,False,13,2026-05-25,Monday,Good,Normal,Normal
2026-05-25 13:50:03.718141,device_008,gateway,loading_bay,32.8,46.9,54.16,-47,4380,False,13,2026-05-25,Monday,Excellent,Normal,Normal
2026-05-25 13:50:03.718141,device_009,sensor,office_block,14.6,36.6,42.28,-67,4380,False,13,2026-05-25,Monday,Good,Normal,Normal
2026-05-25 13:50:03.718141,device_010,camera,warehouse_a,60.7,65.3,64.83,-60,4380,False,13,2026-05-25,Monday,Excellent,Normal,Normal
2026-05-25 13:50:03.718141,device_011,camera,factory_floor_1,69.2,66.1,63.46,-66,4380,False,13,2026-05-25,Monday,Good,Normal,Normal
2026-05-25 13:50:03.718141,device_012,camera,server_room,74.9,72.6,61.69,-55,4380,False,13,2026-05-25,Monday,Excellent,Normal,High
2026-05-25 13:50:03.718141,device_013,sensor,factory_floor_2,1.0,30.1,48.35,-54,4380,False,13,2026-05-25,Monday,Excellent,Normal,Normal
2026-05-25 13:50:03.718141,device_014,controller,server_room,23.1,42.5,45.02,-67,4380,False,13,2026-05-25,Monday,Good,Normal,Normal
2026-05-25 13:50:03.718141,device_015,sensor,loading_bay,11.9,29.9,45.08,-65,4380,False,13,2026-05-25,Monday,Good,Normal,Normal
2026-05-25 13:51:03.718141,device_001,gateway,warehouse_a,33.5,51.2,55.13,-47,4320,False,13,2026-05-25,Monday,Excellent,Normal,Normal
2026-05-25 13:51:03.718141,device_002,camera,factory_floor_2,73.0,67.5,56.63,-61,4320,False,13,2026-05-25,Monday,Good,Normal,High
2026-05-25 13:51:03.718141,device_003,sensor,warehouse_b,10.4,36.1,39.44,-66,4320,False,13,2026-05-25,Monday,Good,Normal,Normal
2026-05-25 13:51:03.718141,device_004,camera,warehouse_b,66.2,73.3,60.44,-65,4320,False,13,2026-05-25,Monday,Good,Normal,Normal
2026-05-25 13:51:03.718141,device_005,gateway,warehouse_a,26.9,59.6,52.69,-51,4320,False,13,2026-05-25,Monday,Excellent,Normal,Normal
2026-05-25 13:51:03.718141,device_006,sensor,factory_floor_2,12.0,30.4,44.36,-67,4320,False,13,2026-05-25,Monday,Good,Normal,Normal
2026-05-25 13:51:03.718141,device_007,sensor,warehouse_a,10.6,29.9,39.36,-63,4320,False,13,2026-05-25,Monday,Good,Normal,Normal
2026-05-25 13:51:03.718141,device_008,gateway,loading_bay,27.6,58.2,49.29,-60,4320,False,13,2026-05-25,Monday,Excellent,Normal,Normal
2026-05-25 13:51:03.718141,device_009,sensor,office_block,12.1,31.7,36.29,-55,4320,False,13,2026-05-25,Monday,Excellent,Normal,Normal
2026-05-25 13:51:03.718141,device_010,camera,warehouse_a,57.7,71.8,59.61,-60,4320,False,13,2026-05-25,Monday,Excellent,Normal,Normal
2026-05-25 13:51:03.718141,device_011,camera,factory_floor_1,93.8,75.2,79.23,-54,4320,True,13,2026-05-25,Monday,Excellent,Warning,Critical
2026-05-25 13:51:03.718141,device_012,camera,server_room,53.5,67.8,64.71,-57,4320,False,13,2026-05-25,Monday,Excellent,Normal,Normal
2026-05-25 13:51:03.718141,device_013,sensor,factory_floor_2,7.6,41.2,40.42,-54,4320,False,13,2026-05-25,Monday,Excellent,Normal,Normal
2026-05-25 13:51:03.718141,device_014,controller,server_room,11.8,47.1,48.04,-67,4320,False,13,2026-05-25,Monday,Good,Normal,Normal
2026-05-25 13:51:03.718141,device_015,sensor,loading_bay,1.0,34.4,39.24,-55,4320,False,13,2026-05-25,Monday,Excellent,Normal,Normal
2026-05-25 13:52:03.718141,device_001,gateway,warehouse_a,23.6,53.6,49.55,-63,4260,False,13,2026-05-25,Monday,Good,Normal,Normal
2026-05-25 13:52:03.718141,device_002,camera,factory_floor_2,68.2,74.3,59.97,-56,4260,False,13,2026-05-25,Monday,Excellent,Normal,Normal
2026-05-25 13:52:03.718141,device_003,sensor,warehouse_b,3.0,42.7,38.24,-67,4260,False,13,2026-05-25,Monday,Good,Normal,Normal
2026-05-25 13:52:03.718141,device_004,camera,warehouse_b,91.7,63.0,77.07,-61,4260,True,13,2026-05-25,Monday,Good,Warning,Critical
2026-05-25 13:52:03.718141,device_005,gateway,warehouse_a,33.4,54.0,50.98,-63,4260,False,13,2026-05-25,Monday,Good,Normal,Normal
2026-05-25 13:52:03.718141,device_006,sensor,factory_floor_2,7.2,34.3,45.04,-55,4260,False,13,2026-05-25,Monday,Excellent,Normal,Normal
2026-05-25 13:52:03.718141,device_007,sensor,warehouse_a,19.7,39.2,42.4,-54,4260,False,13,2026-05-25,Monday,Excellent,Normal,Normal
2026-05-25 13:52:03.718141,device_008,gateway,loading_bay,32.0,52.7,51.89,-59,4260,False,13,2026-05-25,Monday,Excellent,Normal,Normal
2026-05-25 13:52:03.718141,device_009,sensor,office_block,9.7,32.7,43.53,-55,4260,False,13,2026-05-25,Monday,Excellent,Normal,Normal
2026-05-25 13:52:03.718141,device_010,camera,warehouse_a,95.8,78.3,84.71,-58,4260,True,13,2026-05-25,Monday,Excellent,Critical,Critical
2026-05-25 13:52:03.718141,device_011,camera,factory_floor_1,69.3,67.5,66.59,-54,4260,False,13,2026-05-25,Monday,Excellent,Normal,Normal
2026-05-25 13:52:03.718141,device_012,camera,server_room,68.5,66.4,65.02,-55,4260,False,13,2026-05-25,Monday,Excellent,Normal,Normal
2026-05-25 13:52:03.718141,device_013,sensor,factory_floor_2,5.6,31.1,47.21,-65,4260,False,13,2026-05-25,Monday,Good,Normal,Normal
2026-05-25 13:52:03.718141,device_014,controller,server_room,11.3,49.8,52.58,-60,4260,False,13,2026-05-25,Monday,Excellent,Normal,Normal
2026-05-25 13:52:03.718141,device_015,sensor,loading_bay,10.2,33.2,41.86,-56,4260,False,13,2026-05-25,Monday,Excellent,Normal,Normal
2026-05-25 13:53:03.718141,device_001,gateway,warehouse_a,29.4,56.0,56.74,-49,4200,False,13,2026-05-25,Monday,Excellent,Normal,Normal
2026-05-25 13:53:03.718141,device_002,camera,factory_floor_2,75.8,69.9,58.31,-55,4200,False,13,2026-05-25,Monday,Excellent,Normal,High
2026-05-25 13:53:03.718141,device_003,sensor,warehouse_b,6.1,34.4,38.74,-70,4200,False,13,2026-05-25,Monday,Good,Normal,Normal
2026-05-25 13:53:03.718141,device_004,camera,warehouse_b,67.1,78.7,62.57,-60,4200,False,13,2026-05-25,Monday,Excellent,Normal,Normal
2026-05-25 13:53:03.718141,device_005,gateway,warehouse_a,30.3,55.3,55.45,-54,4200,False,13,2026-05-25,Monday,Excellent,Normal,Normal
2026-05-25 13:53:03.718141,device_006,sensor,factory_floor_2,16.4,37.1,49.2,-58,4200,False,13,2026-05-25,Monday,Excellent,Normal,Normal
2026-05-25 13:53:03.718141,device_007,sensor,warehouse_a,3.0,36.1,40.35,-60,4200,False,13,2026-05-25,Monday,Excellent,Normal,Normal
2026-05-25 13:53:03.718141,device_008,gateway,loading_bay,30.3,56.8,54.1,-58,4200,False,13,2026-05-25,Monday,Excellent,Normal,Normal
2026-05-25 13:53:03.718141,device_009,sensor,office_block,8.0,36.6,40.09,-55,4200,False,13,2026-05-25,Monday,Excellent,Normal,Normal
2026-05-25 13:53:03.718141,device_010,camera,warehouse_a,74.3,72.1,64.06,-58,4200,False,13,2026-05-25,Monday,Excellent,Normal,High
2026-05-25 13:53:03.718141,device_011,camera,factory_floor_1,70.1,68.0,59.89,-51,4200,False,13,2026-05-25,Monday,Excellent,Normal,High
2026-05-25 13:53:03.718141,device_012,camera,server_room,61.3,68.3,60.62,-62,4200,False,13,2026-05-25,Monday,Good,Normal,Normal
2026-05-25 13:53:03.718141,device_013,sensor,factory_floor_2,14.0,31.8,40.57,-58,4200,False,13,2026-05-25,Monday,Excellent,Normal,Normal
2026-05-25 13:53:03.718141,device_014,controller,server_room,27.7,45.6,46.65,-56,4200,False,13,2026-05-25,Monday,Excellent,Normal,Normal
2026-05-25 13:53:03.718141,device_015,sensor,loading_bay,10.3,39.9,38.59,-67,4200,False,13,2026-05-25,Monday,Good,Normal,Normal
2026-05-25 13:54:03.718141,device_001,gateway,warehouse_a,31.2,52.3,56.68,-59,4140,False,13,2026-05-25,Monday,Excellent,Normal,Normal
2026-05-25 13:54:03.718141,device_002,camera,factory_floor_2,65.5,71.1,61.12,-50,4140,False,13,2026-05-25,Monday,Excellent,Normal,Normal
2026-05-25 13:54:03.718141,device_003,sensor,warehouse_b,30.7,29.3,62.33,-63,4140,True,13,2026-05-25,Monday,Good,Normal,Normal
2026-05-25 13:54:03.718141,device_004,camera,warehouse_b,66.8,62.6,54.61,-56,4140,False,13,2026-05-25,Monday,Excellent,Normal,Normal
2026-05-25 13:54:03.718141,device_005,gateway,warehouse_a,32.1,51.0,50.36,-63,4140,False,13,2026-05-25,Monday,Good,Normal,Normal
2026-05-25 13:54:03.718141,device_006,sensor,factory_floor_2,14.4,38.5,42.98,-61,4140,False,13,2026-05-25,Monday,Good,Normal,Normal
2026-05-25 13:54:03.718141,device_007,sensor,warehouse_a,7.2,32.6,50.04,-68,4140,False,13,2026-05-25,Monday,Good,Normal,Normal
2026-05-25 13:54:03.718141,device_008,gateway,loading_bay,36.7,48.4,51.82,-56,4140,False,13,2026-05-25,Monday,Excellent,Normal,Normal
2026-05-25 13:54:03.718141,device_009,sensor,office_block,10.4,30.8,42.94,-54,4140,False,13,2026-05-25,Monday,Excellent,Normal,Normal
2026-05-25 13:54:03.718141,device_010,camera,warehouse_a,60.4,71.4,60.93,-58,4140,False,13,2026-05-25,Monday,Excellent,Normal,Normal
2026-05-25 13:54:03.718141,device_011,camera,factory_floor_1,52.6,68.0,64.16,-58,4140,False,13,2026-05-25,Monday,Excellent,Normal,Normal
2026-05-25 13:54:03.718141,device_012,camera,server_room,58.3,69.9,63.82,-59,4140,False,13,2026-05-25,Monday,Excellent,Normal,Normal
2026-05-25 13:54:03.718141,device_013,sensor,factory_floor_2,14.1,35.0,43.31,-57,4140,False,13,2026-05-25,Monday,Excellent,Normal,Normal
2026-05-25 13:54:03.718141,device_014,controller,server_room,17.2,43.3,49.45,-65,4140,False,13,2026-05-25,Monday,Good,Normal,Normal
2026-05-25 13:54:03.718141,device_015,sensor,loading_bay,3.7,34.4,43.83,-54,4140,False,13,2026-05-25,Monday,Excellent,Normal,Normal
2026-05-25 13:55:03.718141,device_001,gateway,warehouse_a,28.2,54.5,55.27,-57,4080,False,13,2026-05-25,Monday,Excellent,Normal,Normal
2026-05-25 13:55:03.718141,device_002,camera,factory_floor_2,65.1,71.7,59.2,-62,4080,False,13,2026-05-25,Monday,Good,Normal,Normal
2026-05-25 13:55:03.718141,device_003,sensor,warehouse_b,9.7,32.7,44.7,-66,4080,False,13,2026-05-25,Monday,Good,Normal,Normal
2026-05-25 13:55:03.718141,device_004,camera,warehouse_b,62.7,71.0,63.38,-58,4080,False,13,2026-05-25,Monday,Excellent,Normal,Normal
2026-05-25 13:55:03.718141,device_005,gateway,warehouse_a,23.5,48.2,55.92,-59,4080,False,13,2026-05-25,Monday,Excellent,Normal,Normal
2026-05-25 13:55:03.718141,device_006,sensor,factory_floor_2,11.9,42.5,38.2,-64,4080,False,13,2026-05-25,Monday,Good,Normal,Normal
2026-05-25 13:55:03.718141,device_007,sensor,warehouse_a,1.0,34.7,45.46,-69,4080,False,13,2026-05-25,Monday,Good,Normal,Normal
2026-05-25 13:55:03.718141,device_008,gateway,loading_bay,26.2,57.5,52.56,-47,4080,False,13,2026-05-25,Monday,Excellent,Normal,Normal
2026-05-25 13:55:03.718141,device_009,sensor,office_block,3.5,37.6,39.55,-63,4080,False,13,2026-05-25,Monday,Good,Normal,Normal
2026-05-25 13:55:03.718141,device_010,camera,warehouse_a,56.5,82.2,59.25,-53,4080,False,13,2026-05-25,Monday,Excellent,Normal,Normal
2026-05-25 13:55:03.718141,device_011,camera,factory_floor_1,60.2,67.7,64.44,-50,4080,False,13,2026-05-25,Monday,Excellent,Normal,Normal
2026-05-25 13:55:03.718141,device_012,camera,server_room,67.5,74.5,62.96,-65,4080,False,13,2026-05-25,Monday,Good,Normal,Normal
2026-05-25 13:55:03.718141,device_013,sensor,factory_floor_2,7.0,32.6,47.97,-62,4080,False,13,2026-05-25,Monday,Good,Normal,Normal
2026-05-25 13:55:03.718141,device_014,controller,server_room,19.2,40.5,48.74,-57,4080,False,13,2026-05-25,Monday,Excellent,Normal,Normal
2026-05-25 13:55:03.718141,device_015,sensor,loading_bay,6.6,33.3,42.48,-63,4080,False,13,2026-05-25,Monday,Good,Normal,Normal
2026-05-25 13:56:03.718141,device_001,gateway,warehouse_a,40.2,59.7,49.48,-62,4020,False,13,2026-05-25,Monday,Good,Normal,Normal
2026-05-25 13:56:03.718141,device_002,camera,factory_floor_2,69.3,66.5,60.96,-66,4020,False,13,2026-05-25,Monday,Good,Normal,Normal
2026-05-25 13:56:03.718141,device_003,sensor,warehouse_b,4.2,27.9,40.45,-60,4020,False,13,2026-05-25,Monday,Excellent,Normal,Normal
2026-05-25 13:56:03.718141,device_004,camera,warehouse_b,60.0,75.4,56.55,-51,4020,False,13,2026-05-25,Monday,Excellent,Normal,Normal
2026-05-25 13:56:03.718141,device_005,gateway,warehouse_a,31.1,57.4,54.36,-60,4020,False,13,2026-05-25,Monday,Excellent,Normal,Normal
2026-05-25 13:56:03.718141,device_006,sensor,factory_floor_2,8.8,32.6,46.38,-62,4020,False,13,2026-05-25,Monday,Good,Normal,Normal
2026-05-25 13:56:03.718141,device_007,sensor,warehouse_a,8.5,29.7,44.24,-59,4020,False,13,2026-05-25,Monday,Excellent,Normal,Normal
2026-05-25 13:56:03.718141,device_008,gateway,loading_bay,43.5,55.6,52.09,-60,4020,False,13,2026-05-25,Monday,Excellent,Normal,Normal
2026-05-25 13:56:03.718141,device_009,sensor,office_block,14.3,35.2,44.74,-70,4020,False,13,2026-05-25,Monday,Good,Normal,Normal
2026-05-25 13:56:03.718141,device_010,camera,warehouse_a,65.7,67.8,56.49,-62,4020,False,13,2026-05-25,Monday,Good,Normal,Normal
2026-05-25 13:56:03.718141,device_011,camera,factory_floor_1,67.6,74.9,62.33,-55,4020,False,13,2026-05-25,Monday,Excellent,Normal,Normal
2026-05-25 13:56:03.718141,device_012,camera,server_room,64.4,74.2,56.84,-50,4020,False,13,2026-05-25,Monday,Excellent,Normal,Normal
2026-05-25 13:56:03.718141,device_013,sensor,factory_floor_2,15.2,34.3,44.69,-63,4020,False,13,2026-05-25,Monday,Good,Normal,Normal
2026-05-25 13:56:03.718141,device_014,controller,server_room,23.2,45.5,58.29,-62,4020,False,13,2026-05-25,Monday,Good,Normal,Normal
2026-05-25 13:56:03.718141,device_015,sensor,loading_bay,1.4,37.5,40.24,-68,4020,False,13,2026-05-25,Monday,Good,Normal,Normal
2026-05-25 13:57:03.718141,device_001,gateway,warehouse_a,20.0,56.5,52.51,-59,3960,False,13,2026-05-25,Monday,Excellent,Normal,Normal
2026-05-25 13:57:03.718141,device_002,camera,factory_floor_2,72.7,73.5,64.93,-63,3960,False,13,2026-05-25,Monday,Good,Normal,High
2026-05-25 13:57:03.718141,device_003,sensor,warehouse_b,1.0,37.8,44.76,-64,3960,False,13,2026-05-25,Monday,Good,Normal,Normal
2026-05-25 13:57:03.718141,device_004,camera,warehouse_b,66.3,66.9,55.81,-52,3960,False,13,2026-05-25,Monday,Excellent,Normal,Normal
2026-05-25 13:57:03.718141,device_005,gateway,warehouse_a,22.2,55.0,45.95,-61,3960,False,13,2026-05-25,Monday,Good,Normal,Normal
2026-05-25 13:57:03.718141,device_006,sensor,factory_floor_2,4.0,34.3,49.88,-60,3960,False,13,2026-05-25,Monday,Excellent,Normal,Normal
2026-05-25 13:57:03.718141,device_007,sensor,warehouse_a,14.5,32.9,37.29,-55,3960,False,13,2026-05-25,Monday,Excellent,Normal,Normal
2026-05-25 13:57:03.718141,device_008,gateway,loading_bay,28.5,53.3,49.28,-57,3960,False,13,2026-05-25,Monday,Excellent,Normal,Normal
2026-05-25 13:57:03.718141,device_009,sensor,office_block,6.9,42.4,41.3,-66,3960,False,13,2026-05-25,Monday,Good,Normal,Normal
2026-05-25 13:57:03.718141,device_010,camera,warehouse_a,66.9,72.2,62.44,-60,3960,False,13,2026-05-25,Monday,Excellent,Normal,Normal
2026-05-25 13:57:03.718141,device_011,camera,factory_floor_1,68.1,68.7,60.75,-58,3960,False,13,2026-05-25,Monday,Excellent,Normal,Normal
2026-05-25 13:57:03.718141,device_012,camera,server_room,65.8,74.5,64.47,-55,3960,False,13,2026-05-25,Monday,Excellent,Normal,Normal
2026-05-25 13:57:03.718141,device_013,sensor,factory_floor_2,6.8,34.2,44.3,-56,3960,False,13,2026-05-25,Monday,Excellent,Normal,Normal
2026-05-25 13:57:03.718141,device_014,controller,server_room,18.2,44.3,46.58,-65,3960,False,13,2026-05-25,Monday,Good,Normal,Normal
2026-05-25 13:57:03.718141,device_015,sensor,loading_bay,14.7,35.5,42.28,-68,3960,False,13,2026-05-25,Monday,Good,Normal,Normal
2026-05-25 13:58:03.718141,device_001,gateway,warehouse_a,20.8,54.0,51.07,-47,3900,False,13,2026-05-25,Monday,Excellent,Normal,Normal
2026-05-25 13:58:03.718141,device_002,camera,factory_floor_2,60.9,68.3,61.06,-50,3900,False,13,2026-05-25,Monday,Excellent,Normal,Normal
2026-05-25 13:58:03.718141,device_003,sensor,warehouse_b,8.4,31.2,42.36,-65,3900,False,13,2026-05-25,Monday,Good,Normal,Normal
2026-05-25 13:58:03.718141,device_004,camera,warehouse_b,63.0,74.7,61.23,-62,3900,False,13,2026-05-25,Monday,Good,Normal,Normal
2026-05-25 13:58:03.718141,device_005,gateway,warehouse_a,29.3,56.6,50.01,-62,3900,False,13,2026-05-25,Monday,Good,Normal,Normal
2026-05-25 13:58:03.718141,device_006,sensor,factory_floor_2,16.5,37.2,44.75,-64,3900,False,13,2026-05-25,Monday,Good,Normal,Normal
2026-05-25 13:58:03.718141,device_007,sensor,warehouse_a,11.6,39.3,46.32,-58,3900,False,13,2026-05-25,Monday,Excellent,Normal,Normal
2026-05-25 13:58:03.718141,device_008,gateway,loading_bay,30.8,50.7,55.21,-47,3900,False,13,2026-05-25,Monday,Excellent,Normal,Normal
2026-05-25 13:58:03.718141,device_009,sensor,office_block,1.0,35.3,42.47,-65,3900,False,13,2026-05-25,Monday,Good,Normal,Normal
2026-05-25 13:58:03.718141,device_010,camera,warehouse_a,62.3,62.5,63.48,-50,3900,False,13,2026-05-25,Monday,Excellent,Normal,Normal
2026-05-25 13:58:03.718141,device_011,camera,factory_floor_1,62.3,63.5,59.55,-54,3900,False,13,2026-05-25,Monday,Excellent,Normal,Normal
2026-05-25 13:58:03.718141,device_012,camera,server_room,72.5,67.6,56.92,-58,3900,False,13,2026-05-25,Monday,Excellent,Normal,High
2026-05-25 13:58:03.718141,device_013,sensor,factory_floor_2,12.5,30.6,43.94,-70,3900,False,13,2026-05-25,Monday,Good,Normal,Normal
2026-05-25 13:58:03.718141,device_014,controller,server_room,21.4,54.3,48.87,-62,3900,False,13,2026-05-25,Monday,Good,Normal,Normal
2026-05-25 13:58:03.718141,device_015,sensor,loading_bay,10.0,31.6,41.58,-70,3900,False,13,2026-05-25,Monday,Good,Normal,Normal
2026-05-25 13:59:03.718141,device_001,gateway,warehouse_a,24.3,60.5,49.52,-47,3840,False,13,2026-05-25,Monday,Excellent,Normal,Normal
2026-05-25 13:59:03.718141,device_002,camera,factory_floor_2,65.1,76.1,62.7,-50,3840,False,13,2026-05-25,Monday,Excellent,Normal,Normal
2026-05-25 13:59:03.718141,device_003,sensor,warehouse_b,1.0,35.2,45.84,-63,3840,False,13,2026-05-25,Monday,Good,Normal,Normal
2026-05-25 13:59:03.718141,device_004,camera,warehouse_b,67.2,67.0,58.51,-58,3840,False,13,2026-05-25,Monday,Excellent,Normal,Normal
2026-05-25 13:59:03.718141,device_005,gateway,warehouse_a,30.4,59.0,59.15,-58,3840,False,13,2026-05-25,Monday,Excellent,Normal,Normal
2026-05-25 13:59:03.718141,device_006,sensor,factory_floor_2,14.3,32.6,41.42,-63,3840,False,13,2026-05-25,Monday,Good,Normal,Normal
2026-05-25 13:59:03.718141,device_007,sensor,warehouse_a,4.1,26.8,40.54,-66,3840,False,13,2026-05-25,Monday,Good,Normal,Normal
2026-05-25 13:59:03.718141,device_008,gateway,loading_bay,24.4,54.3,50.32,-55,3840,False,13,2026-05-25,Monday,Excellent,Normal,Normal
2026-05-25 13:59:03.718141,device_009,sensor,office_block,8.7,34.9,43.09,-62,3840,False,13,2026-05-25,Monday,Good,Normal,Normal
2026-05-25 13:59:03.718141,device_010,camera,warehouse_a,62.1,67.7,55.11,-65,3840,False,13,2026-05-25,Monday,Good,Normal,Normal
2026-05-25 13:59:03.718141,device_011,camera,factory_floor_1,60.1,73.6,62.4,-59,3840,False,13,2026-05-25,Monday,Excellent,Normal,Normal
2026-05-25 13:59:03.718141,device_012,camera,server_room,69.7,69.5,63.27,-60,3840,False,13,2026-05-25,Monday,Excellent,Normal,Normal
2026-05-25 13:59:03.718141,device_013,sensor,factory_floor_2,5.4,29.0,39.76,-70,3840,False,13,2026-05-25,Monday,Good,Normal,Normal
2026-05-25 13:59:03.718141,device_014,controller,server_room,23.0,40.0,47.48,-57,3840,False,13,2026-05-25,Monday,Excellent,Normal,Normal
2026-05-25 13:59:03.718141,device_015,sensor,loading_bay,3.9,35.2,39.4,-62,3840,False,13,2026-05-25,Monday,Good,Normal,Normal
2026-05-25 14:00:03.718141,device_001,gateway,warehouse_a,33.3,46.0,50.96,-50,3780,False,14,2026-05-25,Monday,Excellent,Normal,Normal
2026-05-25 14:00:03.718141,device_002,camera,factory_floor_2,64.1,69.1,60.53,-57,3780,False,14,2026-05-25,Monday,Excellent,Normal,Normal
2026-05-25 14:00:03.718141,device_003,sensor,warehouse_b,4.9,35.3,42.65,-69,3780,False,14,2026-05-25,Monday,Good,Normal,Normal
2026-05-25 14:00:03.718141,device_004,camera,warehouse_b,64.9,68.3,62.24,-66,3780,False,14,2026-05-25,Monday,Good,Normal,Normal
2026-05-25 14:00:03.718141,device_005,gateway,warehouse_a,25.6,57.2,56.14,-56,3780,False,14,2026-05-25,Monday,Excellent,Normal,Normal
2026-05-25 14:00:03.718141,device_006,sensor,factory_floor_2,12.1,37.1,45.68,-62,3780,False,14,2026-05-25,Monday,Good,Normal,Normal
2026-05-25 14:00:03.718141,device_007,sensor,warehouse_a,12.6,35.8,37.26,-70,3780,False,14,2026-05-25,Monday,Good,Normal,Normal
2026-05-25 14:00:03.718141,device_008,gateway,loading_bay,27.1,58.7,57.03,-60,3780,False,14,2026-05-25,Monday,Excellent,Normal,Normal
2026-05-25 14:00:03.718141,device_009,sensor,office_block,4.8,35.7,43.12,-58,3780,False,14,2026-05-25,Monday,Excellent,Normal,Normal
2026-05-25 14:00:03.718141,device_010,camera,warehouse_a,67.3,71.4,57.94,-58,3780,False,14,2026-05-25,Monday,Excellent,Normal,Normal
2026-05-25 14:00:03.718141,device_011,camera,factory_floor_1,63.9,67.1,61.85,-60,3780,False,14,2026-05-25,Monday,Excellent,Normal,Normal
2026-05-25 14:00:03.718141,device_012,camera,server_room,62.1,65.8,64.52,-59,3780,False,14,2026-05-25,Monday,Excellent,Normal,Normal
2026-05-25 14:00:03.718141,device_013,sensor,factory_floor_2,3.1,31.9,41.85,-64,3780,False,14,2026-05-25,Monday,Good,Normal,Normal
2026-05-25 14:00:03.718141,device_014,controller,server_room,13.6,39.0,48.32,-56,3780,False,14,2026-05-25,Monday,Excellent,Normal,Normal
2026-05-25 14:00:03.718141,device_015,sensor,loading_bay,3.0,36.8,48.16,-63,3780,False,14,2026-05-25,Monday,Good,Normal,Normal
2026-05-25 14:01:03.718141,device_001,gateway,warehouse_a,24.3,57.3,53.25,-50,3720,False,14,2026-05-25,Monday,Excellent,Normal,Normal
2026-05-25 14:01:03.718141,device_002,camera,factory_floor_2,70.0,73.9,60.62,-51,3720,False,14,2026-05-25,Monday,Excellent,Normal,Normal
2026-05-25 14:01:03.718141,device_003,sensor,warehouse_b,1.0,35.7,38.83,-65,3720,False,14,2026-05-25,Monday,Good,Normal,Normal
2026-05-25 14:01:03.718141,device_004,camera,warehouse_b,66.6,71.0,58.26,-61,3720,False,14,2026-05-25,Monday,Good,Normal,Normal
2026-05-25 14:01:03.718141,device_005,gateway,warehouse_a,24.9,59.1,51.17,-48,3720,False,14,2026-05-25,Monday,Excellent,Normal,Normal
2026-05-25 14:01:03.718141,device_006,sensor,factory_floor_2,12.5,30.8,39.01,-65,3720,False,14,2026-05-25,Monday,Good,Normal,Normal
2026-05-25 14:01:03.718141,device_007,sensor,warehouse_a,5.9,32.4,41.92,-70,3720,False,14,2026-05-25,Monday,Good,Normal,Normal
2026-05-25 14:01:03.718141,device_008,gateway,loading_bay,33.2,56.6,53.04,-58,3720,False,14,2026-05-25,Monday,Excellent,Normal,Normal
2026-05-25 14:01:03.718141,device_009,sensor,office_block,1.7,23.7,45.5,-64,3720,False,14,2026-05-25,Monday,Good,Normal,Normal
2026-05-25 14:01:03.718141,device_010,camera,warehouse_a,69.2,68.3,63.8,-64,3720,False,14,2026-05-25,Monday,Good,Normal,Normal
2026-05-25 14:01:03.718141,device_011,camera,factory_floor_1,71.4,70.2,60.81,-52,3720,False,14,2026-05-25,Monday,Excellent,Normal,High
2026-05-25 14:01:03.718141,device_012,camera,server_room,66.7,75.4,70.56,-54,3720,False,14,2026-05-25,Monday,Excellent,Warning,Normal
2026-05-25 14:01:03.718141,device_013,sensor,factory_floor_2,11.5,35.6,39.26,-54,3720,False,14,2026-05-25,Monday,Excellent,Normal,Normal
2026-05-25 14:01:03.718141,device_014,controller,server_room,13.9,45.6,50.47,-68,3720,False,14,2026-05-25,Monday,Good,Normal,Normal
2026-05-25 14:01:03.718141,device_015,sensor,loading_bay,2.4,31.6,42.24,-58,3720,False,14,2026-05-25,Monday,Excellent,Normal,Normal
2026-05-25 14:02:03.718141,device_001,gateway,warehouse_a,28.8,55.1,49.42,-60,3660,False,14,2026-05-25,Monday,Excellent,Normal,Normal
2026-05-25 14:02:03.718141,device_002,camera,factory_floor_2,68.8,68.4,60.84,-65,3660,False,14,2026-05-25,Monday,Good,Normal,Normal
2026-05-25 14:02:03.718141,device_003,sensor,warehouse_b,9.0,30.6,44.09,-68,3660,False,14,2026-05-25,Monday,Good,Normal,Normal
2026-05-25 14:02:03.718141,device_004,camera,warehouse_b,66.3,72.3,64.95,-66,3660,False,14,2026-05-25,Monday,Good,Normal,Normal
2026-05-25 14:02:03.718141,device_005,gateway,warehouse_a,28.3,56.8,53.92,-63,3660,False,14,2026-05-25,Monday,Good,Normal,Normal
2026-05-25 14:02:03.718141,device_006,sensor,factory_floor_2,11.8,28.8,35.93,-67,3660,False,14,2026-05-25,Monday,Good,Normal,Normal
2026-05-25 14:02:03.718141,device_007,sensor,warehouse_a,13.0,36.6,37.48,-60,3660,False,14,2026-05-25,Monday,Excellent,Normal,Normal
2026-05-25 14:02:03.718141,device_008,gateway,loading_bay,26.2,56.4,49.01,-61,3660,False,14,2026-05-25,Monday,Good,Normal,Normal
2026-05-25 14:02:03.718141,device_009,sensor,office_block,9.0,32.5,48.33,-55,3660,False,14,2026-05-25,Monday,Excellent,Normal,Normal
2026-05-25 14:02:03.718141,device_010,camera,warehouse_a,72.2,67.4,62.06,-52,3660,False,14,2026-05-25,Monday,Excellent,Normal,High
2026-05-25 14:02:03.718141,device_011,camera,factory_floor_1,69.0,70.1,62.7,-57,3660,False,14,2026-05-25,Monday,Excellent,Normal,Normal
2026-05-25 14:02:03.718141,device_012,camera,server_room,66.3,66.7,59.21,-62,3660,False,14,2026-05-25,Monday,Good,Normal,Normal
2026-05-25 14:02:03.718141,device_013,sensor,factory_floor_2,11.8,34.7,41.33,-62,3660,False,14,2026-05-25,Monday,Good,Normal,Normal
2026-05-25 14:02:03.718141,device_014,controller,server_room,19.4,39.3,48.8,-65,3660,False,14,2026-05-25,Monday,Good,Normal,Normal
2026-05-25 14:02:03.718141,device_015,sensor,loading_bay,14.4,34.2,42.36,-69,3660,False,14,2026-05-25,Monday,Good,Normal,Normal
2026-05-25 14:03:03.718141,device_001,gateway,warehouse_a,30.2,58.1,52.71,-54,3600,False,14,2026-05-25,Monday,Excellent,Normal,Normal
2026-05-25 14:03:03.718141,device_002,camera,factory_floor_2,67.7,75.4,63.15,-53,3600,False,14,2026-05-25,Monday,Excellent,Normal,Normal
2026-05-25 14:03:03.718141,device_003,sensor,warehouse_b,12.4,30.5,41.52,-63,3600,False,14,2026-05-25,Monday,Good,Normal,Normal
2026-05-25 14:03:03.718141,device_004,camera,warehouse_b,73.3,68.1,60.29,-53,3600,False,14,2026-05-25,Monday,Excellent,Normal,High
2026-05-25 14:03:03.718141,device_005,gateway,warehouse_a,19.3,55.6,53.02,-52,3600,False,14,2026-05-25,Monday,Excellent,Normal,Normal
2026-05-25 14:03:03.718141,device_006,sensor,factory_floor_2,1.0,33.0,43.36,-63,3600,False,14,2026-05-25,Monday,Good,Normal,Normal
2026-05-25 14:03:03.718141,device_007,sensor,warehouse_a,21.5,33.3,40.29,-58,3600,False,14,2026-05-25,Monday,Excellent,Normal,Normal
2026-05-25 14:03:03.718141,device_008,gateway,loading_bay,23.6,53.5,55.83,-60,3600,False,14,2026-05-25,Monday,Excellent,Normal,Normal
2026-05-25 14:03:03.718141,device_009,sensor,office_block,4.4,29.5,44.12,-67,3600,False,14,2026-05-25,Monday,Good,Normal,Normal
2026-05-25 14:03:03.718141,device_010,camera,warehouse_a,68.1,72.3,66.34,-57,3600,False,14,2026-05-25,Monday,Excellent,Normal,Normal
2026-05-25 14:03:03.718141,device_011,camera,factory_floor_1,68.2,76.8,63.61,-56,3600,False,14,2026-05-25,Monday,Excellent,Normal,Normal
2026-05-25 14:03:03.718141,device_012,camera,server_room,71.0,73.6,62.32,-64,3600,False,14,2026-05-25,Monday,Good,Normal,High
2026-05-25 14:03:03.718141,device_013,sensor,factory_floor_2,3.6,31.0,44.33,-66,3600,False,14,2026-05-25,Monday,Good,Normal,Normal
2026-05-25 14:03:03.718141,device_014,controller,server_room,16.2,46.6,38.75,-52,3600,False,14,2026-05-25,Monday,Excellent,Normal,Normal
2026-05-25 14:03:03.718141,device_015,sensor,loading_bay,4.8,36.6,45.33,-65,3600,False,14,2026-05-25,Monday,Good,Normal,Normal
2026-05-25 14:04:03.718141,device_001,gateway,warehouse_a,33.6,59.2,48.75,-59,3540,False,14,2026-05-25,Monday,Excellent,Normal,Normal
2026-05-25 14:04:03.718141,device_002,camera,factory_floor_2,75.5,73.2,63.29,-57,3540,False,14,2026-05-25,Monday,Excellent,Normal,High
2026-05-25 14:04:03.718141,device_003,sensor,warehouse_b,8.8,38.0,40.43,-61,3540,False,14,2026-05-25,Monday,Good,Normal,Normal
2026-05-25 14:04:03.718141,device_004,camera,warehouse_b,57.5,62.9,59.75,-63,3540,False,14,2026-05-25,Monday,Good,Normal,Normal
2026-05-25 14:04:03.718141,device_005,gateway,warehouse_a,24.5,57.0,53.93,-48,3540,False,14,2026-05-25,Monday,Excellent,Normal,Normal
2026-05-25 14:04:03.718141,device_006,sensor,factory_floor_2,8.3,27.5,42.51,-62,3540,False,14,2026-05-25,Monday,Good,Normal,Normal
2026-05-25 14:04:03.718141,device_007,sensor,warehouse_a,6.1,32.4,39.96,-68,3540,False,14,2026-05-25,Monday,Good,Normal,Normal
2026-05-25 14:04:03.718141,device_008,gateway,loading_bay,31.0,52.6,49.42,-59,3540,False,14,2026-05-25,Monday,Excellent,Normal,Normal
2026-05-25 14:04:03.718141,device_009,sensor,office_block,1.0,30.6,41.12,-66,3540,False,14,2026-05-25,Monday,Good,Normal,Normal
2026-05-25 14:04:03.718141,device_010,camera,warehouse_a,65.4,70.4,58.15,-54,3540,False,14,2026-05-25,Monday,Excellent,Normal,Normal
2026-05-25 14:04:03.718141,device_011,camera,factory_floor_1,64.3,72.0,66.02,-51,3540,False,14,2026-05-25,Monday,Excellent,Normal,Normal
2026-05-25 14:04:03.718141,device_012,camera,server_room,55.8,70.2,57.21,-63,3540,False,14,2026-05-25,Monday,Good,Normal,Normal
2026-05-25 14:04:03.718141,device_013,sensor,factory_floor_2,3.4,40.4,33.09,-62,3540,False,14,2026-05-25,Monday,Good,Normal,Normal
2026-05-25 14:04:03.718141,device_014,controller,server_room,21.6,42.6,49.56,-58,3540,False,14,2026-05-25,Monday,Excellent,Normal,Normal
2026-05-25 14:04:03.718141,device_015,sensor,loading_bay,10.1,35.8,39.89,-65,3540,False,14,2026-05-25,Monday,Good,Normal,Normal
2026-05-25 14:05:03.718141,device_001,gateway,warehouse_a,23.4,48.7,56.55,-52,3480,False,14,2026-05-25,Monday,Excellent,Normal,Normal
2026-05-25 14:05:03.718141,device_002,camera,factory_floor_2,71.2,68.0,61.12,-53,3480,False,14,2026-05-25,Monday,Excellent,Normal,High
2026-05-25 14:05:03.718141,device_003,sensor,warehouse_b,8.8,40.5,44.2,-57,3480,False,14,2026-05-25,Monday,Excellent,Normal,Normal
2026-05-25 14:05:03.718141,device_004,camera,warehouse_b,66.6,70.2,58.33,-56,3480,False,14,2026-05-25,Monday,Excellent,Normal,Normal
2026-05-25 14:05:03.718141,device_005,gateway,warehouse_a,37.1,58.6,56.04,-56,3480,False,14,2026-05-25,Monday,Excellent,Normal,Normal
2026-05-25 14:05:03.718141,device_006,sensor,factory_floor_2,12.0,39.6,44.1,-55,3480,False,14,2026-05-25,Monday,Excellent,Normal,Normal
2026-05-25 14:05:03.718141,device_007,sensor,warehouse_a,5.7,35.3,37.93,-55,3480,False,14,2026-05-25,Monday,Excellent,Normal,Normal
2026-05-25 14:05:03.718141,device_008,gateway,loading_bay,23.9,52.1,48.83,-56,3480,False,14,2026-05-25,Monday,Excellent,Normal,Normal
2026-05-25 14:05:03.718141,device_009,sensor,office_block,20.4,36.4,42.41,-57,3480,False,14,2026-05-25,Monday,Excellent,Normal,Normal
2026-05-25 14:05:03.718141,device_010,camera,warehouse_a,58.9,66.7,55.47,-59,3480,False,14,2026-05-25,Monday,Excellent,Normal,Normal
2026-05-25 14:05:03.718141,device_011,camera,factory_floor_1,72.2,72.4,62.0,-59,3480,False,14,2026-05-25,Monday,Excellent,Normal,High
2026-05-25 14:05:03.718141,device_012,camera,server_room,68.7,75.6,59.23,-60,3480,False,14,2026-05-25,Monday,Excellent,Normal,Normal
2026-05-25 14:05:03.718141,device_013,sensor,factory_floor_2,4.8,36.8,46.22,-70,3480,False,14,2026-05-25,Monday,Good,Normal,Normal
2026-05-25 14:05:03.718141,device_014,controller,server_room,9.1,37.9,45.76,-53,3480,False,14,2026-05-25,Monday,Excellent,Normal,Normal
2026-05-25 14:05:03.718141,device_015,sensor,loading_bay,13.8,26.1,41.93,-67,3480,False,14,2026-05-25,Monday,Good,Normal,Normal
2026-05-25 14:06:03.718141,device_001,gateway,warehouse_a,29.9,49.1,50.39,-52,3420,False,14,2026-05-25,Monday,Excellent,Normal,Normal
2026-05-25 14:06:03.718141,device_002,camera,factory_floor_2,73.4,68.8,61.32,-62,3420,False,14,2026-05-25,Monday,Good,Normal,High
2026-05-25 14:06:03.718141,device_003,sensor,warehouse_b,6.0,29.8,37.46,-66,3420,False,14,2026-05-25,Monday,Good,Normal,Normal
2026-05-25 14:06:03.718141,device_004,camera,warehouse_b,71.4,70.1,59.58,-53,3420,False,14,2026-05-25,Monday,Excellent,Normal,High
2026-05-25 14:06:03.718141,device_005,gateway,warehouse_a,17.8,57.4,48.05,-56,3420,False,14,2026-05-25,Monday,Excellent,Normal,Normal
2026-05-25 14:06:03.718141,device_006,sensor,factory_floor_2,9.9,40.4,47.26,-66,3420,False,14,2026-05-25,Monday,Good,Normal,Normal
2026-05-25 14:06:03.718141,device_007,sensor,warehouse_a,6.8,33.7,43.42,-66,3420,False,14,2026-05-25,Monday,Good,Normal,Normal
2026-05-25 14:06:03.718141,device_008,gateway,loading_bay,38.3,55.7,55.45,-63,3420,False,14,2026-05-25,Monday,Good,Normal,Normal
2026-05-25 14:06:03.718141,device_009,sensor,office_block,9.0,37.3,46.33,-57,3420,False,14,2026-05-25,Monday,Excellent,Normal,Normal
2026-05-25 14:06:03.718141,device_010,camera,warehouse_a,72.8,71.8,54.42,-63,3420,False,14,2026-05-25,Monday,Good,Normal,High
2026-05-25 14:06:03.718141,device_011,camera,factory_floor_1,62.4,76.2,66.27,-64,3420,False,14,2026-05-25,Monday,Good,Normal,Normal
2026-05-25 14:06:03.718141,device_012,camera,server_room,65.2,77.1,65.61,-61,3420,False,14,2026-05-25,Monday,Good,Normal,Normal
2026-05-25 14:06:03.718141,device_013,sensor,factory_floor_2,8.4,34.9,49.42,-59,3420,False,14,2026-05-25,Monday,Excellent,Normal,Normal
2026-05-25 14:06:03.718141,device_014,controller,server_room,16.9,43.6,50.6,-61,3420,False,14,2026-05-25,Monday,Good,Normal,Normal
2026-05-25 14:06:03.718141,device_015,sensor,loading_bay,8.4,35.1,46.23,-57,3420,False,14,2026-05-25,Monday,Excellent,Normal,Normal
2026-05-25 14:07:03.718141,device_001,gateway,warehouse_a,19.5,52.2,53.1,-58,3360,False,14,2026-05-25,Monday,Excellent,Normal,Normal
2026-05-25 14:07:03.718141,device_002,camera,factory_floor_2,69.3,75.9,63.09,-62,3360,False,14,2026-05-25,Monday,Good,Normal,Normal
2026-05-25 14:07:03.718141,device_003,sensor,warehouse_b,12.5,32.3,45.27,-61,3360,False,14,2026-05-25,Monday,Good,Normal,Normal
2026-05-25 14:07:03.718141,device_004,camera,warehouse_b,69.0,67.2,66.91,-56,3360,False,14,2026-05-25,Monday,Excellent,Normal,Normal
2026-05-25 14:07:03.718141,device_005,gateway,warehouse_a,37.0,51.6,50.35,-63,3360,False,14,2026-05-25,Monday,Good,Normal,Normal
2026-05-25 14:07:03.718141,device_006,sensor,factory_floor_2,9.5,38.6,44.15,-66,3360,False,14,2026-05-25,Monday,Good,Normal,Normal
2026-05-25 14:07:03.718141,device_007,sensor,warehouse_a,3.2,32.3,43.3,-69,3360,False,14,2026-05-25,Monday,Good,Normal,Normal
2026-05-25 14:07:03.718141,device_008,gateway,loading_bay,20.6,52.0,49.21,-58,3360,False,14,2026-05-25,Monday,Excellent,Normal,Normal
2026-05-25 14:07:03.718141,device_009,sensor,office_block,10.6,29.1,45.46,-70,3360,False,14,2026-05-25,Monday,Good,Normal,Normal
2026-05-25 14:07:03.718141,device_010,camera,warehouse_a,66.8,72.5,57.47,-53,3360,False,14,2026-05-25,Monday,Excellent,Normal,Normal
2026-05-25 14:07:03.718141,device_011,camera,factory_floor_1,61.9,73.2,57.85,-52,3360,False,14,2026-05-25,Monday,Excellent,Normal,Normal
2026-05-25 14:07:03.718141,device_012,camera,server_room,62.1,61.1,60.05,-58,3360,False,14,2026-05-25,Monday,Excellent,Normal,Normal
2026-05-25 14:07:03.718141,device_013,sensor,factory_floor_2,12.7,35.0,44.46,-54,3360,False,14,2026-05-25,Monday,Excellent,Normal,Normal
2026-05-25 14:07:03.718141,device_014,controller,server_room,10.4,42.3,51.63,-61,3360,False,14,2026-05-25,Monday,Good,Normal,Normal
2026-05-25 14:07:03.718141,device_015,sensor,loading_bay,5.7,32.2,48.94,-65,3360,False,14,2026-05-25,Monday,Good,Normal,Normal
2026-05-25 14:08:03.718141,device_001,gateway,warehouse_a,31.7,56.6,53.69,-61,3300,False,14,2026-05-25,Monday,Good,Normal,Normal
2026-05-25 14:08:03.718141,device_002,camera,factory_floor_2,66.4,71.1,62.13,-62,3300,False,14,2026-05-25,Monday,Good,Normal,Normal
2026-05-25 14:08:03.718141,device_003,sensor,warehouse_b,7.7,29.7,46.53,-58,3300,False,14,2026-05-25,Monday,Excellent,Normal,Normal
2026-05-25 14:08:03.718141,device_004,camera,warehouse_b,70.1,72.8,63.47,-59,3300,False,14,2026-05-25,Monday,Excellent,Normal,High
2026-05-25 14:08:03.718141,device_005,gateway,warehouse_a,33.6,47.5,51.72,-61,3300,False,14,2026-05-25,Monday,Good,Normal,Normal
2026-05-25 14:08:03.718141,device_006,sensor,factory_floor_2,7.6,32.1,39.03,-56,3300,False,14,2026-05-25,Monday,Excellent,Normal,Normal
2026-05-25 14:08:03.718141,device_007,sensor,warehouse_a,1.8,32.6,40.57,-58,3300,False,14,2026-05-25,Monday,Excellent,Normal,Normal
2026-05-25 14:08:03.718141,device_008,gateway,loading_bay,16.1,63.9,54.1,-58,3300,False,14,2026-05-25,Monday,Excellent,Normal,Normal
2026-05-25 14:08:03.718141,device_009,sensor,office_block,11.0,34.8,41.39,-59,3300,False,14,2026-05-25,Monday,Excellent,Normal,Normal
2026-05-25 14:08:03.718141,device_010,camera,warehouse_a,62.9,69.9,61.27,-60,3300,False,14,2026-05-25,Monday,Excellent,Normal,Normal
2026-05-25 14:08:03.718141,device_011,camera,factory_floor_1,60.8,64.1,66.05,-63,3300,False,14,2026-05-25,Monday,Good,Normal,Normal
2026-05-25 14:08:03.718141,device_012,camera,server_room,68.6,77.6,60.7,-56,3300,False,14,2026-05-25,Monday,Excellent,Normal,Normal
2026-05-25 14:08:03.718141,device_013,sensor,factory_floor_2,9.7,34.0,40.92,-61,3300,False,14,2026-05-25,Monday,Good,Normal,Normal
2026-05-25 14:08:03.718141,device_014,controller,server_room,18.2,41.9,44.57,-65,3300,False,14,2026-05-25,Monday,Good,Normal,Normal
2026-05-25 14:08:03.718141,device_015,sensor,loading_bay,1.0,35.4,39.23,-70,3300,False,14,2026-05-25,Monday,Good,Normal,Normal
2026-05-25 14:09:03.718141,device_001,gateway,warehouse_a,29.5,54.5,46.06,-54,3240,False,14,2026-05-25,Monday,Excellent,Normal,Normal
2026-05-25 14:09:03.718141,device_002,camera,factory_floor_2,67.8,67.5,60.51,-60,3240,False,14,2026-05-25,Monday,Excellent,Normal,Normal
2026-05-25 14:09:03.718141,device_003,sensor,warehouse_b,5.9,32.5,40.38,-69,3240,False,14,2026-05-25,Monday,Good,Normal,Normal
2026-05-25 14:09:03.718141,device_004,camera,warehouse_b,65.9,67.0,67.92,-64,3240,False,14,2026-05-25,Monday,Good,Normal,Normal
2026-05-25 14:09:03.718141,device_005,gateway,warehouse_a,26.4,52.3,51.84,-62,3240,False,14,2026-05-25,Monday,Good,Normal,Normal
2026-05-25 14:09:03.718141,device_006,sensor,factory_floor_2,13.5,32.9,34.89,-55,3240,False,14,2026-05-25,Monday,Excellent,Normal,Normal
2026-05-25 14:09:03.718141,device_007,sensor,warehouse_a,12.1,31.7,41.12,-60,3240,False,14,2026-05-25,Monday,Excellent,Normal,Normal
2026-05-25 14:09:03.718141,device_008,gateway,loading_bay,30.2,55.8,54.72,-54,3240,False,14,2026-05-25,Monday,Excellent,Normal,Normal
2026-05-25 14:09:03.718141,device_009,sensor,office_block,34.0,33.4,63.37,-59,3240,True,14,2026-05-25,Monday,Excellent,Normal,Normal
2026-05-25 14:09:03.718141,device_010,camera,warehouse_a,68.7,59.6,65.45,-54,3240,False,14,2026-05-25,Monday,Excellent,Normal,Normal
2026-05-25 14:09:03.718141,device_011,camera,factory_floor_1,65.6,79.8,55.79,-56,3240,False,14,2026-05-25,Monday,Excellent,Normal,Normal
2026-05-25 14:09:03.718141,device_012,camera,server_room,62.7,69.9,63.24,-55,3240,False,14,2026-05-25,Monday,Excellent,Normal,Normal
2026-05-25 14:09:03.718141,device_013,sensor,factory_floor_2,4.0,41.3,39.23,-67,3240,False,14,2026-05-25,Monday,Good,Normal,Normal
2026-05-25 14:09:03.718141,device_014,controller,server_room,22.8,45.2,53.83,-52,3240,False,14,2026-05-25,Monday,Excellent,Normal,Normal
2026-05-25 14:09:03.718141,device_015,sensor,loading_bay,9.4,33.9,41.2,-66,3240,False,14,2026-05-25,Monday,Good,Normal,Normal
2026-05-25 14:10:03.718141,device_001,gateway,warehouse_a,22.8,51.8,52.25,-51,3180,False,14,2026-05-25,Monday,Excellent,Normal,Normal
2026-05-25 14:10:03.718141,device_002,camera,factory_floor_2,67.2,71.2,61.51,-65,3180,False,14,2026-05-25,Monday,Good,Normal,Normal
2026-05-25 14:10:03.718141,device_003,sensor,warehouse_b,16.4,38.0,41.89,-66,3180,False,14,2026-05-25,Monday,Good,Normal,Normal
2026-05-25 14:10:03.718141,device_004,camera,warehouse_b,75.3,74.6,64.92,-64,3180,False,14,2026-05-25,Monday,Good,Normal,High
2026-05-25 14:10:03.718141,device_005,gateway,warehouse_a,26.5,49.7,52.69,-61,3180,False,14,2026-05-25,Monday,Good,Normal,Normal
2026-05-25 14:10:03.718141,device_006,sensor,factory_floor_2,10.5,35.1,42.82,-63,3180,False,14,2026-05-25,Monday,Good,Normal,Normal
2026-05-25 14:10:03.718141,device_007,sensor,warehouse_a,13.1,41.5,38.38,-66,3180,False,14,2026-05-25,Monday,Good,Normal,Normal
2026-05-25 14:10:03.718141,device_008,gateway,loading_bay,32.5,54.4,51.79,-58,3180,False,14,2026-05-25,Monday,Excellent,Normal,Normal
2026-05-25 14:10:03.718141,device_009,sensor,office_block,10.4,35.4,46.56,-54,3180,False,14,2026-05-25,Monday,Excellent,Normal,Normal
2026-05-25 14:10:03.718141,device_010,camera,warehouse_a,65.7,77.1,61.05,-50,3180,False,14,2026-05-25,Monday,Excellent,Normal,Normal
2026-05-25 14:10:03.718141,device_011,camera,factory_floor_1,63.2,75.9,60.91,-56,3180,False,14,2026-05-25,Monday,Excellent,Normal,Normal
2026-05-25 14:10:03.718141,device_012,camera,server_room,65.7,66.4,64.41,-62,3180,False,14,2026-05-25,Monday,Good,Normal,Normal
2026-05-25 14:10:03.718141,device_013,sensor,factory_floor_2,7.0,32.3,46.45,-59,3180,False,14,2026-05-25,Monday,Excellent,Normal,Normal
2026-05-25 14:10:03.718141,device_014,controller,server_room,17.2,41.0,48.77,-55,3180,False,14,2026-05-25,Monday,Excellent,Normal,Normal
2026-05-25 14:10:03.718141,device_015,sensor,loading_bay,5.9,35.2,42.34,-58,3180,False,14,2026-05-25,Monday,Excellent,Normal,Normal
2026-05-25 14:11:03.718141,device_001,gateway,warehouse_a,34.4,51.6,56.62,-61,3120,False,14,2026-05-25,Monday,Good,Normal,Normal
2026-05-25 14:11:03.718141,device_002,camera,factory_floor_2,65.6,76.1,63.02,-51,3120,False,14,2026-05-25,Monday,Excellent,Normal,Normal
2026-05-25 14:11:03.718141,device_003,sensor,warehouse_b,11.6,37.7,42.87,-70,3120,False,14,2026-05-25,Monday,Good,Normal,Normal
2026-05-25 14:11:03.718141,device_004,camera,warehouse_b,68.4,70.8,58.22,-57,3120,False,14,2026-05-25,Monday,Excellent,Normal,Normal
2026-05-25 14:11:03.718141,device_005,gateway,warehouse_a,35.3,55.5,51.38,-61,3120,False,14,2026-05-25,Monday,Good,Normal,Normal
2026-05-25 14:11:03.718141,device_006,sensor,factory_floor_2,6.8,35.1,35.06,-56,3120,False,14,2026-05-25,Monday,Excellent,Normal,Normal
2026-05-25 14:11:03.718141,device_007,sensor,warehouse_a,9.5,30.4,40.46,-61,3120,False,14,2026-05-25,Monday,Good,Normal,Normal
2026-05-25 14:11:03.718141,device_008,gateway,loading_bay,23.6,62.9,54.29,-55,3120,False,14,2026-05-25,Monday,Excellent,Normal,Normal
2026-05-25 14:11:03.718141,device_009,sensor,office_block,14.9,38.4,37.97,-59,3120,False,14,2026-05-25,Monday,Excellent,Normal,Normal
2026-05-25 14:11:03.718141,device_010,camera,warehouse_a,61.7,68.2,59.25,-61,3120,False,14,2026-05-25,Monday,Good,Normal,Normal
2026-05-25 14:11:03.718141,device_011,camera,factory_floor_1,68.5,69.6,63.88,-52,3120,False,14,2026-05-25,Monday,Excellent,Normal,Normal
2026-05-25 14:11:03.718141,device_012,camera,server_room,64.6,72.3,62.39,-51,3120,False,14,2026-05-25,Monday,Excellent,Normal,Normal
2026-05-25 14:11:03.718141,device_013,sensor,factory_floor_2,13.9,35.1,38.15,-56,3120,False,14,2026-05-25,Monday,Excellent,Normal,Normal
2026-05-25 14:11:03.718141,device_014,controller,server_room,12.7,44.1,47.85,-64,3120,False,14,2026-05-25,Monday,Good,Normal,Normal
2026-05-25 14:11:03.718141,device_015,sensor,loading_bay,7.8,29.1,39.6,-55,3120,False,14,2026-05-25,Monday,Excellent,Normal,Normal
2026-05-25 14:12:03.718141,device_001,gateway,warehouse_a,17.5,53.3,51.61,-54,3060,False,14,2026-05-25,Monday,Excellent,Normal,Normal
2026-05-25 14:12:03.718141,device_002,camera,factory_floor_2,61.6,66.6,64.97,-62,3060,False,14,2026-05-25,Monday,Good,Normal,Normal
2026-05-25 14:12:03.718141,device_003,sensor,warehouse_b,15.1,27.2,46.87,-54,3060,False,14,2026-05-25,Monday,Excellent,Normal,Normal
2026-05-25 14:12:03.718141,device_004,camera,warehouse_b,65.5,58.4,59.8,-56,3060,False,14,2026-05-25,Monday,Excellent,Normal,Normal
2026-05-25 14:12:03.718141,device_005,gateway,warehouse_a,20.8,63.1,54.32,-50,3060,False,14,2026-05-25,Monday,Excellent,Normal,Normal
2026-05-25 14:12:03.718141,device_006,sensor,factory_floor_2,12.5,34.9,42.97,-62,3060,False,14,2026-05-25,Monday,Good,Normal,Normal
2026-05-25 14:12:03.718141,device_007,sensor,warehouse_a,16.4,32.7,48.44,-69,3060,False,14,2026-05-25,Monday,Good,Normal,Normal
2026-05-25 14:12:03.718141,device_008,gateway,loading_bay,18.0,60.3,45.71,-62,3060,False,14,2026-05-25,Monday,Good,Normal,Normal
2026-05-25 14:12:03.718141,device_009,sensor,office_block,7.8,27.8,42.55,-63,3060,False,14,2026-05-25,Monday,Good,Normal,Normal
2026-05-25 14:12:03.718141,device_010,camera,warehouse_a,61.2,70.8,60.11,-66,3060,False,14,2026-05-25,Monday,Good,Normal,Normal
2026-05-25 14:12:03.718141,device_011,camera,factory_floor_1,63.0,66.9,57.89,-63,3060,False,14,2026-05-25,Monday,Good,Normal,Normal
2026-05-25 14:12:03.718141,device_012,camera,server_room,71.0,72.4,61.73,-61,3060,False,14,2026-05-25,Monday,Good,Normal,High
2026-05-25 14:12:03.718141,device_013,sensor,factory_floor_2,3.5,32.9,33.14,-68,3060,False,14,2026-05-25,Monday,Good,Normal,Normal
2026-05-25 14:12:03.718141,device_014,controller,server_room,13.7,58.1,49.05,-54,3060,False,14,2026-05-25,Monday,Excellent,Normal,Normal
2026-05-25 14:12:03.718141,device_015,sensor,loading_bay,11.5,37.3,50.21,-59,3060,False,14,2026-05-25,Monday,Excellent,Normal,Normal
2026-05-25 14:13:03.718141,device_001,gateway,warehouse_a,24.9,62.1,53.04,-49,3000,False,14,2026-05-25,Monday,Excellent,Normal,Normal
2026-05-25 14:13:03.718141,device_002,camera,factory_floor_2,74.1,71.0,59.27,-61,3000,False,14,2026-05-25,Monday,Good,Normal,High
2026-05-25 14:13:03.718141,device_003,sensor,warehouse_b,1.0,41.2,44.47,-58,3000,False,14,2026-05-25,Monday,Excellent,Normal,Normal
2026-05-25 14:13:03.718141,device_004,camera,warehouse_b,65.2,71.4,59.0,-60,3000,False,14,2026-05-25,Monday,Excellent,Normal,Normal
2026-05-25 14:13:03.718141,device_005,gateway,warehouse_a,30.1,55.7,52.24,-61,3000,False,14,2026-05-25,Monday,Good,Normal,Normal
2026-05-25 14:13:03.718141,device_006,sensor,factory_floor_2,7.1,37.9,44.99,-55,3000,False,14,2026-05-25,Monday,Excellent,Normal,Normal
2026-05-25 14:13:03.718141,device_007,sensor,warehouse_a,3.1,34.0,38.97,-55,3000,False,14,2026-05-25,Monday,Excellent,Normal,Normal
2026-05-25 14:13:03.718141,device_008,gateway,loading_bay,31.7,52.4,52.44,-49,3000,False,14,2026-05-25,Monday,Excellent,Normal,Normal
2026-05-25 14:13:03.718141,device_009,sensor,office_block,9.3,38.5,41.01,-66,3000,False,14,2026-05-25,Monday,Good,Normal,Normal
2026-05-25 14:13:03.718141,device_010,camera,warehouse_a,66.7,70.9,60.05,-62,3000,False,14,2026-05-25,Monday,Good,Normal,Normal
2026-05-25 14:13:03.718141,device_011,camera,factory_floor_1,71.6,71.6,59.29,-56,3000,False,14,2026-05-25,Monday,Excellent,Normal,High
2026-05-25 14:13:03.718141,device_012,camera,server_room,64.6,67.4,62.28,-54,3000,False,14,2026-05-25,Monday,Excellent,Normal,Normal
2026-05-25 14:13:03.718141,device_013,sensor,factory_floor_2,8.6,31.3,45.32,-59,3000,False,14,2026-05-25,Monday,Excellent,Normal,Normal
2026-05-25 14:13:03.718141,device_014,controller,server_room,11.4,40.3,44.13,-53,3000,False,14,2026-05-25,Monday,Excellent,Normal,Normal
2026-05-25 14:13:03.718141,device_015,sensor,loading_bay,11.0,33.8,37.78,-64,3000,False,14,2026-05-25,Monday,Good,Normal,Normal
2026-05-25 14:14:03.718141,device_001,gateway,warehouse_a,31.1,53.5,53.25,-50,2940,False,14,2026-05-25,Monday,Excellent,Normal,Normal
2026-05-25 14:14:03.718141,device_002,camera,factory_floor_2,66.0,69.1,61.32,-61,2940,False,14,2026-05-25,Monday,Good,Normal,Normal
2026-05-25 14:14:03.718141,device_003,sensor,warehouse_b,6.9,38.2,48.71,-68,2940,False,14,2026-05-25,Monday,Good,Normal,Normal
2026-05-25 14:14:03.718141,device_004,camera,warehouse_b,77.4,69.7,59.51,-64,2940,False,14,2026-05-25,Monday,Good,Normal,High
2026-05-25 14:14:03.718141,device_005,gateway,warehouse_a,21.3,62.6,49.57,-49,2940,False,14,2026-05-25,Monday,Excellent,Normal,Normal
2026-05-25 14:14:03.718141,device_006,sensor,factory_floor_2,5.4,30.0,47.76,-54,2940,False,14,2026-05-25,Monday,Excellent,Normal,Normal
2026-05-25 14:14:03.718141,device_007,sensor,warehouse_a,2.7,34.7,40.98,-62,2940,False,14,2026-05-25,Monday,Good,Normal,Normal
2026-05-25 14:14:03.718141,device_008,gateway,loading_bay,32.6,53.3,53.35,-62,2940,False,14,2026-05-25,Monday,Good,Normal,Normal
2026-05-25 14:14:03.718141,device_009,sensor,office_block,7.3,31.3,41.04,-57,2940,False,14,2026-05-25,Monday,Excellent,Normal,Normal
2026-05-25 14:14:03.718141,device_010,camera,warehouse_a,60.6,62.7,64.08,-57,2940,False,14,2026-05-25,Monday,Excellent,Normal,Normal
2026-05-25 14:14:03.718141,device_011,camera,factory_floor_1,73.1,66.9,59.97,-55,2940,False,14,2026-05-25,Monday,Excellent,Normal,High
2026-05-25 14:14:03.718141,device_012,camera,server_room,68.7,74.5,65.46,-51,2940,False,14,2026-05-25,Monday,Excellent,Normal,Normal
2026-05-25 14:14:03.718141,device_013,sensor,factory_floor_2,10.5,28.1,45.26,-65,2940,False,14,2026-05-25,Monday,Good,Normal,Normal
2026-05-25 14:14:03.718141,device_014,controller,server_room,15.4,49.9,45.27,-55,2940,False,14,2026-05-25,Monday,Excellent,Normal,Normal
2026-05-25 14:14:03.718141,device_015,sensor,loading_bay,6.1,37.1,44.54,-58,2940,False,14,2026-05-25,Monday,Excellent,Normal,Normal
2026-05-25 14:15:03.718141,device_001,gateway,warehouse_a,23.7,60.2,50.24,-57,2880,False,14,2026-05-25,Monday,Excellent,Normal,Normal
2026-05-25 14:15:03.718141,device_002,camera,factory_floor_2,61.1,66.9,61.37,-62,2880,False,14,2026-05-25,Monday,Good,Normal,Normal
2026-05-25 14:15:03.718141,device_003,sensor,warehouse_b,6.4,31.9,41.86,-60,2880,False,14,2026-05-25,Monday,Excellent,Normal,Normal
2026-05-25 14:15:03.718141,device_004,camera,warehouse_b,90.2,66.6,81.86,-52,2880,True,14,2026-05-25,Monday,Excellent,Critical,Critical
2026-05-25 14:15:03.718141,device_005,gateway,warehouse_a,23.9,54.7,49.18,-48,2880,False,14,2026-05-25,Monday,Excellent,Normal,Normal
2026-05-25 14:15:03.718141,device_006,sensor,factory_floor_2,12.7,32.1,46.52,-67,2880,False,14,2026-05-25,Monday,Good,Normal,Normal
2026-05-25 14:15:03.718141,device_007,sensor,warehouse_a,18.8,39.3,38.99,-57,2880,False,14,2026-05-25,Monday,Excellent,Normal,Normal
2026-05-25 14:15:03.718141,device_008,gateway,loading_bay,24.4,52.0,49.39,-63,2880,False,14,2026-05-25,Monday,Good,Normal,Normal
2026-05-25 14:15:03.718141,device_009,sensor,office_block,7.7,37.7,43.74,-66,2880,False,14,2026-05-25,Monday,Good,Normal,Normal
2026-05-25 14:15:03.718141,device_010,camera,warehouse_a,60.3,66.3,58.03,-63,2880,False,14,2026-05-25,Monday,Good,Normal,Normal
2026-05-25 14:15:03.718141,device_011,camera,factory_floor_1,64.4,66.2,60.37,-60,2880,False,14,2026-05-25,Monday,Excellent,Normal,Normal
2026-05-25 14:15:03.718141,device_012,camera,server_room,66.3,68.0,67.79,-61,2880,False,14,2026-05-25,Monday,Good,Normal,Normal
2026-05-25 14:15:03.718141,device_013,sensor,factory_floor_2,5.8,32.8,43.68,-64,2880,False,14,2026-05-25,Monday,Good,Normal,Normal
2026-05-25 14:15:03.718141,device_014,controller,server_room,21.3,52.3,45.84,-62,2880,False,14,2026-05-25,Monday,Good,Normal,Normal
2026-05-25 14:15:03.718141,device_015,sensor,loading_bay,9.7,32.6,40.14,-70,2880,False,14,2026-05-25,Monday,Good,Normal,Normal
2026-05-25 14:16:03.718141,device_001,gateway,warehouse_a,25.4,49.9,56.12,-52,2820,False,14,2026-05-25,Monday,Excellent,Normal,Normal
2026-05-25 14:16:03.718141,device_002,camera,factory_floor_2,91.7,69.9,79.32,-57,2820,True,14,2026-05-25,Monday,Excellent,Warning,Critical
2026-05-25 14:16:03.718141,device_003,sensor,warehouse_b,6.6,33.4,37.53,-67,2820,False,14,2026-05-25,Monday,Good,Normal,Normal
2026-05-25 14:16:03.718141,device_004,camera,warehouse_b,64.5,72.7,59.12,-52,2820,False,14,2026-05-25,Monday,Excellent,Normal,Normal
2026-05-25 14:16:03.718141,device_005,gateway,warehouse_a,32.6,55.9,51.76,-52,2820,False,14,2026-05-25,Monday,Excellent,Normal,Normal
2026-05-25 14:16:03.718141,device_006,sensor,factory_floor_2,1.0,39.0,40.74,-57,2820,False,14,2026-05-25,Monday,Excellent,Normal,Normal
2026-05-25 14:16:03.718141,device_007,sensor,warehouse_a,5.9,44.1,39.79,-60,2820,False,14,2026-05-25,Monday,Excellent,Normal,Normal
2026-05-25 14:16:03.718141,device_008,gateway,loading_bay,37.1,59.6,53.4,-58,2820,False,14,2026-05-25,Monday,Excellent,Normal,Normal
2026-05-25 14:16:03.718141,device_009,sensor,office_block,1.0,33.1,39.64,-59,2820,False,14,2026-05-25,Monday,Excellent,Normal,Normal
2026-05-25 14:16:03.718141,device_010,camera,warehouse_a,63.8,59.8,59.53,-61,2820,False,14,2026-05-25,Monday,Good,Normal,Normal
2026-05-25 14:16:03.718141,device_011,camera,factory_floor_1,66.9,76.4,62.63,-54,2820,False,14,2026-05-25,Monday,Excellent,Normal,Normal
2026-05-25 14:16:03.718141,device_012,camera,server_room,61.1,59.3,58.39,-53,2820,False,14,2026-05-25,Monday,Excellent,Normal,Normal
2026-05-25 14:16:03.718141,device_013,sensor,factory_floor_2,6.5,32.6,44.7,-67,2820,False,14,2026-05-25,Monday,Good,Normal,Normal
2026-05-25 14:16:03.718141,device_014,controller,server_room,28.7,45.6,47.23,-65,2820,False,14,2026-05-25,Monday,Good,Normal,Normal
2026-05-25 14:16:03.718141,device_015,sensor,loading_bay,1.2,27.1,42.86,-70,2820,False,14,2026-05-25,Monday,Good,Normal,Normal
2026-05-25 14:17:03.718141,device_001,gateway,warehouse_a,31.5,60.4,54.17,-50,2760,False,14,2026-05-25,Monday,Excellent,Normal,Normal
2026-05-25 14:17:03.718141,device_002,camera,factory_floor_2,59.9,72.3,61.48,-63,2760,False,14,2026-05-25,Monday,Good,Normal,Normal
2026-05-25 14:17:03.718141,device_003,sensor,warehouse_b,10.2,25.4,39.4,-54,2760,False,14,2026-05-25,Monday,Excellent,Normal,Normal
2026-05-25 14:17:03.718141,device_004,camera,warehouse_b,66.7,67.7,60.54,-65,2760,False,14,2026-05-25,Monday,Good,Normal,Normal
2026-05-25 14:17:03.718141,device_005,gateway,warehouse_a,31.8,49.7,51.87,-50,2760,False,14,2026-05-25,Monday,Excellent,Normal,Normal
2026-05-25 14:17:03.718141,device_006,sensor,factory_floor_2,1.0,44.6,38.61,-56,2760,False,14,2026-05-25,Monday,Excellent,Normal,Normal
2026-05-25 14:17:03.718141,device_007,sensor,warehouse_a,11.6,34.3,42.57,-67,2760,False,14,2026-05-25,Monday,Good,Normal,Normal
2026-05-25 14:17:03.718141,device_008,gateway,loading_bay,26.8,53.0,55.5,-48,2760,False,14,2026-05-25,Monday,Excellent,Normal,Normal
2026-05-25 14:17:03.718141,device_009,sensor,office_block,10.9,42.8,40.95,-59,2760,False,14,2026-05-25,Monday,Excellent,Normal,Normal
2026-05-25 14:17:03.718141,device_010,camera,warehouse_a,68.7,67.7,64.74,-52,2760,False,14,2026-05-25,Monday,Excellent,Normal,Normal
2026-05-25 14:17:03.718141,device_011,camera,factory_floor_1,70.3,70.4,60.06,-54,2760,False,14,2026-05-25,Monday,Excellent,Normal,High
2026-05-25 14:17:03.718141,device_012,camera,server_room,99.0,70.8,77.87,-55,2760,True,14,2026-05-25,Monday,Excellent,Warning,Critical
2026-05-25 14:17:03.718141,device_013,sensor,factory_floor_2,10.2,33.2,43.56,-54,2760,False,14,2026-05-25,Monday,Excellent,Normal,Normal
2026-05-25 14:17:03.718141,device_014,controller,server_room,28.4,50.8,44.12,-60,2760,False,14,2026-05-25,Monday,Excellent,Normal,Normal
2026-05-25 14:17:03.718141,device_015,sensor,loading_bay,14.1,28.6,47.7,-57,2760,False,14,2026-05-25,Monday,Excellent,Normal,Normal
2026-05-25 14:18:03.718141,device_001,gateway,warehouse_a,23.7,47.5,56.48,-63,2700,False,14,2026-05-25,Monday,Good,Normal,Normal
2026-05-25 14:18:03.718141,device_002,camera,factory_floor_2,57.0,70.8,59.54,-53,2700,False,14,2026-05-25,Monday,Excellent,Normal,Normal
2026-05-25 14:18:03.718141,device_003,sensor,warehouse_b,16.0,32.6,41.44,-70,2700,False,14,2026-05-25,Monday,Good,Normal,Normal
2026-05-25 14:18:03.718141,device_004,camera,warehouse_b,66.6,71.8,62.41,-55,2700,False,14,2026-05-25,Monday,Excellent,Normal,Normal
2026-05-25 14:18:03.718141,device_005,gateway,warehouse_a,27.1,51.3,46.13,-47,2700,False,14,2026-05-25,Monday,Excellent,Normal,Normal
2026-05-25 14:18:03.718141,device_006,sensor,factory_floor_2,15.1,33.7,42.56,-60,2700,False,14,2026-05-25,Monday,Excellent,Normal,Normal
2026-05-25 14:18:03.718141,device_007,sensor,warehouse_a,13.6,34.1,38.61,-57,2700,False,14,2026-05-25,Monday,Excellent,Normal,Normal
2026-05-25 14:18:03.718141,device_008,gateway,loading_bay,28.7,55.4,50.68,-51,2700,False,14,2026-05-25,Monday,Excellent,Normal,Normal
2026-05-25 14:18:03.718141,device_009,sensor,office_block,7.1,35.7,37.8,-58,2700,False,14,2026-05-25,Monday,Excellent,Normal,Normal
2026-05-25 14:18:03.718141,device_010,camera,warehouse_a,58.4,75.5,61.5,-53,2700,False,14,2026-05-25,Monday,Excellent,Normal,Normal
2026-05-25 14:18:03.718141,device_011,camera,factory_floor_1,63.6,69.5,57.49,-54,2700,False,14,2026-05-25,Monday,Excellent,Normal,Normal
2026-05-25 14:18:03.718141,device_012,camera,server_room,60.8,69.4,62.78,-61,2700,False,14,2026-05-25,Monday,Good,Normal,Normal
2026-05-25 14:18:03.718141,device_013,sensor,factory_floor_2,16.5,34.4,45.49,-60,2700,False,14,2026-05-25,Monday,Excellent,Normal,Normal
2026-05-25 14:18:03.718141,device_014,controller,server_room,21.6,45.1,46.82,-55,2700,False,14,2026-05-25,Monday,Excellent,Normal,Normal
2026-05-25 14:18:03.718141,device_015,sensor,loading_bay,6.2,40.7,44.3,-66,2700,False,14,2026-05-25,Monday,Good,Normal,Normal
2026-05-25 14:19:03.718141,device_001,gateway,warehouse_a,32.0,58.7,54.77,-51,2640,False,14,2026-05-25,Monday,Excellent,Normal,Normal
2026-05-25 14:19:03.718141,device_002,camera,factory_floor_2,67.8,76.8,57.58,-58,2640,False,14,2026-05-25,Monday,Excellent,Normal,Normal
2026-05-25 14:19:03.718141,device_003,sensor,warehouse_b,17.0,33.5,41.3,-65,2640,False,14,2026-05-25,Monday,Good,Normal,Normal
2026-05-25 14:19:03.718141,device_004,camera,warehouse_b,68.1,69.2,62.65,-60,2640,False,14,2026-05-25,Monday,Excellent,Normal,Normal
2026-05-25 14:19:03.718141,device_005,gateway,warehouse_a,21.7,57.2,52.92,-63,2640,False,14,2026-05-25,Monday,Good,Normal,Normal
2026-05-25 14:19:03.718141,device_006,sensor,factory_floor_2,11.6,33.9,43.05,-66,2640,False,14,2026-05-25,Monday,Good,Normal,Normal
2026-05-25 14:19:03.718141,device_007,sensor,warehouse_a,13.0,33.1,42.2,-68,2640,False,14,2026-05-25,Monday,Good,Normal,Normal
2026-05-25 14:19:03.718141,device_008,gateway,loading_bay,27.1,54.3,46.76,-63,2640,False,14,2026-05-25,Monday,Good,Normal,Normal
2026-05-25 14:19:03.718141,device_009,sensor,office_block,11.4,41.1,43.02,-66,2640,False,14,2026-05-25,Monday,Good,Normal,Normal
2026-05-25 14:19:03.718141,device_010,camera,warehouse_a,63.7,73.2,62.46,-55,2640,False,14,2026-05-25,Monday,Excellent,Normal,Normal
2026-05-25 14:19:03.718141,device_011,camera,factory_floor_1,76.7,65.8,61.43,-59,2640,False,14,2026-05-25,Monday,Excellent,Normal,High
2026-05-25 14:19:03.718141,device_012,camera,server_room,69.2,68.7,66.6,-59,2640,False,14,2026-05-25,Monday,Excellent,Normal,Normal
2026-05-25 14:19:03.718141,device_013,sensor,factory_floor_2,12.2,39.1,45.69,-58,2640,False,14,2026-05-25,Monday,Excellent,Normal,Normal
2026-05-25 14:19:03.718141,device_014,controller,server_room,18.6,44.7,45.9,-67,2640,False,14,2026-05-25,Monday,Good,Normal,Normal
2026-05-25 14:19:03.718141,device_015,sensor,loading_bay,10.3,36.3,44.72,-66,2640,False,14,2026-05-25,Monday,Good,Normal,Normal
2026-05-25 14:20:03.718141,device_001,gateway,warehouse_a,26.1,58.4,53.67,-60,2580,False,14,2026-05-25,Monday,Excellent,Normal,Normal
2026-05-25 14:20:03.718141,device_002,camera,factory_floor_2,66.9,69.3,58.49,-63,2580,False,14,2026-05-25,Monday,Good,Normal,Normal
2026-05-25 14:20:03.718141,device_003,sensor,warehouse_b,12.7,26.6,37.85,-61,2580,False,14,2026-05-25,Monday,Good,Normal,Normal
2026-05-25 14:20:03.718141,device_004,camera,warehouse_b,72.5,72.4,62.53,-61,2580,False,14,2026-05-25,Monday,Good,Normal,High
2026-05-25 14:20:03.718141,device_005,gateway,warehouse_a,22.6,56.1,54.21,-48,2580,False,14,2026-05-25,Monday,Excellent,Normal,Normal
2026-05-25 14:20:03.718141,device_006,sensor,factory_floor_2,1.0,35.6,46.27,-64,2580,False,14,2026-05-25,Monday,Good,Normal,Normal
2026-05-25 14:20:03.718141,device_007,sensor,warehouse_a,6.0,26.9,40.87,-55,2580,False,14,2026-05-25,Monday,Excellent,Normal,Normal
2026-05-25 14:20:03.718141,device_008,gateway,loading_bay,31.0,54.2,52.79,-50,2580,False,14,2026-05-25,Monday,Excellent,Normal,Normal
2026-05-25 14:20:03.718141,device_009,sensor,office_block,14.4,32.6,37.85,-68,2580,False,14,2026-05-25,Monday,Good,Normal,Normal
2026-05-25 14:20:03.718141,device_010,camera,warehouse_a,60.7,70.3,60.16,-53,2580,False,14,2026-05-25,Monday,Excellent,Normal,Normal
2026-05-25 14:20:03.718141,device_011,camera,factory_floor_1,67.2,66.5,59.96,-56,2580,False,14,2026-05-25,Monday,Excellent,Normal,Normal
2026-05-25 14:20:03.718141,device_012,camera,server_room,73.4,70.6,68.23,-52,2580,False,14,2026-05-25,Monday,Excellent,Normal,High
2026-05-25 14:20:03.718141,device_013,sensor,factory_floor_2,4.2,29.2,46.43,-65,2580,False,14,2026-05-25,Monday,Good,Normal,Normal
2026-05-25 14:20:03.718141,device_014,controller,server_room,16.3,40.4,45.91,-63,2580,False,14,2026-05-25,Monday,Good,Normal,Normal
2026-05-25 14:20:03.718141,device_015,sensor,loading_bay,6.6,35.1,39.41,-69,2580,False,14,2026-05-25,Monday,Good,Normal,Normal
2026-05-25 14:21:03.718141,device_001,gateway,warehouse_a,28.1,53.5,50.14,-53,2520,False,14,2026-05-25,Monday,Excellent,Normal,Normal
2026-05-25 14:21:03.718141,device_002,camera,factory_floor_2,63.8,69.4,63.43,-51,2520,False,14,2026-05-25,Monday,Excellent,Normal,Normal
2026-05-25 14:21:03.718141,device_003,sensor,warehouse_b,12.1,37.3,43.76,-70,2520,False,14,2026-05-25,Monday,Good,Normal,Normal
2026-05-25 14:21:03.718141,device_004,camera,warehouse_b,71.9,68.1,57.64,-58,2520,False,14,2026-05-25,Monday,Excellent,Normal,High
2026-05-25 14:21:03.718141,device_005,gateway,warehouse_a,36.8,43.7,51.23,-57,2520,False,14,2026-05-25,Monday,Excellent,Normal,Normal
2026-05-25 14:21:03.718141,device_006,sensor,factory_floor_2,7.0,24.5,42.4,-70,2520,False,14,2026-05-25,Monday,Good,Normal,Normal
2026-05-25 14:21:03.718141,device_007,sensor,warehouse_a,14.7,36.3,39.86,-66,2520,False,14,2026-05-25,Monday,Good,Normal,Normal
2026-05-25 14:21:03.718141,device_008,gateway,loading_bay,26.9,50.7,48.13,-52,2520,False,14,2026-05-25,Monday,Excellent,Normal,Normal
2026-05-25 14:21:03.718141,device_009,sensor,office_block,3.3,34.4,45.26,-64,2520,False,14,2026-05-25,Monday,Good,Normal,Normal
2026-05-25 14:21:03.718141,device_010,camera,warehouse_a,62.4,74.8,58.2,-62,2520,False,14,2026-05-25,Monday,Good,Normal,Normal
2026-05-25 14:21:03.718141,device_011,camera,factory_floor_1,72.3,72.0,64.55,-62,2520,False,14,2026-05-25,Monday,Good,Normal,High
2026-05-25 14:21:03.718141,device_012,camera,server_room,66.4,69.0,57.35,-51,2520,False,14,2026-05-25,Monday,Excellent,Normal,Normal
2026-05-25 14:21:03.718141,device_013,sensor,factory_floor_2,4.6,39.2,36.52,-68,2520,False,14,2026-05-25,Monday,Good,Normal,Normal
2026-05-25 14:21:03.718141,device_014,controller,server_room,14.5,48.5,51.59,-59,2520,False,14,2026-05-25,Monday,Excellent,Normal,Normal
2026-05-25 14:21:03.718141,device_015,sensor,loading_bay,10.8,32.5,43.84,-55,2520,False,14,2026-05-25,Monday,Excellent,Normal,Normal
2026-05-25 14:22:03.718141,device_001,gateway,warehouse_a,37.3,56.2,52.13,-51,2460,False,14,2026-05-25,Monday,Excellent,Normal,Normal
2026-05-25 14:22:03.718141,device_002,camera,factory_floor_2,61.8,71.9,58.21,-58,2460,False,14,2026-05-25,Monday,Excellent,Normal,Normal
2026-05-25 14:22:03.718141,device_003,sensor,warehouse_b,9.1,29.2,39.63,-62,2460,False,14,2026-05-25,Monday,Good,Normal,Normal
2026-05-25 14:22:03.718141,device_004,camera,warehouse_b,58.7,67.5,64.59,-63,2460,False,14,2026-05-25,Monday,Good,Normal,Normal
2026-05-25 14:22:03.718141,device_005,gateway,warehouse_a,26.3,50.5,56.35,-54,2460,False,14,2026-05-25,Monday,Excellent,Normal,Normal
2026-05-25 14:22:03.718141,device_006,sensor,factory_floor_2,4.4,41.5,39.69,-64,2460,False,14,2026-05-25,Monday,Good,Normal,Normal
2026-05-25 14:22:03.718141,device_007,sensor,warehouse_a,18.0,38.1,44.25,-55,2460,False,14,2026-05-25,Monday,Excellent,Normal,Normal
2026-05-25 14:22:03.718141,device_008,gateway,loading_bay,25.1,56.1,57.84,-49,2460,False,14,2026-05-25,Monday,Excellent,Normal,Normal
2026-05-25 14:22:03.718141,device_009,sensor,office_block,12.3,33.9,41.68,-62,2460,False,14,2026-05-25,Monday,Good,Normal,Normal
2026-05-25 14:22:03.718141,device_010,camera,warehouse_a,73.3,75.8,62.62,-63,2460,False,14,2026-05-25,Monday,Good,Normal,High
2026-05-25 14:22:03.718141,device_011,camera,factory_floor_1,66.3,67.7,58.45,-53,2460,False,14,2026-05-25,Monday,Excellent,Normal,Normal
2026-05-25 14:22:03.718141,device_012,camera,server_room,65.5,65.6,59.12,-55,2460,False,14,2026-05-25,Monday,Excellent,Normal,Normal
2026-05-25 14:22:03.718141,device_013,sensor,factory_floor_2,14.0,35.6,40.37,-68,2460,False,14,2026-05-25,Monday,Good,Normal,Normal
2026-05-25 14:22:03.718141,device_014,controller,server_room,19.5,50.8,46.24,-67,2460,False,14,2026-05-25,Monday,Good,Normal,Normal
2026-05-25 14:22:03.718141,device_015,sensor,loading_bay,2.4,36.0,42.78,-62,2460,False,14,2026-05-25,Monday,Good,Normal,Normal
2026-05-25 14:23:03.718141,device_001,gateway,warehouse_a,27.7,58.5,48.11,-54,2400,False,14,2026-05-25,Monday,Excellent,Normal,Normal
2026-05-25 14:23:03.718141,device_002,camera,factory_floor_2,68.7,72.8,58.97,-50,2400,False,14,2026-05-25,Monday,Excellent,Normal,Normal
2026-05-25 14:23:03.718141,device_003,sensor,warehouse_b,9.9,31.6,38.16,-70,2400,False,14,2026-05-25,Monday,Good,Normal,Normal
2026-05-25 14:23:03.718141,device_004,camera,warehouse_b,70.7,67.7,61.93,-56,2400,False,14,2026-05-25,Monday,Excellent,Normal,High
2026-05-25 14:23:03.718141,device_005,gateway,warehouse_a,23.7,53.2,50.45,-58,2400,False,14,2026-05-25,Monday,Excellent,Normal,Normal
2026-05-25 14:23:03.718141,device_006,sensor,factory_floor_2,3.8,39.6,36.77,-68,2400,False,14,2026-05-25,Monday,Good,Normal,Normal
2026-05-25 14:23:03.718141,device_007,sensor,warehouse_a,12.9,35.5,38.18,-59,2400,False,14,2026-05-25,Monday,Excellent,Normal,Normal
2026-05-25 14:23:03.718141,device_008,gateway,loading_bay,23.5,53.6,51.22,-53,2400,False,14,2026-05-25,Monday,Excellent,Normal,Normal
2026-05-25 14:23:03.718141,device_009,sensor,office_block,5.9,33.2,48.01,-60,2400,False,14,2026-05-25,Monday,Excellent,Normal,Normal
2026-05-25 14:23:03.718141,device_010,camera,warehouse_a,61.0,74.2,58.71,-56,2400,False,14,2026-05-25,Monday,Excellent,Normal,Normal
2026-05-25 14:23:03.718141,device_011,camera,factory_floor_1,56.7,75.8,58.71,-56,2400,False,14,2026-05-25,Monday,Excellent,Normal,Normal
2026-05-25 14:23:03.718141,device_012,camera,server_room,66.2,78.5,61.58,-64,2400,False,14,2026-05-25,Monday,Good,Normal,Normal
2026-05-25 14:23:03.718141,device_013,sensor,factory_floor_2,9.2,33.9,39.88,-64,2400,False,14,2026-05-25,Monday,Good,Normal,Normal
2026-05-25 14:23:03.718141,device_014,controller,server_room,12.3,47.3,51.77,-65,2400,False,14,2026-05-25,Monday,Good,Normal,Normal
2026-05-25 14:23:03.718141,device_015,sensor,loading_bay,13.6,33.3,45.64,-68,2400,False,14,2026-05-25,Monday,Good,Normal,Normal
2026-05-25 14:24:03.718141,device_001,gateway,warehouse_a,23.3,51.5,51.84,-50,2340,False,14,2026-05-25,Monday,Excellent,Normal,Normal
2026-05-25 14:24:03.718141,device_002,camera,factory_floor_2,65.8,69.3,64.4,-53,2340,False,14,2026-05-25,Monday,Excellent,Normal,Normal
2026-05-25 14:24:03.718141,device_003,sensor,warehouse_b,8.7,38.2,41.72,-60,2340,False,14,2026-05-25,Monday,Excellent,Normal,Normal
2026-05-25 14:24:03.718141,device_004,camera,warehouse_b,61.7,71.9,54.41,-65,2340,False,14,2026-05-25,Monday,Good,Normal,Normal
2026-05-25 14:24:03.718141,device_005,gateway,warehouse_a,32.9,52.4,53.34,-48,2340,False,14,2026-05-25,Monday,Excellent,Normal,Normal
2026-05-25 14:24:03.718141,device_006,sensor,factory_floor_2,2.3,35.6,43.48,-62,2340,False,14,2026-05-25,Monday,Good,Normal,Normal
2026-05-25 14:24:03.718141,device_007,sensor,warehouse_a,7.4,31.2,47.47,-67,2340,False,14,2026-05-25,Monday,Good,Normal,Normal
2026-05-25 14:24:03.718141,device_008,gateway,loading_bay,36.9,47.7,52.1,-53,2340,False,14,2026-05-25,Monday,Excellent,Normal,Normal
2026-05-25 14:24:03.718141,device_009,sensor,office_block,7.1,33.5,44.88,-63,2340,False,14,2026-05-25,Monday,Good,Normal,Normal
2026-05-25 14:24:03.718141,device_010,camera,warehouse_a,57.6,66.6,60.51,-57,2340,False,14,2026-05-25,Monday,Excellent,Normal,Normal
2026-05-25 14:24:03.718141,device_011,camera,factory_floor_1,97.5,65.8,83.32,-66,2340,True,14,2026-05-25,Monday,Good,Critical,Critical
2026-05-25 14:24:03.718141,device_012,camera,server_room,61.5,66.6,63.27,-57,2340,False,14,2026-05-25,Monday,Excellent,Normal,Normal
2026-05-25 14:24:03.718141,device_013,sensor,factory_floor_2,2.6,36.4,38.46,-58,2340,False,14,2026-05-25,Monday,Excellent,Normal,Normal
2026-05-25 14:24:03.718141,device_014,controller,server_room,19.5,45.0,45.95,-52,2340,False,14,2026-05-25,Monday,Excellent,Normal,Normal
2026-05-25 14:24:03.718141,device_015,sensor,loading_bay,15.6,27.2,39.08,-70,2340,False,14,2026-05-25,Monday,Good,Normal,Normal
2026-05-25 14:25:03.718141,device_001,gateway,warehouse_a,30.3,52.2,51.67,-60,2280,False,14,2026-05-25,Monday,Excellent,Normal,Normal
2026-05-25 14:25:03.718141,device_002,camera,factory_floor_2,68.3,61.2,63.52,-53,2280,False,14,2026-05-25,Monday,Excellent,Normal,Normal
2026-05-25 14:25:03.718141,device_003,sensor,warehouse_b,4.7,37.3,48.95,-62,2280,False,14,2026-05-25,Monday,Good,Normal,Normal
2026-05-25 14:25:03.718141,device_004,camera,warehouse_b,68.4,70.1,64.52,-55,2280,False,14,2026-05-25,Monday,Excellent,Normal,Normal
2026-05-25 14:25:03.718141,device_005,gateway,warehouse_a,32.0,57.2,54.15,-53,2280,False,14,2026-05-25,Monday,Excellent,Normal,Normal
2026-05-25 14:25:03.718141,device_006,sensor,factory_floor_2,6.4,32.6,42.52,-69,2280,False,14,2026-05-25,Monday,Good,Normal,Normal
2026-05-25 14:25:03.718141,device_007,sensor,warehouse_a,8.1,31.8,38.49,-56,2280,False,14,2026-05-25,Monday,Excellent,Normal,Normal
2026-05-25 14:25:03.718141,device_008,gateway,loading_bay,26.6,53.0,49.17,-60,2280,False,14,2026-05-25,Monday,Excellent,Normal,Normal
2026-05-25 14:25:03.718141,device_009,sensor,office_block,7.2,38.8,43.21,-67,2280,False,14,2026-05-25,Monday,Good,Normal,Normal
2026-05-25 14:25:03.718141,device_010,camera,warehouse_a,62.7,73.8,65.01,-65,2280,False,14,2026-05-25,Monday,Good,Normal,Normal
2026-05-25 14:25:03.718141,device_011,camera,factory_floor_1,67.5,71.3,61.46,-62,2280,False,14,2026-05-25,Monday,Good,Normal,Normal
2026-05-25 14:25:03.718141,device_012,camera,server_room,70.9,75.3,64.67,-56,2280,False,14,2026-05-25,Monday,Excellent,Normal,High
2026-05-25 14:25:03.718141,device_013,sensor,factory_floor_2,8.2,40.4,43.66,-57,2280,False,14,2026-05-25,Monday,Excellent,Normal,Normal
2026-05-25 14:25:03.718141,device_014,controller,server_room,14.9,45.1,47.04,-66,2280,False,14,2026-05-25,Monday,Good,Normal,Normal
2026-05-25 14:25:03.718141,device_015,sensor,loading_bay,12.5,34.1,44.75,-59,2280,False,14,2026-05-25,Monday,Excellent,Normal,Normal
2026-05-25 14:26:03.718141,device_001,gateway,warehouse_a,20.5,51.3,52.74,-63,2220,False,14,2026-05-25,Monday,Good,Normal,Normal
2026-05-25 14:26:03.718141,device_002,camera,factory_floor_2,57.6,71.3,57.21,-65,2220,False,14,2026-05-25,Monday,Good,Normal,Normal
2026-05-25 14:26:03.718141,device_003,sensor,warehouse_b,14.8,35.8,42.12,-69,2220,False,14,2026-05-25,Monday,Good,Normal,Normal
2026-05-25 14:26:03.718141,device_004,camera,warehouse_b,70.9,72.1,56.37,-57,2220,False,14,2026-05-25,Monday,Excellent,Normal,High
2026-05-25 14:26:03.718141,device_005,gateway,warehouse_a,27.9,53.1,53.7,-53,2220,False,14,2026-05-25,Monday,Excellent,Normal,Normal
2026-05-25 14:26:03.718141,device_006,sensor,factory_floor_2,3.9,41.6,42.42,-58,2220,False,14,2026-05-25,Monday,Excellent,Normal,Normal
2026-05-25 14:26:03.718141,device_007,sensor,warehouse_a,12.3,29.6,40.48,-65,2220,False,14,2026-05-25,Monday,Good,Normal,Normal
2026-05-25 14:26:03.718141,device_008,gateway,loading_bay,19.6,51.2,55.95,-49,2220,False,14,2026-05-25,Monday,Excellent,Normal,Normal
2026-05-25 14:26:03.718141,device_009,sensor,office_block,6.4,28.5,45.96,-60,2220,False,14,2026-05-25,Monday,Excellent,Normal,Normal
2026-05-25 14:26:03.718141,device_010,camera,warehouse_a,72.5,65.4,60.24,-53,2220,False,14,2026-05-25,Monday,Excellent,Normal,High
2026-05-25 14:26:03.718141,device_011,camera,factory_floor_1,63.8,71.8,58.83,-63,2220,False,14,2026-05-25,Monday,Good,Normal,Normal
2026-05-25 14:26:03.718141,device_012,camera,server_room,61.8,69.1,55.27,-59,2220,False,14,2026-05-25,Monday,Excellent,Normal,Normal
2026-05-25 14:26:03.718141,device_013,sensor,factory_floor_2,1.2,30.3,42.61,-55,2220,False,14,2026-05-25,Monday,Excellent,Normal,Normal
2026-05-25 14:26:03.718141,device_014,controller,server_room,15.6,44.2,48.55,-58,2220,False,14,2026-05-25,Monday,Excellent,Normal,Normal
2026-05-25 14:26:03.718141,device_015,sensor,loading_bay,9.3,30.4,44.04,-55,2220,False,14,2026-05-25,Monday,Excellent,Normal,Normal
2026-05-25 14:27:03.718141,device_001,gateway,warehouse_a,27.7,56.0,42.01,-55,2160,False,14,2026-05-25,Monday,Excellent,Normal,Normal
2026-05-25 14:27:03.718141,device_002,camera,factory_floor_2,63.5,71.3,58.05,-64,2160,False,14,2026-05-25,Monday,Good,Normal,Normal
2026-05-25 14:27:03.718141,device_003,sensor,warehouse_b,13.9,31.2,40.57,-63,2160,False,14,2026-05-25,Monday,Good,Normal,Normal
2026-05-25 14:27:03.718141,device_004,camera,warehouse_b,65.8,67.4,56.99,-60,2160,False,14,2026-05-25,Monday,Excellent,Normal,Normal
2026-05-25 14:27:03.718141,device_005,gateway,warehouse_a,34.1,47.5,52.19,-61,2160,False,14,2026-05-25,Monday,Good,Normal,Normal
2026-05-25 14:27:03.718141,device_006,sensor,factory_floor_2,1.0,38.4,42.49,-69,2160,False,14,2026-05-25,Monday,Good,Normal,Normal
2026-05-25 14:27:03.718141,device_007,sensor,warehouse_a,1.0,40.3,43.35,-64,2160,False,14,2026-05-25,Monday,Good,Normal,Normal
2026-05-25 14:27:03.718141,device_008,gateway,loading_bay,37.4,57.0,52.99,-51,2160,False,14,2026-05-25,Monday,Excellent,Normal,Normal
2026-05-25 14:27:03.718141,device_009,sensor,office_block,1.0,32.7,48.3,-67,2160,False,14,2026-05-25,Monday,Good,Normal,Normal
2026-05-25 14:27:03.718141,device_010,camera,warehouse_a,60.3,76.0,60.23,-50,2160,False,14,2026-05-25,Monday,Excellent,Normal,Normal
2026-05-25 14:27:03.718141,device_011,camera,factory_floor_1,76.0,74.0,61.38,-56,2160,False,14,2026-05-25,Monday,Excellent,Normal,High
2026-05-25 14:27:03.718141,device_012,camera,server_room,65.2,75.9,57.89,-57,2160,False,14,2026-05-25,Monday,Excellent,Normal,Normal
2026-05-25 14:27:03.718141,device_013,sensor,factory_floor_2,4.9,40.2,46.61,-66,2160,False,14,2026-05-25,Monday,Good,Normal,Normal
2026-05-25 14:27:03.718141,device_014,controller,server_room,21.1,53.9,53.49,-65,2160,False,14,2026-05-25,Monday,Good,Normal,Normal
2026-05-25 14:27:03.718141,device_015,sensor,loading_bay,7.1,27.5,39.57,-63,2160,False,14,2026-05-25,Monday,Good,Normal,Normal
2026-05-25 14:28:03.718141,device_001,gateway,warehouse_a,39.2,59.5,50.68,-51,2100,False,14,2026-05-25,Monday,Excellent,Normal,Normal
2026-05-25 14:28:03.718141,device_002,camera,factory_floor_2,61.3,67.2,65.61,-50,2100,False,14,2026-05-25,Monday,Excellent,Normal,Normal
2026-05-25 14:28:03.718141,device_003,sensor,warehouse_b,2.0,32.9,41.37,-58,2100,False,14,2026-05-25,Monday,Excellent,Normal,Normal
2026-05-25 14:28:03.718141,device_004,camera,warehouse_b,68.0,72.5,60.85,-58,2100,False,14,2026-05-25,Monday,Excellent,Normal,Normal
2026-05-25 14:28:03.718141,device_005,gateway,warehouse_a,26.5,52.7,50.0,-54,2100,False,14,2026-05-25,Monday,Excellent,Normal,Normal
2026-05-25 14:28:03.718141,device_006,sensor,factory_floor_2,18.2,27.1,42.68,-67,2100,False,14,2026-05-25,Monday,Good,Normal,Normal
2026-05-25 14:28:03.718141,device_007,sensor,warehouse_a,5.4,42.4,42.29,-67,2100,False,14,2026-05-25,Monday,Good,Normal,Normal
2026-05-25 14:28:03.718141,device_008,gateway,loading_bay,33.1,64.7,49.23,-56,2100,False,14,2026-05-25,Monday,Excellent,Normal,Normal
2026-05-25 14:28:03.718141,device_009,sensor,office_block,37.8,30.4,65.74,-56,2100,True,14,2026-05-25,Monday,Excellent,Normal,Normal
2026-05-25 14:28:03.718141,device_010,camera,warehouse_a,53.0,57.0,56.77,-66,2100,False,14,2026-05-25,Monday,Good,Normal,Normal
2026-05-25 14:28:03.718141,device_011,camera,factory_floor_1,75.6,66.3,61.64,-50,2100,False,14,2026-05-25,Monday,Excellent,Normal,High
2026-05-25 14:28:03.718141,device_012,camera,server_room,67.3,72.5,61.57,-58,2100,False,14,2026-05-25,Monday,Excellent,Normal,Normal
2026-05-25 14:28:03.718141,device_013,sensor,factory_floor_2,14.0,31.5,41.13,-68,2100,False,14,2026-05-25,Monday,Good,Normal,Normal
2026-05-25 14:28:03.718141,device_014,controller,server_room,22.1,45.4,50.41,-62,2100,False,14,2026-05-25,Monday,Good,Normal,Normal
2026-05-25 14:28:03.718141,device_015,sensor,loading_bay,18.9,31.4,40.69,-54,2100,False,14,2026-05-25,Monday,Excellent,Normal,Normal
2026-05-25 14:29:03.718141,device_001,gateway,warehouse_a,30.1,57.0,49.98,-53,2040,False,14,2026-05-25,Monday,Excellent,Normal,Normal
2026-05-25 14:29:03.718141,device_002,camera,factory_floor_2,60.8,77.6,59.8,-58,2040,False,14,2026-05-25,Monday,Excellent,Normal,Normal
2026-05-25 14:29:03.718141,device_003,sensor,warehouse_b,6.0,39.7,39.6,-69,2040,False,14,2026-05-25,Monday,Good,Normal,Normal
2026-05-25 14:29:03.718141,device_004,camera,warehouse_b,59.7,72.3,58.92,-53,2040,False,14,2026-05-25,Monday,Excellent,Normal,Normal
2026-05-25 14:29:03.718141,device_005,gateway,warehouse_a,32.7,52.0,55.66,-57,2040,False,14,2026-05-25,Monday,Excellent,Normal,Normal
2026-05-25 14:29:03.718141,device_006,sensor,factory_floor_2,11.0,32.6,40.6,-62,2040,False,14,2026-05-25,Monday,Good,Normal,Normal
2026-05-25 14:29:03.718141,device_007,sensor,warehouse_a,14.0,36.1,40.35,-55,2040,False,14,2026-05-25,Monday,Excellent,Normal,Normal
2026-05-25 14:29:03.718141,device_008,gateway,loading_bay,28.8,58.9,48.79,-60,2040,False,14,2026-05-25,Monday,Excellent,Normal,Normal
2026-05-25 14:29:03.718141,device_009,sensor,office_block,10.8,36.1,36.04,-63,2040,False,14,2026-05-25,Monday,Good,Normal,Normal
2026-05-25 14:29:03.718141,device_010,camera,warehouse_a,61.1,64.2,64.29,-59,2040,False,14,2026-05-25,Monday,Excellent,Normal,Normal
2026-05-25 14:29:03.718141,device_011,camera,factory_floor_1,63.2,70.2,62.09,-65,2040,False,14,2026-05-25,Monday,Good,Normal,Normal
2026-05-25 14:29:03.718141,device_012,camera,server_room,68.8,76.6,56.44,-59,2040,False,14,2026-05-25,Monday,Excellent,Normal,Normal
2026-05-25 14:29:03.718141,device_013,sensor,factory_floor_2,10.6,38.5,46.08,-67,2040,False,14,2026-05-25,Monday,Good,Normal,Normal
2026-05-25 14:29:03.718141,device_014,controller,server_room,17.9,42.7,44.15,-56,2040,False,14,2026-05-25,Monday,Excellent,Normal,Normal
2026-05-25 14:29:03.718141,device_015,sensor,loading_bay,15.9,32.5,46.16,-67,2040,False,14,2026-05-25,Monday,Good,Normal,Normal
2026-05-25 14:30:03.718141,device_001,gateway,warehouse_a,13.9,53.8,51.36,-55,1980,False,14,2026-05-25,Monday,Excellent,Normal,Normal
2026-05-25 14:30:03.718141,device_002,camera,factory_floor_2,63.8,73.5,62.59,-61,1980,False,14,2026-05-25,Monday,Good,Normal,Normal
2026-05-25 14:30:03.718141,device_003,sensor,warehouse_b,13.0,27.8,43.34,-59,1980,False,14,2026-05-25,Monday,Excellent,Normal,Normal
2026-05-25 14:30:03.718141,device_004,camera,warehouse_b,63.3,71.5,67.91,-57,1980,False,14,2026-05-25,Monday,Excellent,Normal,Normal
2026-05-25 14:30:03.718141,device_005,gateway,warehouse_a,29.8,56.7,53.08,-60,1980,False,14,2026-05-25,Monday,Excellent,Normal,Normal
2026-05-25 14:30:03.718141,device_006,sensor,factory_floor_2,1.0,34.8,41.28,-55,1980,False,14,2026-05-25,Monday,Excellent,Normal,Normal
2026-05-25 14:30:03.718141,device_007,sensor,warehouse_a,14.4,28.4,42.14,-63,1980,False,14,2026-05-25,Monday,Good,Normal,Normal
2026-05-25 14:30:03.718141,device_008,gateway,loading_bay,30.2,50.1,49.59,-61,1980,False,14,2026-05-25,Monday,Good,Normal,Normal
2026-05-25 14:30:03.718141,device_009,sensor,office_block,3.8,40.0,43.63,-60,1980,False,14,2026-05-25,Monday,Excellent,Normal,Normal
2026-05-25 14:30:03.718141,device_010,camera,warehouse_a,67.4,71.9,62.9,-62,1980,False,14,2026-05-25,Monday,Good,Normal,Normal
2026-05-25 14:30:03.718141,device_011,camera,factory_floor_1,65.5,60.3,63.09,-51,1980,False,14,2026-05-25,Monday,Excellent,Normal,Normal
2026-05-25 14:30:03.718141,device_012,camera,server_room,65.6,74.7,57.87,-66,1980,False,14,2026-05-25,Monday,Good,Normal,Normal
2026-05-25 14:30:03.718141,device_013,sensor,factory_floor_2,7.3,29.0,42.09,-62,1980,False,14,2026-05-25,Monday,Good,Normal,Normal
2026-05-25 14:30:03.718141,device_014,controller,server_room,23.1,47.2,49.88,-63,1980,False,14,2026-05-25,Monday,Good,Normal,Normal
2026-05-25 14:30:03.718141,device_015,sensor,loading_bay,3.9,35.9,39.68,-70,1980,False,14,2026-05-25,Monday,Good,Normal,Normal
2026-05-25 14:31:03.718141,device_001,gateway,warehouse_a,24.5,46.4,53.3,-48,1920,False,14,2026-05-25,Monday,Excellent,Normal,Normal
2026-05-25 14:31:03.718141,device_002,camera,factory_floor_2,62.6,71.8,66.39,-51,1920,False,14,2026-05-25,Monday,Excellent,Normal,Normal
2026-05-25 14:31:03.718141,device_003,sensor,warehouse_b,8.8,25.7,47.96,-55,1920,False,14,2026-05-25,Monday,Excellent,Normal,Normal
2026-05-25 14:31:03.718141,device_004,camera,warehouse_b,60.9,73.4,59.8,-66,1920,False,14,2026-05-25,Monday,Good,Normal,Normal
2026-05-25 14:31:03.718141,device_005,gateway,warehouse_a,32.4,59.0,49.4,-54,1920,False,14,2026-05-25,Monday,Excellent,Normal,Normal
2026-05-25 14:31:03.718141,device_006,sensor,factory_floor_2,6.0,30.9,45.63,-54,1920,False,14,2026-05-25,Monday,Excellent,Normal,Normal
2026-05-25 14:31:03.718141,device_007,sensor,warehouse_a,7.4,39.2,40.53,-66,1920,False,14,2026-05-25,Monday,Good,Normal,Normal
2026-05-25 14:31:03.718141,device_008,gateway,loading_bay,25.4,57.0,51.87,-60,1920,False,14,2026-05-25,Monday,Excellent,Normal,Normal
2026-05-25 14:31:03.718141,device_009,sensor,office_block,10.7,35.8,44.66,-60,1920,False,14,2026-05-25,Monday,Excellent,Normal,Normal
2026-05-25 14:31:03.718141,device_010,camera,warehouse_a,62.9,70.1,59.95,-55,1920,False,14,2026-05-25,Monday,Excellent,Normal,Normal
2026-05-25 14:31:03.718141,device_011,camera,factory_floor_1,66.2,70.1,60.56,-58,1920,False,14,2026-05-25,Monday,Excellent,Normal,Normal
2026-05-25 14:31:03.718141,device_012,camera,server_room,57.4,70.7,63.0,-58,1920,False,14,2026-05-25,Monday,Excellent,Normal,Normal
2026-05-25 14:31:03.718141,device_013,sensor,factory_floor_2,13.0,28.0,42.0,-70,1920,False,14,2026-05-25,Monday,Good,Normal,Normal
2026-05-25 14:31:03.718141,device_014,controller,server_room,16.2,48.0,47.4,-59,1920,False,14,2026-05-25,Monday,Excellent,Normal,Normal
2026-05-25 14:31:03.718141,device_015,sensor,loading_bay,1.0,37.1,42.12,-54,1920,False,14,2026-05-25,Monday,Excellent,Normal,Normal
2026-05-25 14:32:03.718141,device_001,gateway,warehouse_a,24.7,52.5,52.22,-48,1860,False,14,2026-05-25,Monday,Excellent,Normal,Normal
2026-05-25 14:32:03.718141,device_002,camera,factory_floor_2,61.4,67.2,59.77,-50,1860,False,14,2026-05-25,Monday,Excellent,Normal,Normal
2026-05-25 14:32:03.718141,device_003,sensor,warehouse_b,11.4,31.4,39.8,-70,1860,False,14,2026-05-25,Monday,Good,Normal,Normal
2026-05-25 14:32:03.718141,device_004,camera,warehouse_b,73.8,62.6,63.88,-53,1860,False,14,2026-05-25,Monday,Excellent,Normal,High
2026-05-25 14:32:03.718141,device_005,gateway,warehouse_a,24.2,56.3,52.73,-59,1860,False,14,2026-05-25,Monday,Excellent,Normal,Normal
2026-05-25 14:32:03.718141,device_006,sensor,factory_floor_2,1.0,38.3,45.48,-70,1860,False,14,2026-05-25,Monday,Good,Normal,Normal
2026-05-25 14:32:03.718141,device_007,sensor,warehouse_a,10.4,36.8,46.07,-57,1860,False,14,2026-05-25,Monday,Excellent,Normal,Normal
2026-05-25 14:32:03.718141,device_008,gateway,loading_bay,30.2,59.4,56.67,-61,1860,False,14,2026-05-25,Monday,Good,Normal,Normal
2026-05-25 14:32:03.718141,device_009,sensor,office_block,3.8,32.3,43.9,-58,1860,False,14,2026-05-25,Monday,Excellent,Normal,Normal
2026-05-25 14:32:03.718141,device_010,camera,warehouse_a,67.5,64.5,62.43,-58,1860,False,14,2026-05-25,Monday,Excellent,Normal,Normal
2026-05-25 14:32:03.718141,device_011,camera,factory_floor_1,64.4,68.3,61.8,-52,1860,False,14,2026-05-25,Monday,Excellent,Normal,Normal
2026-05-25 14:32:03.718141,device_012,camera,server_room,66.6,69.9,63.42,-50,1860,False,14,2026-05-25,Monday,Excellent,Normal,Normal
2026-05-25 14:32:03.718141,device_013,sensor,factory_floor_2,9.1,36.9,46.15,-59,1860,False,14,2026-05-25,Monday,Excellent,Normal,Normal
2026-05-25 14:32:03.718141,device_014,controller,server_room,19.0,47.7,45.13,-56,1860,False,14,2026-05-25,Monday,Excellent,Normal,Normal
2026-05-25 14:32:03.718141,device_015,sensor,loading_bay,9.7,35.2,45.85,-62,1860,False,14,2026-05-25,Monday,Good,Normal,Normal
2026-05-25 14:33:03.718141,device_001,gateway,warehouse_a,18.9,57.9,46.9,-62,1800,False,14,2026-05-25,Monday,Good,Normal,Normal
2026-05-25 14:33:03.718141,device_002,camera,factory_floor_2,62.1,70.5,62.31,-56,1800,False,14,2026-05-25,Monday,Excellent,Normal,Normal
2026-05-25 14:33:03.718141,device_003,sensor,warehouse_b,7.2,31.5,41.71,-67,1800,False,14,2026-05-25,Monday,Good,Normal,Normal
2026-05-25 14:33:03.718141,device_004,camera,warehouse_b,64.9,68.5,59.25,-52,1800,False,14,2026-05-25,Monday,Excellent,Normal,Normal
2026-05-25 14:33:03.718141,device_005,gateway,warehouse_a,26.4,58.7,51.32,-52,1800,False,14,2026-05-25,Monday,Excellent,Normal,Normal
2026-05-25 14:33:03.718141,device_006,sensor,factory_floor_2,7.4,41.2,45.07,-70,1800,False,14,2026-05-25,Monday,Good,Normal,Normal
2026-05-25 14:33:03.718141,device_007,sensor,warehouse_a,12.3,36.3,43.6,-66,1800,False,14,2026-05-25,Monday,Good,Normal,Normal
2026-05-25 14:33:03.718141,device_008,gateway,loading_bay,32.3,58.9,52.27,-59,1800,False,14,2026-05-25,Monday,Excellent,Normal,Normal
2026-05-25 14:33:03.718141,device_009,sensor,office_block,11.1,38.6,40.92,-61,1800,False,14,2026-05-25,Monday,Good,Normal,Normal
2026-05-25 14:33:03.718141,device_010,camera,warehouse_a,65.5,68.1,60.68,-61,1800,False,14,2026-05-25,Monday,Good,Normal,Normal
2026-05-25 14:33:03.718141,device_011,camera,factory_floor_1,65.8,73.6,63.99,-57,1800,False,14,2026-05-25,Monday,Excellent,Normal,Normal
2026-05-25 14:33:03.718141,device_012,camera,server_room,66.8,75.1,62.8,-57,1800,False,14,2026-05-25,Monday,Excellent,Normal,Normal
2026-05-25 14:33:03.718141,device_013,sensor,factory_floor_2,37.3,40.2,58.65,-69,1800,True,14,2026-05-25,Monday,Good,Normal,Normal
2026-05-25 14:33:03.718141,device_014,controller,server_room,15.4,37.8,45.93,-65,1800,False,14,2026-05-25,Monday,Good,Normal,Normal
2026-05-25 14:33:03.718141,device_015,sensor,loading_bay,10.9,32.0,37.14,-61,1800,False,14,2026-05-25,Monday,Good,Normal,Normal
2026-05-25 14:34:03.718141,device_001,gateway,warehouse_a,60.9,52.4,74.17,-52,1740,True,14,2026-05-25,Monday,Excellent,Warning,Normal
2026-05-25 14:34:03.718141,device_002,camera,factory_floor_2,64.3,67.8,58.38,-66,1740,False,14,2026-05-25,Monday,Good,Normal,Normal
2026-05-25 14:34:03.718141,device_003,sensor,warehouse_b,9.3,34.0,40.5,-66,1740,False,14,2026-05-25,Monday,Good,Normal,Normal
2026-05-25 14:34:03.718141,device_004,camera,warehouse_b,57.7,72.0,64.4,-57,1740,False,14,2026-05-25,Monday,Excellent,Normal,Normal
2026-05-25 14:34:03.718141,device_005,gateway,warehouse_a,32.0,51.7,55.87,-47,1740,False,14,2026-05-25,Monday,Excellent,Normal,Normal
2026-05-25 14:34:03.718141,device_006,sensor,factory_floor_2,6.2,47.6,36.32,-66,1740,False,14,2026-05-25,Monday,Good,Normal,Normal
2026-05-25 14:34:03.718141,device_007,sensor,warehouse_a,7.3,30.0,45.12,-62,1740,False,14,2026-05-25,Monday,Good,Normal,Normal
2026-05-25 14:34:03.718141,device_008,gateway,loading_bay,33.0,54.8,57.57,-57,1740,False,14,2026-05-25,Monday,Excellent,Normal,Normal
2026-05-25 14:34:03.718141,device_009,sensor,office_block,2.9,26.1,41.58,-68,1740,False,14,2026-05-25,Monday,Good,Normal,Normal
2026-05-25 14:34:03.718141,device_010,camera,warehouse_a,64.8,69.9,63.46,-65,1740,False,14,2026-05-25,Monday,Good,Normal,Normal
2026-05-25 14:34:03.718141,device_011,camera,factory_floor_1,63.6,72.4,62.58,-55,1740,False,14,2026-05-25,Monday,Excellent,Normal,Normal
2026-05-25 14:34:03.718141,device_012,camera,server_room,56.7,79.7,61.27,-54,1740,False,14,2026-05-25,Monday,Excellent,Normal,Normal
2026-05-25 14:34:03.718141,device_013,sensor,factory_floor_2,1.3,42.8,41.74,-67,1740,False,14,2026-05-25,Monday,Good,Normal,Normal
2026-05-25 14:34:03.718141,device_014,controller,server_room,23.5,45.8,46.46,-59,1740,False,14,2026-05-25,Monday,Excellent,Normal,Normal
2026-05-25 14:34:03.718141,device_015,sensor,loading_bay,8.0,34.7,39.76,-65,1740,False,14,2026-05-25,Monday,Good,Normal,Normal
2026-05-25 14:35:03.718141,device_001,gateway,warehouse_a,26.6,52.0,52.34,-53,1680,False,14,2026-05-25,Monday,Excellent,Normal,Normal
2026-05-25 14:35:03.718141,device_002,camera,factory_floor_2,58.6,76.9,60.88,-62,1680,False,14,2026-05-25,Monday,Good,Normal,Normal
2026-05-25 14:35:03.718141,device_003,sensor,warehouse_b,8.4,38.0,41.01,-64,1680,False,14,2026-05-25,Monday,Good,Normal,Normal
2026-05-25 14:35:03.718141,device_004,camera,warehouse_b,64.2,70.0,66.6,-53,1680,False,14,2026-05-25,Monday,Excellent,Normal,Normal
2026-05-25 14:35:03.718141,device_005,gateway,warehouse_a,31.5,57.0,49.74,-54,1680,False,14,2026-05-25,Monday,Excellent,Normal,Normal
2026-05-25 14:35:03.718141,device_006,sensor,factory_floor_2,9.4,33.0,41.83,-61,1680,False,14,2026-05-25,Monday,Good,Normal,Normal
2026-05-25 14:35:03.718141,device_007,sensor,warehouse_a,4.8,37.5,42.85,-56,1680,False,14,2026-05-25,Monday,Excellent,Normal,Normal
2026-05-25 14:35:03.718141,device_008,gateway,loading_bay,27.4,54.8,52.86,-51,1680,False,14,2026-05-25,Monday,Excellent,Normal,Normal
2026-05-25 14:35:03.718141,device_009,sensor,office_block,8.5,35.1,41.4,-57,1680,False,14,2026-05-25,Monday,Excellent,Normal,Normal
2026-05-25 14:35:03.718141,device_010,camera,warehouse_a,78.5,72.6,61.93,-50,1680,False,14,2026-05-25,Monday,Excellent,Normal,High
2026-05-25 14:35:03.718141,device_011,camera,factory_floor_1,67.2,75.2,60.21,-56,1680,False,14,2026-05-25,Monday,Excellent,Normal,Normal
2026-05-25 14:35:03.718141,device_012,camera,server_room,63.5,68.7,64.17,-55,1680,False,14,2026-05-25,Monday,Excellent,Normal,Normal
2026-05-25 14:35:03.718141,device_013,sensor,factory_floor_2,3.2,30.6,43.1,-57,1680,False,14,2026-05-25,Monday,Excellent,Normal,Normal
2026-05-25 14:35:03.718141,device_014,controller,server_room,20.7,43.7,44.42,-55,1680,False,14,2026-05-25,Monday,Excellent,Normal,Normal
2026-05-25 14:35:03.718141,device_015,sensor,loading_bay,1.0,28.4,50.47,-70,1680,False,14,2026-05-25,Monday,Good,Normal,Normal
2026-05-25 14:36:03.718141,device_001,gateway,warehouse_a,28.0,59.1,55.43,-50,1620,False,14,2026-05-25,Monday,Excellent,Normal,Normal
2026-05-25 14:36:03.718141,device_002,camera,factory_floor_2,69.3,75.4,60.05,-62,1620,False,14,2026-05-25,Monday,Good,Normal,Normal
2026-05-25 14:36:03.718141,device_003,sensor,warehouse_b,12.6,36.0,42.64,-61,1620,False,14,2026-05-25,Monday,Good,Normal,Normal
2026-05-25 14:36:03.718141,device_004,camera,warehouse_b,63.5,74.9,58.27,-50,1620,False,14,2026-05-25,Monday,Excellent,Normal,Normal
2026-05-25 14:36:03.718141,device_005,gateway,warehouse_a,34.6,54.4,49.35,-54,1620,False,14,2026-05-25,Monday,Excellent,Normal,Normal
2026-05-25 14:36:03.718141,device_006,sensor,factory_floor_2,7.3,35.3,41.9,-58,1620,False,14,2026-05-25,Monday,Excellent,Normal,Normal
2026-05-25 14:36:03.718141,device_007,sensor,warehouse_a,12.7,31.6,39.76,-70,1620,False,14,2026-05-25,Monday,Good,Normal,Normal
2026-05-25 14:36:03.718141,device_008,gateway,loading_bay,34.2,49.9,50.61,-47,1620,False,14,2026-05-25,Monday,Excellent,Normal,Normal
2026-05-25 14:36:03.718141,device_009,sensor,office_block,5.6,41.2,41.01,-69,1620,False,14,2026-05-25,Monday,Good,Normal,Normal
2026-05-25 14:36:03.718141,device_010,camera,warehouse_a,69.6,73.3,64.44,-58,1620,False,14,2026-05-25,Monday,Excellent,Normal,Normal
2026-05-25 14:36:03.718141,device_011,camera,factory_floor_1,69.7,69.2,58.94,-63,1620,False,14,2026-05-25,Monday,Good,Normal,Normal
2026-05-25 14:36:03.718141,device_012,camera,server_room,60.1,72.7,60.37,-63,1620,False,14,2026-05-25,Monday,Good,Normal,Normal
2026-05-25 14:36:03.718141,device_013,sensor,factory_floor_2,8.7,30.4,45.93,-55,1620,False,14,2026-05-25,Monday,Excellent,Normal,Normal
2026-05-25 14:36:03.718141,device_014,controller,server_room,20.5,45.4,44.26,-67,1620,False,14,2026-05-25,Monday,Good,Normal,Normal
2026-05-25 14:36:03.718141,device_015,sensor,loading_bay,11.7,37.2,41.36,-54,1620,False,14,2026-05-25,Monday,Excellent,Normal,Normal
2026-05-25 14:37:03.718141,device_001,gateway,warehouse_a,23.2,57.2,47.01,-62,1560,False,14,2026-05-25,Monday,Good,Normal,Normal
2026-05-25 14:37:03.718141,device_002,camera,factory_floor_2,73.7,74.9,58.01,-50,1560,False,14,2026-05-25,Monday,Excellent,Normal,High
2026-05-25 14:37:03.718141,device_003,sensor,warehouse_b,8.2,30.5,37.99,-55,1560,False,14,2026-05-25,Monday,Excellent,Normal,Normal
2026-05-25 14:37:03.718141,device_004,camera,warehouse_b,65.1,64.7,59.79,-62,1560,False,14,2026-05-25,Monday,Good,Normal,Normal
2026-05-25 14:37:03.718141,device_005,gateway,warehouse_a,19.5,55.8,49.46,-54,1560,False,14,2026-05-25,Monday,Excellent,Normal,Normal
2026-05-25 14:37:03.718141,device_006,sensor,factory_floor_2,8.0,35.8,40.5,-70,1560,False,14,2026-05-25,Monday,Good,Normal,Normal
2026-05-25 14:37:03.718141,device_007,sensor,warehouse_a,13.2,34.5,43.18,-64,1560,False,14,2026-05-25,Monday,Good,Normal,Normal
2026-05-25 14:37:03.718141,device_008,gateway,loading_bay,32.6,54.1,49.12,-63,1560,False,14,2026-05-25,Monday,Good,Normal,Normal
2026-05-25 14:37:03.718141,device_009,sensor,office_block,7.0,33.3,38.29,-67,1560,False,14,2026-05-25,Monday,Good,Normal,Normal
2026-05-25 14:37:03.718141,device_010,camera,warehouse_a,54.6,66.3,66.74,-59,1560,False,14,2026-05-25,Monday,Excellent,Normal,Normal
2026-05-25 14:37:03.718141,device_011,camera,factory_floor_1,72.9,72.3,61.11,-51,1560,False,14,2026-05-25,Monday,Excellent,Normal,High
2026-05-25 14:37:03.718141,device_012,camera,server_room,62.6,72.6,61.62,-50,1560,False,14,2026-05-25,Monday,Excellent,Normal,Normal
2026-05-25 14:37:03.718141,device_013,sensor,factory_floor_2,11.3,33.5,44.32,-69,1560,False,14,2026-05-25,Monday,Good,Normal,Normal
2026-05-25 14:37:03.718141,device_014,controller,server_room,15.6,47.1,43.22,-59,1560,False,14,2026-05-25,Monday,Excellent,Normal,Normal
2026-05-25 14:37:03.718141,device_015,sensor,loading_bay,13.4,36.2,46.85,-65,1560,False,14,2026-05-25,Monday,Good,Normal,Normal
2026-05-25 14:38:03.718141,device_001,gateway,warehouse_a,24.2,59.2,46.91,-55,1500,False,14,2026-05-25,Monday,Excellent,Normal,Normal
2026-05-25 14:38:03.718141,device_002,camera,factory_floor_2,56.0,69.1,59.98,-52,1500,False,14,2026-05-25,Monday,Excellent,Normal,Normal
2026-05-25 14:38:03.718141,device_003,sensor,warehouse_b,7.7,35.6,42.11,-67,1500,False,14,2026-05-25,Monday,Good,Normal,Normal
2026-05-25 14:38:03.718141,device_004,camera,warehouse_b,52.9,61.1,61.04,-66,1500,False,14,2026-05-25,Monday,Good,Normal,Normal
2026-05-25 14:38:03.718141,device_005,gateway,warehouse_a,31.7,46.4,50.33,-56,1500,False,14,2026-05-25,Monday,Excellent,Normal,Normal
2026-05-25 14:38:03.718141,device_006,sensor,factory_floor_2,3.9,39.8,40.29,-64,1500,False,14,2026-05-25,Monday,Good,Normal,Normal
2026-05-25 14:38:03.718141,device_007,sensor,warehouse_a,9.0,39.7,43.03,-61,1500,False,14,2026-05-25,Monday,Good,Normal,Normal
2026-05-25 14:38:03.718141,device_008,gateway,loading_bay,27.5,57.7,54.26,-60,1500,False,14,2026-05-25,Monday,Excellent,Normal,Normal
2026-05-25 14:38:03.718141,device_009,sensor,office_block,1.6,29.3,46.42,-55,1500,False,14,2026-05-25,Monday,Excellent,Normal,Normal
2026-05-25 14:38:03.718141,device_010,camera,warehouse_a,69.6,72.4,56.45,-58,1500,False,14,2026-05-25,Monday,Excellent,Normal,Normal
2026-05-25 14:38:03.718141,device_011,camera,factory_floor_1,74.3,69.0,60.36,-63,1500,False,14,2026-05-25,Monday,Good,Normal,High
2026-05-25 14:38:03.718141,device_012,camera,server_room,68.1,77.3,60.01,-53,1500,False,14,2026-05-25,Monday,Excellent,Normal,Normal
2026-05-25 14:38:03.718141,device_013,sensor,factory_floor_2,9.0,32.8,41.04,-61,1500,False,14,2026-05-25,Monday,Good,Normal,Normal
2026-05-25 14:38:03.718141,device_014,controller,server_room,13.3,43.6,46.12,-56,1500,False,14,2026-05-25,Monday,Excellent,Normal,Normal
2026-05-25 14:38:03.718141,device_015,sensor,loading_bay,35.6,43.4,60.03,-61,1500,True,14,2026-05-25,Monday,Good,Normal,Normal
2026-05-25 14:39:03.718141,device_001,gateway,warehouse_a,22.8,57.4,52.44,-49,1440,False,14,2026-05-25,Monday,Excellent,Normal,Normal
2026-05-25 14:39:03.718141,device_002,camera,factory_floor_2,68.2,69.0,60.82,-55,1440,False,14,2026-05-25,Monday,Excellent,Normal,Normal
2026-05-25 14:39:03.718141,device_003,sensor,warehouse_b,10.3,34.0,42.8,-56,1440,False,14,2026-05-25,Monday,Excellent,Normal,Normal
2026-05-25 14:39:03.718141,device_004,camera,warehouse_b,57.2,65.4,59.6,-52,1440,False,14,2026-05-25,Monday,Excellent,Normal,Normal
2026-05-25 14:39:03.718141,device_005,gateway,warehouse_a,24.7,56.4,52.1,-58,1440,False,14,2026-05-25,Monday,Excellent,Normal,Normal
2026-05-25 14:39:03.718141,device_006,sensor,factory_floor_2,16.9,38.1,40.39,-54,1440,False,14,2026-05-25,Monday,Excellent,Normal,Normal
2026-05-25 14:39:03.718141,device_007,sensor,warehouse_a,9.5,37.3,45.89,-54,1440,False,14,2026-05-25,Monday,Excellent,Normal,Normal
2026-05-25 14:39:03.718141,device_008,gateway,loading_bay,23.0,56.2,46.83,-61,1440,False,14,2026-05-25,Monday,Good,Normal,Normal
2026-05-25 14:39:03.718141,device_009,sensor,office_block,5.4,29.9,39.06,-66,1440,False,14,2026-05-25,Monday,Good,Normal,Normal
2026-05-25 14:39:03.718141,device_010,camera,warehouse_a,65.8,68.4,65.52,-56,1440,False,14,2026-05-25,Monday,Excellent,Normal,Normal
2026-05-25 14:39:03.718141,device_011,camera,factory_floor_1,68.0,64.8,60.69,-62,1440,False,14,2026-05-25,Monday,Good,Normal,Normal
2026-05-25 14:39:03.718141,device_012,camera,server_room,68.7,70.1,57.72,-57,1440,False,14,2026-05-25,Monday,Excellent,Normal,Normal
2026-05-25 14:39:03.718141,device_013,sensor,factory_floor_2,6.3,30.8,44.68,-68,1440,False,14,2026-05-25,Monday,Good,Normal,Normal
2026-05-25 14:39:03.718141,device_014,controller,server_room,20.0,43.0,45.48,-53,1440,False,14,2026-05-25,Monday,Excellent,Normal,Normal
2026-05-25 14:39:03.718141,device_015,sensor,loading_bay,1.0,37.2,48.28,-55,1440,False,14,2026-05-25,Monday,Excellent,Normal,Normal
2026-05-25 14:40:03.718141,device_001,gateway,warehouse_a,24.2,53.0,48.63,-58,1380,False,14,2026-05-25,Monday,Excellent,Normal,Normal
2026-05-25 14:40:03.718141,device_002,camera,factory_floor_2,68.6,69.4,55.32,-50,1380,False,14,2026-05-25,Monday,Excellent,Normal,Normal
2026-05-25 14:40:03.718141,device_003,sensor,warehouse_b,16.9,35.3,38.6,-54,1380,False,14,2026-05-25,Monday,Excellent,Normal,Normal
2026-05-25 14:40:03.718141,device_004,camera,warehouse_b,76.0,70.5,62.9,-56,1380,False,14,2026-05-25,Monday,Excellent,Normal,High
2026-05-25 14:40:03.718141,device_005,gateway,warehouse_a,30.5,60.2,50.8,-52,1380,False,14,2026-05-25,Monday,Excellent,Normal,Normal
2026-05-25 14:40:03.718141,device_006,sensor,factory_floor_2,6.0,33.4,36.12,-58,1380,False,14,2026-05-25,Monday,Excellent,Normal,Normal
2026-05-25 14:40:03.718141,device_007,sensor,warehouse_a,3.2,34.0,41.16,-70,1380,False,14,2026-05-25,Monday,Good,Normal,Normal
2026-05-25 14:40:03.718141,device_008,gateway,loading_bay,34.0,56.1,54.09,-58,1380,False,14,2026-05-25,Monday,Excellent,Normal,Normal
2026-05-25 14:40:03.718141,device_009,sensor,office_block,8.0,26.3,38.82,-67,1380,False,14,2026-05-25,Monday,Good,Normal,Normal
2026-05-25 14:40:03.718141,device_010,camera,warehouse_a,65.6,69.6,63.38,-51,1380,False,14,2026-05-25,Monday,Excellent,Normal,Normal
2026-05-25 14:40:03.718141,device_011,camera,factory_floor_1,62.3,69.7,62.39,-59,1380,False,14,2026-05-25,Monday,Excellent,Normal,Normal
2026-05-25 14:40:03.718141,device_012,camera,server_room,73.4,73.8,64.7,-59,1380,False,14,2026-05-25,Monday,Excellent,Normal,High
2026-05-25 14:40:03.718141,device_013,sensor,factory_floor_2,11.8,37.7,38.13,-65,1380,False,14,2026-05-25,Monday,Good,Normal,Normal
2026-05-25 14:40:03.718141,device_014,controller,server_room,19.9,47.0,49.82,-56,1380,False,14,2026-05-25,Monday,Excellent,Normal,Normal
2026-05-25 14:40:03.718141,device_015,sensor,loading_bay,10.3,34.7,50.1,-57,1380,False,14,2026-05-25,Monday,Excellent,Normal,Normal
2026-05-25 14:41:03.718141,device_001,gateway,warehouse_a,32.7,58.2,50.59,-62,1320,False,14,2026-05-25,Monday,Good,Normal,Normal
2026-05-25 14:41:03.718141,device_002,camera,factory_floor_2,69.7,76.7,62.09,-63,1320,False,14,2026-05-25,Monday,Good,Normal,Normal
2026-05-25 14:41:03.718141,device_003,sensor,warehouse_b,3.6,35.8,40.54,-68,1320,False,14,2026-05-25,Monday,Good,Normal,Normal
2026-05-25 14:41:03.718141,device_004,camera,warehouse_b,69.4,75.1,61.54,-55,1320,False,14,2026-05-25,Monday,Excellent,Normal,Normal
2026-05-25 14:41:03.718141,device_005,gateway,warehouse_a,24.7,56.2,48.58,-63,1320,False,14,2026-05-25,Monday,Good,Normal,Normal
2026-05-25 14:41:03.718141,device_006,sensor,factory_floor_2,7.6,34.9,43.63,-60,1320,False,14,2026-05-25,Monday,Excellent,Normal,Normal
2026-05-25 14:41:03.718141,device_007,sensor,warehouse_a,6.3,35.1,41.78,-56,1320,False,14,2026-05-25,Monday,Excellent,Normal,Normal
2026-05-25 14:41:03.718141,device_008,gateway,loading_bay,26.5,53.4,51.39,-57,1320,False,14,2026-05-25,Monday,Excellent,Normal,Normal
2026-05-25 14:41:03.718141,device_009,sensor,office_block,12.3,44.0,42.58,-55,1320,False,14,2026-05-25,Monday,Excellent,Normal,Normal
2026-05-25 14:41:03.718141,device_010,camera,warehouse_a,65.8,80.7,59.35,-57,1320,False,14,2026-05-25,Monday,Excellent,Normal,Normal
2026-05-25 14:41:03.718141,device_011,camera,factory_floor_1,67.1,72.4,63.97,-61,1320,False,14,2026-05-25,Monday,Good,Normal,Normal
2026-05-25 14:41:03.718141,device_012,camera,server_room,68.1,65.6,62.61,-50,1320,False,14,2026-05-25,Monday,Excellent,Normal,Normal
2026-05-25 14:41:03.718141,device_013,sensor,factory_floor_2,9.8,34.3,38.03,-64,1320,False,14,2026-05-25,Monday,Good,Normal,Normal
2026-05-25 14:41:03.718141,device_014,controller,server_room,14.4,46.3,49.07,-68,1320,False,14,2026-05-25,Monday,Good,Normal,Normal
2026-05-25 14:41:03.718141,device_015,sensor,loading_bay,10.4,32.6,42.86,-67,1320,False,14,2026-05-25,Monday,Good,Normal,Normal
2026-05-25 14:42:03.718141,device_001,gateway,warehouse_a,26.7,59.3,54.76,-59,1260,False,14,2026-05-25,Monday,Excellent,Normal,Normal
2026-05-25 14:42:03.718141,device_002,camera,factory_floor_2,59.3,67.1,56.41,-55,1260,False,14,2026-05-25,Monday,Excellent,Normal,Normal
2026-05-25 14:42:03.718141,device_003,sensor,warehouse_b,13.2,31.3,45.64,-68,1260,False,14,2026-05-25,Monday,Good,Normal,Normal
2026-05-25 14:42:03.718141,device_004,camera,warehouse_b,66.5,71.7,66.5,-50,1260,False,14,2026-05-25,Monday,Excellent,Normal,Normal
2026-05-25 14:42:03.718141,device_005,gateway,warehouse_a,35.1,51.4,55.0,-57,1260,False,14,2026-05-25,Monday,Excellent,Normal,Normal
2026-05-25 14:42:03.718141,device_006,sensor,factory_floor_2,7.1,35.4,42.1,-55,1260,False,14,2026-05-25,Monday,Excellent,Normal,Normal
2026-05-25 14:42:03.718141,device_007,sensor,warehouse_a,12.6,23.3,43.23,-59,1260,False,14,2026-05-25,Monday,Excellent,Normal,Normal
2026-05-25 14:42:03.718141,device_008,gateway,loading_bay,21.4,55.7,45.44,-59,1260,False,14,2026-05-25,Monday,Excellent,Normal,Normal
2026-05-25 14:42:03.718141,device_009,sensor,office_block,9.2,31.2,42.85,-56,1260,False,14,2026-05-25,Monday,Excellent,Normal,Normal
2026-05-25 14:42:03.718141,device_010,camera,warehouse_a,68.4,65.0,63.15,-54,1260,False,14,2026-05-25,Monday,Excellent,Normal,Normal
2026-05-25 14:42:03.718141,device_011,camera,factory_floor_1,57.7,77.2,61.0,-64,1260,False,14,2026-05-25,Monday,Good,Normal,Normal
2026-05-25 14:42:03.718141,device_012,camera,server_room,73.5,67.1,62.69,-50,1260,False,14,2026-05-25,Monday,Excellent,Normal,High
2026-05-25 14:42:03.718141,device_013,sensor,factory_floor_2,12.4,31.9,40.64,-67,1260,False,14,2026-05-25,Monday,Good,Normal,Normal
2026-05-25 14:42:03.718141,device_014,controller,server_room,7.3,42.5,48.31,-67,1260,False,14,2026-05-25,Monday,Good,Normal,Normal
2026-05-25 14:42:03.718141,device_015,sensor,loading_bay,8.5,35.7,35.1,-60,1260,False,14,2026-05-25,Monday,Excellent,Normal,Normal
2026-05-25 14:43:03.718141,device_001,gateway,warehouse_a,15.8,57.1,55.26,-54,1200,False,14,2026-05-25,Monday,Excellent,Normal,Normal
2026-05-25 14:43:03.718141,device_002,camera,factory_floor_2,63.6,66.1,62.69,-58,1200,False,14,2026-05-25,Monday,Excellent,Normal,Normal
2026-05-25 14:43:03.718141,device_003,sensor,warehouse_b,8.4,22.6,44.38,-59,1200,False,14,2026-05-25,Monday,Excellent,Normal,Normal
2026-05-25 14:43:03.718141,device_004,camera,warehouse_b,62.8,69.2,60.93,-61,1200,False,14,2026-05-25,Monday,Good,Normal,Normal
2026-05-25 14:43:03.718141,device_005,gateway,warehouse_a,35.3,52.5,48.63,-61,1200,False,14,2026-05-25,Monday,Good,Normal,Normal
2026-05-25 14:43:03.718141,device_006,sensor,factory_floor_2,1.0,34.0,46.53,-63,1200,False,14,2026-05-25,Monday,Good,Normal,Normal
2026-05-25 14:43:03.718141,device_007,sensor,warehouse_a,5.8,37.5,41.84,-54,1200,False,14,2026-05-25,Monday,Excellent,Normal,Normal
2026-05-25 14:43:03.718141,device_008,gateway,loading_bay,29.7,56.8,59.94,-62,1200,False,14,2026-05-25,Monday,Good,Normal,Normal
2026-05-25 14:43:03.718141,device_009,sensor,office_block,5.7,33.4,40.32,-67,1200,False,14,2026-05-25,Monday,Good,Normal,Normal
2026-05-25 14:43:03.718141,device_010,camera,warehouse_a,57.5,73.1,61.12,-58,1200,False,14,2026-05-25,Monday,Excellent,Normal,Normal
2026-05-25 14:43:03.718141,device_011,camera,factory_floor_1,61.9,76.1,58.58,-65,1200,False,14,2026-05-25,Monday,Good,Normal,Normal
2026-05-25 14:43:03.718141,device_012,camera,server_room,57.9,65.4,54.8,-58,1200,False,14,2026-05-25,Monday,Excellent,Normal,Normal
2026-05-25 14:43:03.718141,device_013,sensor,factory_floor_2,1.0,33.6,43.16,-69,1200,False,14,2026-05-25,Monday,Good,Normal,Normal
2026-05-25 14:43:03.718141,device_014,controller,server_room,16.9,42.2,51.46,-58,1200,False,14,2026-05-25,Monday,Excellent,Normal,Normal
2026-05-25 14:43:03.718141,device_015,sensor,loading_bay,11.9,33.2,46.53,-69,1200,False,14,2026-05-25,Monday,Good,Normal,Normal
2026-05-25 14:44:03.718141,device_001,gateway,warehouse_a,31.7,58.7,51.27,-61,1140,False,14,2026-05-25,Monday,Good,Normal,Normal
2026-05-25 14:44:03.718141,device_002,camera,factory_floor_2,57.1,68.4,56.06,-65,1140,False,14,2026-05-25,Monday,Good,Normal,Normal
2026-05-25 14:44:03.718141,device_003,sensor,warehouse_b,3.6,34.1,40.45,-68,1140,False,14,2026-05-25,Monday,Good,Normal,Normal
2026-05-25 14:44:03.718141,device_004,camera,warehouse_b,68.6,66.7,59.78,-64,1140,False,14,2026-05-25,Monday,Good,Normal,Normal
2026-05-25 14:44:03.718141,device_005,gateway,warehouse_a,26.2,51.3,49.69,-48,1140,False,14,2026-05-25,Monday,Excellent,Normal,Normal
2026-05-25 14:44:03.718141,device_006,sensor,factory_floor_2,1.0,32.7,42.21,-62,1140,False,14,2026-05-25,Monday,Good,Normal,Normal
2026-05-25 14:44:03.718141,device_007,sensor,warehouse_a,12.8,32.8,37.66,-67,1140,False,14,2026-05-25,Monday,Good,Normal,Normal
2026-05-25 14:44:03.718141,device_008,gateway,loading_bay,37.1,54.1,49.18,-47,1140,False,14,2026-05-25,Monday,Excellent,Normal,Normal
2026-05-25 14:44:03.718141,device_009,sensor,office_block,1.9,41.2,37.95,-59,1140,False,14,2026-05-25,Monday,Excellent,Normal,Normal
2026-05-25 14:44:03.718141,device_010,camera,warehouse_a,65.9,63.2,61.4,-57,1140,False,14,2026-05-25,Monday,Excellent,Normal,Normal
2026-05-25 14:44:03.718141,device_011,camera,factory_floor_1,66.8,74.6,64.47,-59,1140,False,14,2026-05-25,Monday,Excellent,Normal,Normal
2026-05-25 14:44:03.718141,device_012,camera,server_room,68.3,71.3,57.61,-65,1140,False,14,2026-05-25,Monday,Good,Normal,Normal
2026-05-25 14:44:03.718141,device_013,sensor,factory_floor_2,11.3,30.5,36.62,-64,1140,False,14,2026-05-25,Monday,Good,Normal,Normal
2026-05-25 14:44:03.718141,device_014,controller,server_room,22.4,38.8,50.63,-56,1140,False,14,2026-05-25,Monday,Excellent,Normal,Normal
2026-05-25 14:44:03.718141,device_015,sensor,loading_bay,12.0,38.1,42.29,-70,1140,False,14,2026-05-25,Monday,Good,Normal,Normal
2026-05-25 14:45:03.718141,device_001,gateway,warehouse_a,24.8,58.4,53.94,-62,1080,False,14,2026-05-25,Monday,Good,Normal,Normal
2026-05-25 14:45:03.718141,device_002,camera,factory_floor_2,63.2,67.4,61.05,-54,1080,False,14,2026-05-25,Monday,Excellent,Normal,Normal
2026-05-25 14:45:03.718141,device_003,sensor,warehouse_b,16.3,31.3,41.64,-57,1080,False,14,2026-05-25,Monday,Excellent,Normal,Normal
2026-05-25 14:45:03.718141,device_004,camera,warehouse_b,61.4,73.0,61.38,-62,1080,False,14,2026-05-25,Monday,Good,Normal,Normal
2026-05-25 14:45:03.718141,device_005,gateway,warehouse_a,21.3,56.2,57.54,-60,1080,False,14,2026-05-25,Monday,Excellent,Normal,Normal
2026-05-25 14:45:03.718141,device_006,sensor,factory_floor_2,10.3,35.1,41.71,-59,1080,False,14,2026-05-25,Monday,Excellent,Normal,Normal
2026-05-25 14:45:03.718141,device_007,sensor,warehouse_a,7.3,35.0,45.05,-60,1080,False,14,2026-05-25,Monday,Excellent,Normal,Normal
2026-05-25 14:45:03.718141,device_008,gateway,loading_bay,31.8,55.8,50.7,-62,1080,False,14,2026-05-25,Monday,Good,Normal,Normal
2026-05-25 14:45:03.718141,device_009,sensor,office_block,4.0,31.7,45.65,-68,1080,False,14,2026-05-25,Monday,Good,Normal,Normal
2026-05-25 14:45:03.718141,device_010,camera,warehouse_a,63.4,68.6,60.06,-59,1080,False,14,2026-05-25,Monday,Excellent,Normal,Normal
2026-05-25 14:45:03.718141,device_011,camera,factory_floor_1,68.6,75.6,60.05,-65,1080,False,14,2026-05-25,Monday,Good,Normal,Normal
2026-05-25 14:45:03.718141,device_012,camera,server_room,60.9,66.9,61.51,-66,1080,False,14,2026-05-25,Monday,Good,Normal,Normal
2026-05-25 14:45:03.718141,device_013,sensor,factory_floor_2,10.1,34.4,41.95,-63,1080,False,14,2026-05-25,Monday,Good,Normal,Normal
2026-05-25 14:45:03.718141,device_014,controller,server_room,23.9,47.3,46.04,-66,1080,False,14,2026-05-25,Monday,Good,Normal,Normal
2026-05-25 14:45:03.718141,device_015,sensor,loading_bay,4.2,30.2,42.34,-56,1080,False,14,2026-05-25,Monday,Excellent,Normal,Normal
2026-05-25 14:46:03.718141,device_001,gateway,warehouse_a,24.7,62.3,51.75,-62,1020,False,14,2026-05-25,Monday,Good,Normal,Normal
2026-05-25 14:46:03.718141,device_002,camera,factory_floor_2,65.5,70.9,65.96,-59,1020,False,14,2026-05-25,Monday,Excellent,Normal,Normal
2026-05-25 14:46:03.718141,device_003,sensor,warehouse_b,6.1,36.7,46.62,-66,1020,False,14,2026-05-25,Monday,Good,Normal,Normal
2026-05-25 14:46:03.718141,device_004,camera,warehouse_b,61.8,68.8,62.41,-51,1020,False,14,2026-05-25,Monday,Excellent,Normal,Normal
2026-05-25 14:46:03.718141,device_005,gateway,warehouse_a,18.1,59.4,54.81,-61,1020,False,14,2026-05-25,Monday,Good,Normal,Normal
2026-05-25 14:46:03.718141,device_006,sensor,factory_floor_2,17.2,34.0,43.27,-64,1020,False,14,2026-05-25,Monday,Good,Normal,Normal
2026-05-25 14:46:03.718141,device_007,sensor,warehouse_a,12.2,41.6,44.55,-59,1020,False,14,2026-05-25,Monday,Excellent,Normal,Normal
2026-05-25 14:46:03.718141,device_008,gateway,loading_bay,27.8,52.1,51.5,-56,1020,False,14,2026-05-25,Monday,Excellent,Normal,Normal
2026-05-25 14:46:03.718141,device_009,sensor,office_block,10.7,38.1,37.36,-61,1020,False,14,2026-05-25,Monday,Good,Normal,Normal
2026-05-25 14:46:03.718141,device_010,camera,warehouse_a,67.9,70.6,62.76,-57,1020,False,14,2026-05-25,Monday,Excellent,Normal,Normal
2026-05-25 14:46:03.718141,device_011,camera,factory_floor_1,72.7,67.6,63.62,-59,1020,False,14,2026-05-25,Monday,Excellent,Normal,High
2026-05-25 14:46:03.718141,device_012,camera,server_room,62.1,72.2,58.36,-58,1020,False,14,2026-05-25,Monday,Excellent,Normal,Normal
2026-05-25 14:46:03.718141,device_013,sensor,factory_floor_2,3.0,40.3,45.25,-54,1020,False,14,2026-05-25,Monday,Excellent,Normal,Normal
2026-05-25 14:46:03.718141,device_014,controller,server_room,13.6,45.1,47.44,-57,1020,False,14,2026-05-25,Monday,Excellent,Normal,Normal
2026-05-25 14:46:03.718141,device_015,sensor,loading_bay,12.4,28.3,46.83,-55,1020,False,14,2026-05-25,Monday,Excellent,Normal,Normal
2026-05-25 14:47:03.718141,device_001,gateway,warehouse_a,26.4,49.4,51.2,-57,960,False,14,2026-05-25,Monday,Excellent,Normal,Normal
2026-05-25 14:47:03.718141,device_002,camera,factory_floor_2,62.6,68.9,62.28,-50,960,False,14,2026-05-25,Monday,Excellent,Normal,Normal
2026-05-25 14:47:03.718141,device_003,sensor,warehouse_b,1.0,36.1,50.62,-64,960,False,14,2026-05-25,Monday,Good,Normal,Normal
2026-05-25 14:47:03.718141,device_004,camera,warehouse_b,65.6,71.0,57.71,-62,960,False,14,2026-05-25,Monday,Good,Normal,Normal
2026-05-25 14:47:03.718141,device_005,gateway,warehouse_a,27.2,50.7,46.33,-56,960,False,14,2026-05-25,Monday,Excellent,Normal,Normal
2026-05-25 14:47:03.718141,device_006,sensor,factory_floor_2,12.0,36.5,47.83,-56,960,False,14,2026-05-25,Monday,Excellent,Normal,Normal
2026-05-25 14:47:03.718141,device_007,sensor,warehouse_a,13.5,34.7,41.53,-70,960,False,14,2026-05-25,Monday,Good,Normal,Normal
2026-05-25 14:47:03.718141,device_008,gateway,loading_bay,33.5,60.2,56.99,-62,960,False,14,2026-05-25,Monday,Good,Normal,Normal
2026-05-25 14:47:03.718141,device_009,sensor,office_block,2.7,36.1,41.8,-58,960,False,14,2026-05-25,Monday,Excellent,Normal,Normal
2026-05-25 14:47:03.718141,device_010,camera,warehouse_a,63.7,73.3,62.16,-64,960,False,14,2026-05-25,Monday,Good,Normal,Normal
2026-05-25 14:47:03.718141,device_011,camera,factory_floor_1,70.0,68.7,66.06,-54,960,False,14,2026-05-25,Monday,Excellent,Normal,High
2026-05-25 14:47:03.718141,device_012,camera,server_room,58.2,77.5,62.07,-54,960,False,14,2026-05-25,Monday,Excellent,Normal,Normal
2026-05-25 14:47:03.718141,device_013,sensor,factory_floor_2,5.6,37.8,44.06,-69,960,False,14,2026-05-25,Monday,Good,Normal,Normal
2026-05-25 14:47:03.718141,device_014,controller,server_room,19.0,41.3,48.02,-56,960,False,14,2026-05-25,Monday,Excellent,Normal,Normal
2026-05-25 14:47:03.718141,device_015,sensor,loading_bay,1.0,33.4,38.66,-57,960,False,14,2026-05-25,Monday,Excellent,Normal,Normal
2026-05-25 14:48:03.718141,device_001,gateway,warehouse_a,33.5,52.9,51.69,-54,900,False,14,2026-05-25,Monday,Excellent,Normal,Normal
2026-05-25 14:48:03.718141,device_002,camera,factory_floor_2,60.5,75.4,62.97,-55,900,False,14,2026-05-25,Monday,Excellent,Normal,Normal
2026-05-25 14:48:03.718141,device_003,sensor,warehouse_b,13.3,29.1,43.82,-60,900,False,14,2026-05-25,Monday,Excellent,Normal,Normal
2026-05-25 14:48:03.718141,device_004,camera,warehouse_b,63.2,74.5,66.84,-58,900,False,14,2026-05-25,Monday,Excellent,Normal,Normal
2026-05-25 14:48:03.718141,device_005,gateway,warehouse_a,20.3,56.5,51.83,-57,900,False,14,2026-05-25,Monday,Excellent,Normal,Normal
2026-05-25 14:48:03.718141,device_006,sensor,factory_floor_2,4.2,35.4,35.07,-60,900,False,14,2026-05-25,Monday,Excellent,Normal,Normal
2026-05-25 14:48:03.718141,device_007,sensor,warehouse_a,4.1,33.6,39.65,-57,900,False,14,2026-05-25,Monday,Excellent,Normal,Normal
2026-05-25 14:48:03.718141,device_008,gateway,loading_bay,27.3,51.5,51.97,-62,900,False,14,2026-05-25,Monday,Good,Normal,Normal
2026-05-25 14:48:03.718141,device_009,sensor,office_block,6.9,36.2,36.73,-58,900,False,14,2026-05-25,Monday,Excellent,Normal,Normal
2026-05-25 14:48:03.718141,device_010,camera,warehouse_a,50.7,73.7,60.13,-57,900,False,14,2026-05-25,Monday,Excellent,Normal,Normal
2026-05-25 14:48:03.718141,device_011,camera,factory_floor_1,59.7,74.6,63.15,-52,900,False,14,2026-05-25,Monday,Excellent,Normal,Normal
2026-05-25 14:48:03.718141,device_012,camera,server_room,48.5,58.5,60.55,-50,900,False,14,2026-05-25,Monday,Excellent,Normal,Normal
2026-05-25 14:48:03.718141,device_013,sensor,factory_floor_2,7.4,25.1,41.98,-58,900,False,14,2026-05-25,Monday,Excellent,Normal,Normal
2026-05-25 14:48:03.718141,device_014,controller,server_room,27.6,41.6,48.86,-61,900,False,14,2026-05-25,Monday,Good,Normal,Normal
2026-05-25 14:48:03.718141,device_015,sensor,loading_bay,15.3,30.1,36.61,-70,900,False,14,2026-05-25,Monday,Good,Normal,Normal
2026-05-25 14:49:03.718141,device_001,gateway,warehouse_a,16.5,56.3,57.4,-55,840,False,14,2026-05-25,Monday,Excellent,Normal,Normal
2026-05-25 14:49:03.718141,device_002,camera,factory_floor_2,68.3,72.3,61.9,-59,840,False,14,2026-05-25,Monday,Excellent,Normal,Normal
2026-05-25 14:49:03.718141,device_003,sensor,warehouse_b,8.4,35.4,42.81,-61,840,False,14,2026-05-25,Monday,Good,Normal,Normal
2026-05-25 14:49:03.718141,device_004,camera,warehouse_b,62.0,71.1,60.86,-54,840,False,14,2026-05-25,Monday,Excellent,Normal,Normal
2026-05-25 14:49:03.718141,device_005,gateway,warehouse_a,28.6,49.6,47.57,-55,840,False,14,2026-05-25,Monday,Excellent,Normal,Normal
2026-05-25 14:49:03.718141,device_006,sensor,factory_floor_2,13.4,37.3,41.08,-62,840,False,14,2026-05-25,Monday,Good,Normal,Normal
2026-05-25 14:49:03.718141,device_007,sensor,warehouse_a,2.5,31.6,37.58,-70,840,False,14,2026-05-25,Monday,Good,Normal,Normal
2026-05-25 14:49:03.718141,device_008,gateway,loading_bay,26.9,60.2,50.0,-53,840,False,14,2026-05-25,Monday,Excellent,Normal,Normal
2026-05-25 14:49:03.718141,device_009,sensor,office_block,8.9,36.6,47.55,-65,840,False,14,2026-05-25,Monday,Good,Normal,Normal
2026-05-25 14:49:03.718141,device_010,camera,warehouse_a,52.9,64.0,64.17,-66,840,False,14,2026-05-25,Monday,Good,Normal,Normal
2026-05-25 14:49:03.718141,device_011,camera,factory_floor_1,66.2,78.6,58.68,-52,840,False,14,2026-05-25,Monday,Excellent,Normal,Normal
2026-05-25 14:49:03.718141,device_012,camera,server_room,72.2,69.5,58.77,-55,840,False,14,2026-05-25,Monday,Excellent,Normal,High
2026-05-25 14:49:03.718141,device_013,sensor,factory_floor_2,9.2,35.1,44.59,-64,840,False,14,2026-05-25,Monday,Good,Normal,Normal
2026-05-25 14:49:03.718141,device_014,controller,server_room,12.9,45.0,45.85,-66,840,False,14,2026-05-25,Monday,Good,Normal,Normal
2026-05-25 14:49:03.718141,device_015,sensor,loading_bay,14.2,31.9,43.28,-60,840,False,14,2026-05-25,Monday,Excellent,Normal,Normal
2026-05-25 14:50:03.718141,device_001,gateway,warehouse_a,31.2,58.6,50.84,-49,780,False,14,2026-05-25,Monday,Excellent,Normal,Normal
2026-05-25 14:50:03.718141,device_002,camera,factory_floor_2,77.6,73.2,59.92,-58,780,False,14,2026-05-25,Monday,Excellent,Normal,High
2026-05-25 14:50:03.718141,device_003,sensor,warehouse_b,4.3,35.1,41.66,-55,780,False,14,2026-05-25,Monday,Excellent,Normal,Normal
2026-05-25 14:50:03.718141,device_004,camera,warehouse_b,64.0,68.8,68.39,-61,780,False,14,2026-05-25,Monday,Good,Normal,Normal
2026-05-25 14:50:03.718141,device_005,gateway,warehouse_a,30.9,56.7,46.21,-62,780,False,14,2026-05-25,Monday,Good,Normal,Normal
2026-05-25 14:50:03.718141,device_006,sensor,factory_floor_2,13.7,25.0,40.42,-69,780,False,14,2026-05-25,Monday,Good,Normal,Normal
2026-05-25 14:50:03.718141,device_007,sensor,warehouse_a,7.8,37.9,42.05,-54,780,False,14,2026-05-25,Monday,Excellent,Normal,Normal
2026-05-25 14:50:03.718141,device_008,gateway,loading_bay,38.1,51.6,50.86,-53,780,False,14,2026-05-25,Monday,Excellent,Normal,Normal
2026-05-25 14:50:03.718141,device_009,sensor,office_block,2.2,36.9,42.59,-63,780,False,14,2026-05-25,Monday,Good,Normal,Normal
2026-05-25 14:50:03.718141,device_010,camera,warehouse_a,62.3,71.9,63.34,-58,780,False,14,2026-05-25,Monday,Excellent,Normal,Normal
2026-05-25 14:50:03.718141,device_011,camera,factory_floor_1,65.2,68.1,58.29,-66,780,False,14,2026-05-25,Monday,Good,Normal,Normal
2026-05-25 14:50:03.718141,device_012,camera,server_room,52.9,70.1,61.71,-55,780,False,14,2026-05-25,Monday,Excellent,Normal,Normal
2026-05-25 14:50:03.718141,device_013,sensor,factory_floor_2,8.9,36.5,43.51,-69,780,False,14,2026-05-25,Monday,Good,Normal,Normal
2026-05-25 14:50:03.718141,device_014,controller,server_room,17.4,39.4,48.15,-57,780,False,14,2026-05-25,Monday,Excellent,Normal,Normal
2026-05-25 14:50:03.718141,device_015,sensor,loading_bay,5.1,32.1,42.15,-54,780,False,14,2026-05-25,Monday,Excellent,Normal,Normal
2026-05-25 14:51:03.718141,device_001,gateway,warehouse_a,32.3,55.9,50.02,-47,720,False,14,2026-05-25,Monday,Excellent,Normal,Normal
2026-05-25 14:51:03.718141,device_002,camera,factory_floor_2,65.6,73.6,63.24,-60,720,False,14,2026-05-25,Monday,Excellent,Normal,Normal
2026-05-25 14:51:03.718141,device_003,sensor,warehouse_b,11.5,39.8,35.68,-59,720,False,14,2026-05-25,Monday,Excellent,Normal,Normal
2026-05-25 14:51:03.718141,device_004,camera,warehouse_b,72.6,70.9,59.55,-53,720,False,14,2026-05-25,Monday,Excellent,Normal,High
2026-05-25 14:51:03.718141,device_005,gateway,warehouse_a,23.5,52.0,46.15,-50,720,False,14,2026-05-25,Monday,Excellent,Normal,Normal
2026-05-25 14:51:03.718141,device_006,sensor,factory_floor_2,5.3,31.2,40.94,-66,720,False,14,2026-05-25,Monday,Good,Normal,Normal
2026-05-25 14:51:03.718141,device_007,sensor,warehouse_a,4.3,31.9,41.97,-59,720,False,14,2026-05-25,Monday,Excellent,Normal,Normal
2026-05-25 14:51:03.718141,device_008,gateway,loading_bay,30.7,64.5,54.04,-50,720,False,14,2026-05-25,Monday,Excellent,Normal,Normal
2026-05-25 14:51:03.718141,device_009,sensor,office_block,13.6,32.5,42.73,-59,720,False,14,2026-05-25,Monday,Excellent,Normal,Normal
2026-05-25 14:51:03.718141,device_010,camera,warehouse_a,66.5,67.9,61.98,-57,720,False,14,2026-05-25,Monday,Excellent,Normal,Normal
2026-05-25 14:51:03.718141,device_011,camera,factory_floor_1,68.9,69.0,56.81,-61,720,False,14,2026-05-25,Monday,Good,Normal,Normal
2026-05-25 14:51:03.718141,device_012,camera,server_room,67.8,69.2,60.14,-57,720,False,14,2026-05-25,Monday,Excellent,Normal,Normal
2026-05-25 14:51:03.718141,device_013,sensor,factory_floor_2,7.3,39.7,39.49,-70,720,False,14,2026-05-25,Monday,Good,Normal,Normal
2026-05-25 14:51:03.718141,device_014,controller,server_room,12.9,46.7,48.95,-62,720,False,14,2026-05-25,Monday,Good,Normal,Normal
2026-05-25 14:51:03.718141,device_015,sensor,loading_bay,3.3,31.4,42.22,-54,720,False,14,2026-05-25,Monday,Excellent,Normal,Normal
2026-05-25 14:52:03.718141,device_001,gateway,warehouse_a,35.0,52.4,48.58,-47,660,False,14,2026-05-25,Monday,Excellent,Normal,Normal
2026-05-25 14:52:03.718141,device_002,camera,factory_floor_2,58.9,76.4,56.93,-55,660,False,14,2026-05-25,Monday,Excellent,Normal,Normal
2026-05-25 14:52:03.718141,device_003,sensor,warehouse_b,10.7,32.4,42.42,-58,660,False,14,2026-05-25,Monday,Excellent,Normal,Normal
2026-05-25 14:52:03.718141,device_004,camera,warehouse_b,69.5,73.2,58.53,-65,660,False,14,2026-05-25,Monday,Good,Normal,Normal
2026-05-25 14:52:03.718141,device_005,gateway,warehouse_a,23.6,58.0,50.07,-59,660,False,14,2026-05-25,Monday,Excellent,Normal,Normal
2026-05-25 14:52:03.718141,device_006,sensor,factory_floor_2,12.3,30.8,43.79,-68,660,False,14,2026-05-25,Monday,Good,Normal,Normal
2026-05-25 14:52:03.718141,device_007,sensor,warehouse_a,5.8,31.6,42.47,-63,660,False,14,2026-05-25,Monday,Good,Normal,Normal
2026-05-25 14:52:03.718141,device_008,gateway,loading_bay,34.9,51.9,44.79,-50,660,False,14,2026-05-25,Monday,Excellent,Normal,Normal
2026-05-25 14:52:03.718141,device_009,sensor,office_block,5.5,29.4,33.47,-67,660,False,14,2026-05-25,Monday,Good,Normal,Normal
2026-05-25 14:52:03.718141,device_010,camera,warehouse_a,68.1,76.3,61.09,-50,660,False,14,2026-05-25,Monday,Excellent,Normal,Normal
2026-05-25 14:52:03.718141,device_011,camera,factory_floor_1,72.7,71.3,62.3,-51,660,False,14,2026-05-25,Monday,Excellent,Normal,High
2026-05-25 14:52:03.718141,device_012,camera,server_room,65.3,64.4,53.03,-50,660,False,14,2026-05-25,Monday,Excellent,Normal,Normal
2026-05-25 14:52:03.718141,device_013,sensor,factory_floor_2,8.5,36.2,43.85,-62,660,False,14,2026-05-25,Monday,Good,Normal,Normal
2026-05-25 14:52:03.718141,device_014,controller,server_room,13.5,50.9,50.81,-59,660,False,14,2026-05-25,Monday,Excellent,Normal,Normal
2026-05-25 14:52:03.718141,device_015,sensor,loading_bay,12.7,32.8,44.97,-60,660,False,14,2026-05-25,Monday,Excellent,Normal,Normal
2026-05-25 14:53:03.718141,device_001,gateway,warehouse_a,33.4,57.0,52.44,-52,600,False,14,2026-05-25,Monday,Excellent,Normal,Normal
2026-05-25 14:53:03.718141,device_002,camera,factory_floor_2,66.8,66.6,60.64,-56,600,False,14,2026-05-25,Monday,Excellent,Normal,Normal
2026-05-25 14:53:03.718141,device_003,sensor,warehouse_b,7.6,33.2,44.96,-67,600,False,14,2026-05-25,Monday,Good,Normal,Normal
2026-05-25 14:53:03.718141,device_004,camera,warehouse_b,69.5,68.8,63.21,-52,600,False,14,2026-05-25,Monday,Excellent,Normal,Normal
2026-05-25 14:53:03.718141,device_005,gateway,warehouse_a,34.9,61.0,50.93,-50,600,False,14,2026-05-25,Monday,Excellent,Normal,Normal
2026-05-25 14:53:03.718141,device_006,sensor,factory_floor_2,10.2,31.4,41.95,-59,600,False,14,2026-05-25,Monday,Excellent,Normal,Normal
2026-05-25 14:53:03.718141,device_007,sensor,warehouse_a,7.6,30.0,41.39,-68,600,False,14,2026-05-25,Monday,Good,Normal,Normal
2026-05-25 14:53:03.718141,device_008,gateway,loading_bay,26.9,57.3,49.59,-48,600,False,14,2026-05-25,Monday,Excellent,Normal,Normal
2026-05-25 14:53:03.718141,device_009,sensor,office_block,14.5,41.8,38.32,-56,600,False,14,2026-05-25,Monday,Excellent,Normal,Normal
2026-05-25 14:53:03.718141,device_010,camera,warehouse_a,64.4,73.0,58.07,-59,600,False,14,2026-05-25,Monday,Excellent,Normal,Normal
2026-05-25 14:53:03.718141,device_011,camera,factory_floor_1,62.8,68.4,60.75,-62,600,False,14,2026-05-25,Monday,Good,Normal,Normal
2026-05-25 14:53:03.718141,device_012,camera,server_room,60.9,68.9,63.17,-59,600,False,14,2026-05-25,Monday,Excellent,Normal,Normal
2026-05-25 14:53:03.718141,device_013,sensor,factory_floor_2,1.0,30.2,43.65,-57,600,False,14,2026-05-25,Monday,Excellent,Normal,Normal
2026-05-25 14:53:03.718141,device_014,controller,server_room,12.2,40.2,51.58,-64,600,False,14,2026-05-25,Monday,Good,Normal,Normal
2026-05-25 14:53:03.718141,device_015,sensor,loading_bay,1.0,33.8,43.87,-61,600,False,14,2026-05-25,Monday,Good,Normal,Normal
2026-05-25 14:54:03.718141,device_001,gateway,warehouse_a,26.9,55.9,51.06,-60,540,False,14,2026-05-25,Monday,Excellent,Normal,Normal
2026-05-25 14:54:03.718141,device_002,camera,factory_floor_2,61.2,64.1,65.43,-53,540,False,14,2026-05-25,Monday,Excellent,Normal,Normal
2026-05-25 14:54:03.718141,device_003,sensor,warehouse_b,10.2,32.0,43.93,-66,540,False,14,2026-05-25,Monday,Good,Normal,Normal
2026-05-25 14:54:03.718141,device_004,camera,warehouse_b,59.9,66.0,64.05,-60,540,False,14,2026-05-25,Monday,Excellent,Normal,Normal
2026-05-25 14:54:03.718141,device_005,gateway,warehouse_a,25.0,55.1,54.66,-49,540,False,14,2026-05-25,Monday,Excellent,Normal,Normal
2026-05-25 14:54:03.718141,device_006,sensor,factory_floor_2,29.0,32.9,67.24,-67,540,True,14,2026-05-25,Monday,Good,Normal,Normal
2026-05-25 14:54:03.718141,device_007,sensor,warehouse_a,6.0,37.5,42.77,-55,540,False,14,2026-05-25,Monday,Excellent,Normal,Normal
2026-05-25 14:54:03.718141,device_008,gateway,loading_bay,37.8,58.3,47.02,-59,540,False,14,2026-05-25,Monday,Excellent,Normal,Normal
2026-05-25 14:54:03.718141,device_009,sensor,office_block,11.7,38.1,41.59,-57,540,False,14,2026-05-25,Monday,Excellent,Normal,Normal
2026-05-25 14:54:03.718141,device_010,camera,warehouse_a,69.7,77.0,56.85,-61,540,False,14,2026-05-25,Monday,Good,Normal,Normal
2026-05-25 14:54:03.718141,device_011,camera,factory_floor_1,57.2,69.0,57.59,-62,540,False,14,2026-05-25,Monday,Good,Normal,Normal
2026-05-25 14:54:03.718141,device_012,camera,server_room,74.6,69.9,60.08,-50,540,False,14,2026-05-25,Monday,Excellent,Normal,High
2026-05-25 14:54:03.718141,device_013,sensor,factory_floor_2,15.2,30.3,41.1,-57,540,False,14,2026-05-25,Monday,Excellent,Normal,Normal
2026-05-25 14:54:03.718141,device_014,controller,server_room,15.9,45.3,52.11,-56,540,False,14,2026-05-25,Monday,Excellent,Normal,Normal
2026-05-25 14:54:03.718141,device_015,sensor,loading_bay,17.7,32.4,44.21,-63,540,False,14,2026-05-25,Monday,Good,Normal,Normal
2026-05-25 14:55:03.718141,device_001,gateway,warehouse_a,28.3,52.3,49.44,-60,480,False,14,2026-05-25,Monday,Excellent,Normal,Normal
2026-05-25 14:55:03.718141,device_002,camera,factory_floor_2,87.4,73.4,64.06,-56,480,False,14,2026-05-25,Monday,Excellent,Normal,Critical
2026-05-25 14:55:03.718141,device_003,sensor,warehouse_b,4.9,39.4,46.71,-67,480,False,14,2026-05-25,Monday,Good,Normal,Normal
2026-05-25 14:55:03.718141,device_004,camera,warehouse_b,74.4,64.1,66.5,-65,480,False,14,2026-05-25,Monday,Good,Normal,High
2026-05-25 14:55:03.718141,device_005,gateway,warehouse_a,22.5,51.2,48.99,-52,480,False,14,2026-05-25,Monday,Excellent,Normal,Normal
2026-05-25 14:55:03.718141,device_006,sensor,factory_floor_2,9.6,43.3,40.3,-57,480,False,14,2026-05-25,Monday,Excellent,Normal,Normal
2026-05-25 14:55:03.718141,device_007,sensor,warehouse_a,17.5,42.8,41.98,-57,480,False,14,2026-05-25,Monday,Excellent,Normal,Normal
2026-05-25 14:55:03.718141,device_008,gateway,loading_bay,35.4,47.0,50.65,-48,480,False,14,2026-05-25,Monday,Excellent,Normal,Normal
2026-05-25 14:55:03.718141,device_009,sensor,office_block,6.9,35.8,40.07,-65,480,False,14,2026-05-25,Monday,Good,Normal,Normal
2026-05-25 14:55:03.718141,device_010,camera,warehouse_a,65.4,72.1,61.19,-50,480,False,14,2026-05-25,Monday,Excellent,Normal,Normal
2026-05-25 14:55:03.718141,device_011,camera,factory_floor_1,58.9,68.2,62.23,-66,480,False,14,2026-05-25,Monday,Good,Normal,Normal
2026-05-25 14:55:03.718141,device_012,camera,server_room,66.0,65.1,63.87,-55,480,False,14,2026-05-25,Monday,Excellent,Normal,Normal
2026-05-25 14:55:03.718141,device_013,sensor,factory_floor_2,6.6,32.9,41.64,-56,480,False,14,2026-05-25,Monday,Excellent,Normal,Normal
2026-05-25 14:55:03.718141,device_014,controller,server_room,22.5,42.8,45.84,-54,480,False,14,2026-05-25,Monday,Excellent,Normal,Normal
2026-05-25 14:55:03.718141,device_015,sensor,loading_bay,4.5,33.0,45.28,-62,480,False,14,2026-05-25,Monday,Good,Normal,Normal
2026-05-25 14:56:03.718141,device_001,gateway,warehouse_a,30.3,54.7,57.93,-60,420,False,14,2026-05-25,Monday,Excellent,Normal,Normal
2026-05-25 14:56:03.718141,device_002,camera,factory_floor_2,70.6,74.1,66.01,-51,420,False,14,2026-05-25,Monday,Excellent,Normal,High
2026-05-25 14:56:03.718141,device_003,sensor,warehouse_b,7.9,29.9,43.93,-54,420,False,14,2026-05-25,Monday,Excellent,Normal,Normal
2026-05-25 14:56:03.718141,device_004,camera,warehouse_b,61.1,79.0,59.19,-50,420,False,14,2026-05-25,Monday,Excellent,Normal,Normal
2026-05-25 14:56:03.718141,device_005,gateway,warehouse_a,23.9,50.8,49.52,-50,420,False,14,2026-05-25,Monday,Excellent,Normal,Normal
2026-05-25 14:56:03.718141,device_006,sensor,factory_floor_2,10.8,39.3,42.43,-58,420,False,14,2026-05-25,Monday,Excellent,Normal,Normal
2026-05-25 14:56:03.718141,device_007,sensor,warehouse_a,11.4,31.8,37.86,-65,420,False,14,2026-05-25,Monday,Good,Normal,Normal
2026-05-25 14:56:03.718141,device_008,gateway,loading_bay,34.8,59.8,51.39,-62,420,False,14,2026-05-25,Monday,Good,Normal,Normal
2026-05-25 14:56:03.718141,device_009,sensor,office_block,7.3,33.8,39.1,-64,420,False,14,2026-05-25,Monday,Good,Normal,Normal
2026-05-25 14:56:03.718141,device_010,camera,warehouse_a,60.2,70.8,59.3,-58,420,False,14,2026-05-25,Monday,Excellent,Normal,Normal
2026-05-25 14:56:03.718141,device_011,camera,factory_floor_1,67.6,69.9,56.23,-56,420,False,14,2026-05-25,Monday,Excellent,Normal,Normal
2026-05-25 14:56:03.718141,device_012,camera,server_room,62.1,70.5,59.05,-57,420,False,14,2026-05-25,Monday,Excellent,Normal,Normal
2026-05-25 14:56:03.718141,device_013,sensor,factory_floor_2,5.2,39.8,46.15,-61,420,False,14,2026-05-25,Monday,Good,Normal,Normal
2026-05-25 14:56:03.718141,device_014,controller,server_room,23.9,41.2,46.52,-54,420,False,14,2026-05-25,Monday,Excellent,Normal,Normal
2026-05-25 14:56:03.718141,device_015,sensor,loading_bay,8.4,32.6,41.55,-65,420,False,14,2026-05-25,Monday,Good,Normal,Normal
2026-05-25 14:57:03.718141,device_001,gateway,warehouse_a,22.1,53.4,51.88,-55,360,False,14,2026-05-25,Monday,Excellent,Normal,Normal
2026-05-25 14:57:03.718141,device_002,camera,factory_floor_2,68.4,74.4,63.0,-63,360,False,14,2026-05-25,Monday,Good,Normal,Normal
2026-05-25 14:57:03.718141,device_003,sensor,warehouse_b,1.7,32.1,43.2,-62,360,False,14,2026-05-25,Monday,Good,Normal,Normal
2026-05-25 14:57:03.718141,device_004,camera,warehouse_b,58.9,74.3,59.71,-60,360,False,14,2026-05-25,Monday,Excellent,Normal,Normal
2026-05-25 14:57:03.718141,device_005,gateway,warehouse_a,26.1,57.2,56.7,-47,360,False,14,2026-05-25,Monday,Excellent,Normal,Normal
2026-05-25 14:57:03.718141,device_006,sensor,factory_floor_2,6.0,36.8,45.48,-70,360,False,14,2026-05-25,Monday,Good,Normal,Normal
2026-05-25 14:57:03.718141,device_007,sensor,warehouse_a,3.3,36.0,47.58,-69,360,False,14,2026-05-25,Monday,Good,Normal,Normal
2026-05-25 14:57:03.718141,device_008,gateway,loading_bay,28.1,59.7,49.43,-57,360,False,14,2026-05-25,Monday,Excellent,Normal,Normal
2026-05-25 14:57:03.718141,device_009,sensor,office_block,40.6,33.0,63.89,-70,360,True,14,2026-05-25,Monday,Good,Normal,Normal
2026-05-25 14:57:03.718141,device_010,camera,warehouse_a,69.2,67.3,63.74,-57,360,False,14,2026-05-25,Monday,Excellent,Normal,Normal
2026-05-25 14:57:03.718141,device_011,camera,factory_floor_1,57.9,63.7,62.74,-53,360,False,14,2026-05-25,Monday,Excellent,Normal,Normal
2026-05-25 14:57:03.718141,device_012,camera,server_room,65.8,74.9,59.66,-50,360,False,14,2026-05-25,Monday,Excellent,Normal,Normal
2026-05-25 14:57:03.718141,device_013,sensor,factory_floor_2,6.0,32.9,45.32,-56,360,False,14,2026-05-25,Monday,Excellent,Normal,Normal
2026-05-25 14:57:03.718141,device_014,controller,server_room,23.0,40.7,54.18,-65,360,False,14,2026-05-25,Monday,Good,Normal,Normal
2026-05-25 14:57:03.718141,device_015,sensor,loading_bay,9.5,35.3,50.25,-67,360,False,14,2026-05-25,Monday,Good,Normal,Normal
2026-05-25 14:58:03.718141,device_001,gateway,warehouse_a,28.3,55.2,54.37,-50,300,False,14,2026-05-25,Monday,Excellent,Normal,Normal
2026-05-25 14:58:03.718141,device_002,camera,factory_floor_2,56.5,62.0,64.4,-64,300,False,14,2026-05-25,Monday,Good,Normal,Normal
2026-05-25 14:58:03.718141,device_003,sensor,warehouse_b,5.9,33.6,45.62,-62,300,False,14,2026-05-25,Monday,Good,Normal,Normal
2026-05-25 14:58:03.718141,device_004,camera,warehouse_b,61.5,66.6,63.64,-63,300,False,14,2026-05-25,Monday,Good,Normal,Normal
2026-05-25 14:58:03.718141,device_005,gateway,warehouse_a,21.9,54.3,52.82,-61,300,False,14,2026-05-25,Monday,Good,Normal,Normal
2026-05-25 14:58:03.718141,device_006,sensor,factory_floor_2,1.8,36.9,43.91,-63,300,False,14,2026-05-25,Monday,Good,Normal,Normal
2026-05-25 14:58:03.718141,device_007,sensor,warehouse_a,6.2,36.9,41.13,-60,300,False,14,2026-05-25,Monday,Excellent,Normal,Normal
2026-05-25 14:58:03.718141,device_008,gateway,loading_bay,34.0,57.6,51.15,-53,300,False,14,2026-05-25,Monday,Excellent,Normal,Normal
2026-05-25 14:58:03.718141,device_009,sensor,office_block,10.8,35.2,44.64,-54,300,False,14,2026-05-25,Monday,Excellent,Normal,Normal
2026-05-25 14:58:03.718141,device_010,camera,warehouse_a,60.4,71.4,59.61,-64,300,False,14,2026-05-25,Monday,Good,Normal,Normal
2026-05-25 14:58:03.718141,device_011,camera,factory_floor_1,74.1,73.2,59.55,-56,300,False,14,2026-05-25,Monday,Excellent,Normal,High
2026-05-25 14:58:03.718141,device_012,camera,server_room,63.4,76.1,61.33,-65,300,False,14,2026-05-25,Monday,Good,Normal,Normal
2026-05-25 14:58:03.718141,device_013,sensor,factory_floor_2,11.8,32.7,38.28,-54,300,False,14,2026-05-25,Monday,Excellent,Normal,Normal
2026-05-25 14:58:03.718141,device_014,controller,server_room,24.3,40.4,48.43,-67,300,False,14,2026-05-25,Monday,Good,Normal,Normal
2026-05-25 14:58:03.718141,device_015,sensor,loading_bay,3.9,39.0,44.11,-70,300,False,14,2026-05-25,Monday,Good,Normal,Normal
2026-05-25 14:59:03.718141,device_001,gateway,warehouse_a,28.1,58.3,59.43,-51,240,False,14,2026-05-25,Monday,Excellent,Normal,Normal
2026-05-25 14:59:03.718141,device_002,camera,factory_floor_2,63.8,66.1,58.55,-59,240,False,14,2026-05-25,Monday,Excellent,Normal,Normal
2026-05-25 14:59:03.718141,device_003,sensor,warehouse_b,9.7,41.7,40.53,-62,240,False,14,2026-05-25,Monday,Good,Normal,Normal
2026-05-25 14:59:03.718141,device_004,camera,warehouse_b,72.3,65.3,62.9,-51,240,False,14,2026-05-25,Monday,Excellent,Normal,High
2026-05-25 14:59:03.718141,device_005,gateway,warehouse_a,24.6,52.7,55.77,-48,240,False,14,2026-05-25,Monday,Excellent,Normal,Normal
2026-05-25 14:59:03.718141,device_006,sensor,factory_floor_2,13.6,35.2,43.42,-64,240,False,14,2026-05-25,Monday,Good,Normal,Normal
2026-05-25 14:59:03.718141,device_007,sensor,warehouse_a,4.5,35.8,41.72,-68,240,False,14,2026-05-25,Monday,Good,Normal,Normal
2026-05-25 14:59:03.718141,device_008,gateway,loading_bay,33.2,53.9,49.34,-57,240,False,14,2026-05-25,Monday,Excellent,Normal,Normal
2026-05-25 14:59:03.718141,device_009,sensor,office_block,38.2,31.4,63.99,-68,240,True,14,2026-05-25,Monday,Good,Normal,Normal
2026-05-25 14:59:03.718141,device_010,camera,warehouse_a,58.4,63.9,63.02,-60,240,False,14,2026-05-25,Monday,Excellent,Normal,Normal
2026-05-25 14:59:03.718141,device_011,camera,factory_floor_1,71.4,63.8,60.53,-65,240,False,14,2026-05-25,Monday,Good,Normal,High
2026-05-25 14:59:03.718141,device_012,camera,server_room,62.6,67.9,62.14,-58,240,False,14,2026-05-25,Monday,Excellent,Normal,Normal
2026-05-25 14:59:03.718141,device_013,sensor,factory_floor_2,8.1,34.2,44.22,-63,240,False,14,2026-05-25,Monday,Good,Normal,Normal
2026-05-25 14:59:03.718141,device_014,controller,server_room,13.3,50.7,47.1,-53,240,False,14,2026-05-25,Monday,Excellent,Normal,Normal
2026-05-25 14:59:03.718141,device_015,sensor,loading_bay,16.4,39.4,35.94,-65,240,False,14,2026-05-25,Monday,Good,Normal,Normal
2026-05-25 15:00:03.718141,device_001,gateway,warehouse_a,29.3,52.8,54.77,-56,180,False,15,2026-05-25,Monday,Excellent,Normal,Normal
2026-05-25 15:00:03.718141,device_002,camera,factory_floor_2,56.2,66.2,62.75,-51,180,False,15,2026-05-25,Monday,Excellent,Normal,Normal
2026-05-25 15:00:03.718141,device_003,sensor,warehouse_b,1.1,37.4,38.04,-58,180,False,15,2026-05-25,Monday,Excellent,Normal,Normal
2026-05-25 15:00:03.718141,device_004,camera,warehouse_b,65.7,72.7,63.35,-51,180,False,15,2026-05-25,Monday,Excellent,Normal,Normal
2026-05-25 15:00:03.718141,device_005,gateway,warehouse_a,25.9,53.0,51.79,-56,180,False,15,2026-05-25,Monday,Excellent,Normal,Normal
2026-05-25 15:00:03.718141,device_006,sensor,factory_floor_2,6.9,36.6,39.1,-61,180,False,15,2026-05-25,Monday,Good,Normal,Normal
2026-05-25 15:00:03.718141,device_007,sensor,warehouse_a,13.4,40.1,39.55,-56,180,False,15,2026-05-25,Monday,Excellent,Normal,Normal
2026-05-25 15:00:03.718141,device_008,gateway,loading_bay,28.6,48.2,52.72,-50,180,False,15,2026-05-25,Monday,Excellent,Normal,Normal
2026-05-25 15:00:03.718141,device_009,sensor,office_block,1.0,38.2,42.43,-56,180,False,15,2026-05-25,Monday,Excellent,Normal,Normal
2026-05-25 15:00:03.718141,device_010,camera,warehouse_a,61.6,72.9,66.01,-63,180,False,15,2026-05-25,Monday,Good,Normal,Normal
2026-05-25 15:00:03.718141,device_011,camera,factory_floor_1,60.5,79.9,61.09,-54,180,False,15,2026-05-25,Monday,Excellent,Normal,Normal
2026-05-25 15:00:03.718141,device_012,camera,server_room,58.8,68.7,62.58,-51,180,False,15,2026-05-25,Monday,Excellent,Normal,Normal
2026-05-25 15:00:03.718141,device_013,sensor,factory_floor_2,11.5,33.5,45.8,-55,180,False,15,2026-05-25,Monday,Excellent,Normal,Normal
2026-05-25 15:00:03.718141,device_014,controller,server_room,23.6,45.3,54.66,-61,180,False,15,2026-05-25,Monday,Good,Normal,Normal
2026-05-25 15:00:03.718141,device_015,sensor,loading_bay,11.9,35.1,40.23,-62,180,False,15,2026-05-25,Monday,Good,Normal,Normal
2026-05-25 15:01:03.718141,device_001,gateway,warehouse_a,27.1,59.8,54.39,-50,120,False,15,2026-05-25,Monday,Excellent,Normal,Normal
2026-05-25 15:01:03.718141,device_002,camera,factory_floor_2,64.5,76.1,65.6,-56,120,False,15,2026-05-25,Monday,Excellent,Normal,Normal
2026-05-25 15:01:03.718141,device_003,sensor,warehouse_b,12.2,32.6,40.45,-60,120,False,15,2026-05-25,Monday,Excellent,Normal,Normal
2026-05-25 15:01:03.718141,device_004,camera,warehouse_b,60.9,65.2,63.85,-52,120,False,15,2026-05-25,Monday,Excellent,Normal,Normal
2026-05-25 15:01:03.718141,device_005,gateway,warehouse_a,31.4,58.3,48.76,-55,120,False,15,2026-05-25,Monday,Excellent,Normal,Normal
2026-05-25 15:01:03.718141,device_006,sensor,factory_floor_2,8.1,39.6,46.0,-62,120,False,15,2026-05-25,Monday,Good,Normal,Normal
2026-05-25 15:01:03.718141,device_007,sensor,warehouse_a,15.2,35.6,46.38,-63,120,False,15,2026-05-25,Monday,Good,Normal,Normal
2026-05-25 15:01:03.718141,device_008,gateway,loading_bay,22.2,46.7,48.84,-62,120,False,15,2026-05-25,Monday,Good,Normal,Normal
2026-05-25 15:01:03.718141,device_009,sensor,office_block,2.6,32.8,42.21,-57,120,False,15,2026-05-25,Monday,Excellent,Normal,Normal
2026-05-25 15:01:03.718141,device_010,camera,warehouse_a,64.1,68.8,62.48,-61,120,False,15,2026-05-25,Monday,Good,Normal,Normal
2026-05-25 15:01:03.718141,device_011,camera,factory_floor_1,59.4,66.4,60.84,-63,120,False,15,2026-05-25,Monday,Good,Normal,Normal
2026-05-25 15:01:03.718141,device_012,camera,server_room,63.6,68.9,65.03,-56,120,False,15,2026-05-25,Monday,Excellent,Normal,Normal
2026-05-25 15:01:03.718141,device_013,sensor,factory_floor_2,16.9,32.7,46.29,-70,120,False,15,2026-05-25,Monday,Good,Normal,Normal
2026-05-25 15:01:03.718141,device_014,controller,server_room,12.4,49.6,47.84,-68,120,False,15,2026-05-25,Monday,Good,Normal,Normal
2026-05-25 15:01:03.718141,device_015,sensor,loading_bay,5.5,39.8,44.72,-68,120,False,15,2026-05-25,Monday,Good,Normal,Normal
2026-05-25 15:02:03.718141,device_001,gateway,warehouse_a,24.1,57.9,49.97,-53,60,False,15,2026-05-25,Monday,Excellent,Normal,Normal
2026-05-25 15:02:03.718141,device_002,camera,factory_floor_2,65.8,68.6,58.94,-64,60,False,15,2026-05-25,Monday,Good,Normal,Normal
2026-05-25 15:02:03.718141,device_003,sensor,warehouse_b,7.6,38.1,37.31,-54,60,False,15,2026-05-25,Monday,Excellent,Normal,Normal
2026-05-25 15:02:03.718141,device_004,camera,warehouse_b,62.6,69.9,52.65,-60,60,False,15,2026-05-25,Monday,Excellent,Normal,Normal
2026-05-25 15:02:03.718141,device_005,gateway,warehouse_a,24.3,52.7,57.07,-51,60,False,15,2026-05-25,Monday,Excellent,Normal,Normal
2026-05-25 15:02:03.718141,device_006,sensor,factory_floor_2,2.5,32.4,43.52,-63,60,False,15,2026-05-25,Monday,Good,Normal,Normal
2026-05-25 15:02:03.718141,device_007,sensor,warehouse_a,4.1,30.8,43.53,-65,60,False,15,2026-05-25,Monday,Good,Normal,Normal
2026-05-25 15:02:03.718141,device_008,gateway,loading_bay,20.7,57.3,57.18,-53,60,False,15,2026-05-25,Monday,Excellent,Normal,Normal
2026-05-25 15:02:03.718141,device_009,sensor,office_block,6.7,37.0,41.99,-63,60,False,15,2026-05-25,Monday,Good,Normal,Normal
2026-05-25 15:02:03.718141,device_010,camera,warehouse_a,69.9,71.5,58.73,-65,60,False,15,2026-05-25,Monday,Good,Normal,Normal
2026-05-25 15:02:03.718141,device_011,camera,factory_floor_1,62.5,70.6,60.43,-50,60,False,15,2026-05-25,Monday,Excellent,Normal,Normal
2026-05-25 15:02:03.718141,device_012,camera,server_room,65.0,71.9,63.21,-54,60,False,15,2026-05-25,Monday,Excellent,Normal,Normal
2026-05-25 15:02:03.718141,device_013,sensor,factory_floor_2,1.0,33.5,37.93,-69,60,False,15,2026-05-25,Monday,Good,Normal,Normal
2026-05-25 15:02:03.718141,device_014,controller,server_room,27.1,44.2,45.45,-59,60,False,15,2026-05-25,Monday,Excellent,Normal,Normal
2026-05-25 15:02:03.718141,device_015,sensor,loading_bay,5.3,35.7,40.34,-63,60,False,15,2026-05-25,Monday,Good,Normal,Normal
